2357136044
2546248239
3071714933
3626093760
2588848963
3684848379
2340255427
3638918503
1819583497
2678185683
2774094101
1650906866
1879422756
1277901399
3830135878
243580376
4138900056
1171049868
1646868794
2051556033
3400433126
3488238119
2271586391
2061486254
2439732824
1686997841
3975407269
3590930969
305097549
1449105480
374217481
2783877012
86837363
1581585360
3576074995
4110950085
3342157822
602801999
3736673711
3736996288
4203133778
2034131043
3432359896
3439885489
1982038771
2235433757
3352347283
2915765395
507984782
3095093671
2748439840
2499755969
615697673
2308000441
4057322111
3258229280
2241321503
454869706
1780959476
2034098327
1136257699
800291326
3325308363
3165039474
1959150775
930076700
2441405218
580757632
80701568
1392175012
2652724277
642848645
2628931110
954863080
2649711348
1659957521
4053367119
3876630916
2928395881
1932520490
1544074682
2633087519
1877037944
3875557633
2996303169
426405863
258666409
4165298233
2863741219
2805215078
2880367735
734051083
903586222
1538251858
553734235
3224172416
1354754446
2610612835
1562125877
1396067212
2448976505
165035946
1883779156
2724186315
4245033284
4118655750
438279108
2803713071
897118847
2727557108
692819075
4274779084
2805078884
2499028148
1087879144
1779699534
2002789519
2038810260
1049799907
2677955514
682769175
1451731663
474057613
2898039157
2818914133
1362371120
593491249
3342968389
844314793
4078376611
1583662528
2845531231
3526139077
58289758
417046784
2675103601
3598945970
2893346084
412739490
4174471984
4193861469
3771812227
2012841570
2188820010
4195156941
239292784
2597791719
1937714069
3175112905
85846399
168310272
1897133962
1214646642
4207292971
516240314
1543802239
1271912471
2065422011
509931650
2957777273
1365727330
3781615166
1779245987
3943791326
275511419
931243971
2974145106
2427467694
2433534691
3715587220
1139839185
2186005042
2247333275
3937295118
403471401
3956341818
2473671361
356965412
3991296778
1192792150
1368243243
40186728
2866505739
3617831682
566067507
2779591760
3076601888
3613725878
1242989696
1137007398
786800915
1708627118
2519053866
2374350195
86361272
708413884
3560270312
1588313677
20166942
628962584
2911199869
2446492418
1159675395
3022528606
3157634274
1238996843
4132568333
1860958064
1068386600
3247453512
2474576915
1701229151
2542800712
3848455578
2457803202
2744145144
958128308
3829197123
4092025836
2920816445
1920388878
1929289568
3635297540
4202930115
3004240621
499083403
1277481980
3294341718
3495235021
1768754041
1702979181
2900988747
3784309432
1072866832
2496547992
1345262493
3787024533
4146431086
2974400537
2527438288
3114943420
2833254265
2153171830
2290103413
4106347965
990131795
2765916833
1695950696
1820443552
2657762532
2604439035
2039540475
82434169
2019202374
1295253973
3075516703
2835423757
1236911943
1245873848
1646957720
2654356047
3217659945
1841547538
3772923432
581856694
441794767
1281112843
396742822
2447980655
1520618845
2537779193
2370032769
2466708191
144418678
2805476140
4161659096
2800762237
1378672664
1852928067
950315986
3850638319
606723843
1578666218
417728204
1872025574
4226429219
3830781654
1118155774
3462576829
2306494149
3023178455
1923828267
430471200
427645963
3949147752
1513167060
3067643018
2015409846
4290015211
3612669349
641875581
3885432476
3728573039
161316328
697901826
2183198235
2643808211
716604633
531802775
3345998645
3642167603
3714860206
3467408532
1766935477
2444269085
601177667
1748838947
142689063
297069961
4220127305
2995433769
1603271575
1947950979
1804209966
3101205210
217274290
3721083756
1569793795
4189832991
71416585
3675647370
991030811
50311597
3285270727
1546093991
4054979645
3135285589
3221222241
737143852
1457728290
2237835170
2102596696
233379873
1455929989
858978536
770904831
79550500
734381824
3408905675
1990506786
961749189
3756262270
1483274165
4054963454
3986078800
2612426174
3025436808
2562615485
136747137
3365726417
707356016
2147596579
2669229432
216337755
2479177896
3002603380
1021741860
4262310064
4012418585
1147883843
2636963687
2916671996
2300525347
3712060530
2533644062
3224851485
3135850225
4142452001
1339793554
2380453137
1710346461
912210260
901272061
955386370
799692869
939521381
4056048524
2446299692
3176346485
1941793533
2106504514
4167134831
976738395
2922917205
1092452775
366341671
249233355
242314902
1865805214
2095246993
1339153094
3783885767
2990772498
4193624924
1622431787
2652820563
771391921
2330014505
105994333
3670537390
288834965
3194745033
2917969753
2055555570
1948613088
2908043227
2304590153
2607238684
3851173867
3069599953
4253473385
2016475066
931565440
1958567894
2847899199
3893036048
1130961002
589357220
88695390
984489496
3257211508
3786380479
1374463171
3884475699
1646964872
2773623736
2526802779
1394502749
3569325947
2232142574
2701456471
237728
3748006035
1339429448
1174854087
1827300439
3427585037
3802496314
797300305
2920060024
4092209012
1959062455
2952739648
2076224203
925598428
3387610020
4068925721
985445152
3139001770
3780849422
1090671062
1347298588
916167956
4112220114
2225655108
2026157590
110220515
3056229242
891077203
660112007
1824010184
3137225277
1607047821
2775684613
1991041280
922905736
1192406223
800831951
2520219573
3468530827
3710231556
3208681895
504795484
2898447277
2222126362
1189249610
567228212
751227886
3078888881
3025693915
1701063475
1989214947
2428466025
3609613074
787180917
879891746
622116403
708492958
2096185781
536153914
1527345067
3101312823
4039124476
130794492
3287046930
3208315821
3215485783
397697473
3881446726
933942762
358296629
3218023216
2371648606
3142600763
2510305616
195913370
4131485308
898322595
1254764090
1232290737
1034351722
2908823753
430759212
270747405
70564729
2386495302
3992298022
39685799
2877269640
3577871373
3372206072
4227662727
1210021584
3021487096
2518612502
780100088
274685775
2200713177
2085754632
2493001443
4198309638
3382467793
3764561351
2604792276
1452381657
938033090
4129912380
1954935184
995150904
3774716786
4077293293
2114275991
4043186456
3073311748
3432548964
2088039404
2707753265
3043191127
3755038238
2139495990
1258512537
3627314964
3646184801
834693477
2653760185
3321409943
56851867
4184409117
1491356577
3703592307
636260149
3351906935
4216925107
4230681430
2054584822
3236556807
2136279657
17386481
2746513545
1157405366
1583058816
1763050323
587982200
1839207332
3530968785
1279220884
815390581
1722850288
2196098307
518217854
963434282
4212073025
420238868
1744274212
3703084356
2444741584
4178657392
1475774383
4126753418
3388182765
3893626216
1766831070
3324507995
1543058987
1430847551
1715834783
348327828
1296353734
1749087497
3329543612
997438043
3978054255
569030051
1397197139
229467980
4092548370
3116404081
59907914
49080546
2291217633
3309619115
1308169859
631131020
3791854820
341544762
1076416385
384842097
2909461632
2886423335
3480744984
1053844154
1856061732
1806203235
3230393157
2393880710
3563114499
3696039138
1627937657
3122631336
414677436
1161049505
1100111132
564714308
2542342170
237830880
2046454008
1295356269
2095663027
1125788873
1969305013
1959108805
2253108129
2934670983
1898441341
2987688542
3662039112
1217704182
1861606228
1631773831
3551381187
778037461
2187607515
3386777196
370986307
244160614
2834849620
2993580359
887317075
3344471263
3639019776
3338940037
2926415195
1114211435
766081950
1605515209
300042195
2523721223
41610389
1171761125
3831324124
1592800648
573228715
846341678
3346604032
1975065960
3973546675
191608358
3071669337
3435097162
2108049907
330525410
2016479867
2228379991
3791207520
1317739347
2097705242
2480528078
1780553760
4120734835
747805126
2772703073
2041352620
151880507
3365742393
1848564402
2389846189
2190505705
686623876
2302864825
617742429
2926558555
2789422481
1192266147
2315947714
553451924
1398805421
1686529209
631419855
4107731319
686636708
803721065
555821758
3882581508
2486452721
2335628786
396254413
1962419614
3910759789
3788339031
356360930
1969688995
3437599305
3110276314
3767248823
1713800730
401405302
3882841110
1830969804
2963634895
2032467298
3004853850
2491927603
1407548390
3076245294
3250339536
116260413
2731861436
3141327663
1030879226
3294083176
689508992
41946506
3420475339
1324078989
4119589191
1000149598
1967691270
2162204333
2538257653
4096202142
3683890703
2395781289
1963759782
418624821
4088269739
2670088786
2472832391
3706653916
3525167937
677025449
3903454018
4262452338
3502648156
365076814
684679909
405693659
2701098230
2721325156
1711262111
4077201629
269350066
4023295484
1821204654
1921475165
1111039602
3125431969
3646591756
3187887840
143042281
1318495056
4118799426
514414024
1526297587
1906444413
1532044426
1682657904
70130394
2284274843
795566776
3630783608
1723396417
2303281600
3991276229
2921738072
427842850
2616397775
4060039171
422959804
3734424814
395255461
1950612651
240371411
1403169624
371654214
999628436
1018651526
2639105820
3605680755
142054278
2243564354
67027548
2203639772
1841663590
2791007077
292375931
2339000005
1082078317
139437385
949878884
2491732662
1087447885
3311802261
562877947
1615880863
51695185
2108935203
496001261
4216110323
2656352506
1050769800
4184398590
1607705881
4253499413
196106669
1756873957
1331730390
699883920
3571348633
2743460846
3466136695
2105845413
2748882815
4249482625
1580987781
280479430
1343265164
3363966298
3443860042
1238662139
302568374
1036885070
2935923518
2845435464
1635219655
1056833325
2722712709
2859843119
3980915387
2221823146
3667644867
1821448330
2137510642
2382366009
1837534683
1232876889
3532865923
3034715261
3170659022
1781796690
1920468165
1548531386
4161406852
3559054353
1559765701
3972702655
1707393374
197599896
3172617859
999125317
1928798632
1496879268
4025605690
3500254385
1104809399
4232653464
1639645857
4161701778
2994200417
3886723534
3852886769
1273699463
519948213
4260655851
1037430830
1071250928
980384756
454863487
2102426529
4084310353
3829060765
1002532364
1538059894
2962532142
1654582134
250638624
3937312546
3138371699
488838743
3786959484
2710663577
1170107566
570436082
1628036971
1607368244
1607589865
1393308270
3216021056
2921073996
1021374326
3416795721
738103442
2164378372
1929692935
1272351363
1307681840
3805178956
3604289829
1511272564
1021093357
3171362352
2157746285
2385258450
4048365747
865511985
2722999367
2355871578
3724979633
2231848942
4038169885
1498010115
3224510538
105741908
3004652010
639216961
4157380471
566300180
4270918864
3040482346
1940559346
3045441564
304383386
2627439447
1257540788
2885818672
654358466
1922066022
1793090313
2989628674
563883380
1624898412
2594666217
429634393
1644148092
4124271477
3845653092
311103578
4156646468
82895465
2348852746
4207235084
1180358248
637708513
2543610277
1111117991
3851559840
925689210
1746906401
2490704794
2371158115
4190821593
1166739762
1172564312
1956117714
4166440724
1725346526
109510300
1066927688
3814118674
2172679577
3043451800
1333075495
1193028842
1602172539
3843408156
2254730904
113913490
3223781059
2687088812
1432403667
1415375149
3969231670
4153753600
3703629962
724030147
209123206
3871839963
1089386339
1417062841
1916137414
3819228051
449373346
2200963122
1496692978
2193134438
3178694676
1661409963
2922787446
2276714624
2673120740
4057487725
3051696233
3834814146
880140513
2908184204
1467582223
2744601718
2904439329
2355194007
3776284556
1171165061
2335079462
636808961
1214185738
3677793286
129859453
2727548166
3050873446
1286959014
33861963
1976628594
1600644437
105344382
2278639986
2396871346
3960438579
1551133954
384376140
2159121053
1743509001
659825267
104424392
1827541381
1471502964
3891978421
2672462059
36556993
1198587691
4161239631
900869182
2967365964
496941615
426990156
2478798485
1244577912
2986161938
2315303257
2886033933
3110191326
4075327068
1670172908
11610217
975318229
2779688454
1953608292
2578665008
4175062568
2528617370
3581222046
4135067013
3928995983
72463295
2865966565
2991369253
1892646459
3494723185
2942447711
2189605216
2785708528
1434368208
124983584
3396632638
3949357450
417655180
2329835101
1898528576
4256920989
2233178458
1645414375
2980520086
3464618387
390351237
1980009252
978219603
3551182975
1762231780
2315495173
2677030236
3810773452
3809467546
3780030193
2657838163
1410051980
573212646
1736991879
4211559604
2339242576
3744291229
2670150656
2159169239
1629321935
3961454410
2328428284
2325212803
519344701
3965569347
2923572368
3564382064
1233167817
4158758484
184582260
3950437093
498638591
154764088
457110846
750640056
1359305264
1671320721
1058858869
4089421753
2417135113
1288614380
3892761790
689203279
2491540198
3806649550
2568118689
1917249412
1022389136
3899295972
2494891847
688184638
626507543
2839478107
1441524078
1890918407
2686622205
328508182
1551796066
2991286430
3912689398
1062569552
3773097115
170147375
1864684015
257458802
2223127051
262330327
2038683470
3898683367
791831326
3177777242
1867282722
3857148470
805529425
2888719011
3071794247
2271779693
2246295355
1307587184
1376817573
4286215236
13312437
1555590157
2565396581
2021421843
2787770219
1624550664
22289248
4207036113
4167070917
750152060
2851283044
1408697729
1259045629
2922075293
860558213
271474640
3975860454
2608116216
1328224168
2051476118
1731808286
1219770623
2718980627
1023977220
3825324692
2209815402
1858030154
1580236923
3986668995
1960738006
2542967100
1449454309
1854502138
4168238685
2545971881
573117992
1522591932
415769809
2821878451
1474856232
2801645627
2538441194
3529254366
2831141405
1729870049
1706204766
161340654
4291866277
4228960638
1511368920
1924758800
3098418019
4027112615
2738396829
2886394364
3492039745
1145454359
4192857288
2422637952
3821634647
4109995813
3283768687
487418303
2998954394
1169216217
1440953689
352435334
634304728
3286812151
269019599
93152357
1038959913
589490065
1856634832
1119391600
2241956907
3741271150
3320368581
770560374
4117760915
1860917999
503887638
1396370797
459579275
2505701899
2532719521
4022099847
3201460343
4040626458
3642778160
225520839
4019368175
2560707254
4223783520
3830255972
1717135186
3354073687
1633527189
908531198
634833410
3285626120
2941771018
812017925
2820771110
3860143014
3702530660
38359489
417719925
387547707
2137935524
2659369861
2495727877
1642567718
1037479587
414734424
725958577
4230256335
3691871572
3850787186
251405577
1164423159
2021301380
2032335793
497503256
2060527198
1963052418
2183520083
4208906115
4154347085
1819804939
429318541
3681323492
170297425
503866522
2077503430
1165018799
1968207458
1734276629
1010446228
1717180074
252845946
2883570105
531907729
1480553061
3679735769
3065605364
1716558293
2745286839
1638088292
1714384068
94376047
1854395618
1609550603
2639376354
2841581665
300828910
2685893011
3532210032
3925562379
2806422497
2885334553
3119617121
1391924575
2306066733
1358154502
474495577
3579064152
1739614701
3332049446
1741066291
1207542800
1378869143
3066293978
128635651
2411956058
3166482862
1716526714
471520669
2280026882
2604073605
366073209
3020296135
2859064079
2726386510
127280547
4119484596
3819459943
443662198
2929678599
3724454579
3828165990
125371129
5186483
2297450397
4025324215
1736213105
4115898763
2251352515
3420165837
1568092026
4260924727
818478680
1525680635
82132220
3643593208
2225436484
3310021749
3619699059
3094642134
1602950329
2720495965
957192806
1320170379
345882318
2307595858
366407641
1179290860
950890499
37322917
429557127
107136797
1138336846
619704075
284109769
2206581259
281770768
956308540
3677678203
1586946151
696301247
236683963
2403817601
3913562002
3321966261
3800839452
1960264128
3853775701
658714328
1426749001
857258888
3061997522
1859653003
1833707996
2268748149
1295759283
1500834641
302412215
3356429327
1811808387
3225613418
1667819992
3982344405
688885020
124350266
1504128725
3846964814
410684271
1686070081
3741356876
3772581131
2867291417
2966898023
827717387
4240630618
3943174893
3261093282
2489710465
1565707262
1958068880
2152049921
2758879760
1616579105
1091030049
1567284396
2366866918
1120576296
566520136
2130176205
861209706
2928050771
2207847154
1191167392
418730903
2252194116
3658683807
504144534
1698847808
686530277
1001061663
201031759
2514411603
4169259791
3207637811
16580089
2615586188
766995117
2486834186
2632242676
730572393
349479760
2947902534
3787716629
4195331806
3090745027
2613888336
4150613312
1410376833
2180278066
3447536480
1290223979
3592156155
2360086994
1783613778
3997835961
1785023894
2236653327
4022739855
1147645468
3101756743
3768399131
141310168
1597378873
1829423930
5941464
403273676
1063799053
4202829714
1366802510
2470518734
3688421140
2764576327
1969256119
1565355308
1909487851
2867813621
1443548251
2456049708
3782483727
3327240189
4058859095
3865909195
4260136525
1736483326
1618091421
3845477983
4149571694
279527122
3401096836
2944102940
2902062785
992438321
1051792305
2314422615
929676857
3320159952
713169961
3206555098
3963209456
3098518722
1263049647
2074003729
1946024980
833321638
2121532736
882900614
3342221548
2299818646
3625961551
1880397898
597312674
4187549352
1833540262
1292028918
3620034197
339173154
3513426293
3121917088
439863722
4189414783
671661356
3359048291
1306523433
1061051129
323664743
157028251
1823913723
1747716400
462214527
3769910922
2440475972
1855399185
1058953987
1220140645
2561660510
4017091031
504768797
3316855398
4191389307
2624167070
4005319883
11497922
1682755037
4000783676
1040149127
2894109363
1075452148
964078153
2076159447
106313664
171767792
32076177
2747512488
3983163635
1753647637
2977068638
1620948890
3028585615
3476196080
2560079633
3045284106
2307409553
4098832515
1956695015
1511554633
2577810205
3854916803
2809260487
3306983888
1602193634
1535127172
2870043069
2670032730
1962304612
1239398534
365359136
3755519057
1001473655
482871670
349488885
912398629
1383053943
786122011
2625631283
1730983502
1578942395
3200751190
3119122015
2263050248
2912243000
2094553885
621443740
2344927
721737122
1827086522
276748159
272961406
1135300561
894440924
1496180847
4004601488
379023304
925128251
2586554615
3686532076
3068220423
3448400780
675263776
683527892
1469469419
2601513035
3123514589
496763944
2848928768
3126255828
3669877869
2737879644
2382003405
3487249573
110623151
2058940989
246190183
3929307058
343859780
211952110
2221087692
1257946809
3243156343
3071127525
138612720
1795765380
1961458281
742820388
3542479184
460466642
2871640229
3510444766
2344698229
2032133614
2528927011
3789379504
3850352256
3149452849
2469940409
1759760649
1811699762
1604217569
3019154608
2214649841
1534194188
3818483398
4178624124
3166587379
3746510756
22131811
672821606
2981385252
2938297630
3949254258
146332819
3051384230
3801936300
760234019
3628618510
2076694557
2190983091
602652732
548418552
1541872977
2669206339
4024887069
1027944603
3965566083
2709570593
1214775029
2979615155
1458704246
456361371
2577894628
2048467000
4136900885
2515104423
634801898
1089314122
1103448605
863332593
3751898013
2739569597
2112661050
3267368728
3861008498
1542368528
796793280
3044691812
2287794146
2522757755
1401317389
3477177089
1359539963
876482818
1919321922
3420498067
1860053492
1144213242
1534793164
1281035934
3929769511
4201217493
3142817357
197626801
3124790554
814985587
1245168780
2237140209
2481243072
1614883073
3346550180
1039810314
3417034602
2940131616
1479747070
2874350876
3310873274
4139236034
3160640220
3773559873
607765709
4283955539
3719207471
1558592081
1895461284
194280647
2089116981
1397139142
1925730953
2134232591
2438880018
739574941
2667901621
365398972
2139664938
1944455634
3722828418
4005767965
2696100241
3277768739
1724119928
1337822483
1789677456
3816574487
3482525324
2994770275
1495473005
1990047416
908191426
1136532244
255048835
2471899217
3762506668
837093414
3945126954
3183565770
515912229
4024074602
1436553768
2831533935
753217307
3113825924
497780147
706472342
3864898213
3213597475
244285982
2136131335
4211153880
375305816
414253295
1659778959
3708578186
3132955795
2433125197
2483394535
1580193592
1315903461
1470349287
4246644626
3252854215
2465447996
1351082008
4058525856
2823163244
2404212007
2221898612
2425224296
2082911614
219775343
3870462068
447014884
2382182378
2638991376
3551343540
3142342874
3116314600
1048111312
165602094
4140244192
3320482398
3183593300
931450647
1022250639
3878998188
2767764051
184358007
1459242551
1430533474
3124506011
428349741
2510805986
2042639697
3249802967
3521969563
1080028749
1280704944
4004177879
648260446
4264908165
1418486137
706662631
3495588577
2202911601
602944482
3708602140
976514292
1493351489
295716932
1042119381
3031001544
3139901180
1697513842
4198407073
1335047542
2163580387
3086476848
1685476451
1443012569
1683338821
3125753793
3412379235
3501254727
3032508929
934854785
1369739463
4182519449
4185826404
697322061
3829309036
1249152178
3010463131
772214880
1893123627
1483935507
890329442
2061845805
2856001636
2242728272
3237933168
3666210026
2594493305
3820149675
2128657859
945338888
506984659
2675309486
3370392128
478871924
2111369108
1971260512
3668395490
1384412011
579041669
1359360341
4145027352
2072683522
2109692413
3134585853
310742471
297137260
1203079371
3776020723
3876552476
3156001142
1434596191
758059073
4166453712
4033665394
1907486930
2174594446
1576451605
4294145135
3392034671
847222981
2006262561
2297413226
324555906
1246605851
3559844584
1306415479
3395009683
2538606479
2211877703
3958753260
41589533
3458581923
585648865
3109304624
3057976241
2401633104
2537713848
3961241919
3006668248
2114676154
1550201733
3753080627
2703152378
3581923901
1867566186
918415827
1777261841
3312388141
1782551520
52274750
137677846
1386542305
261971558
985984649
3647798021
2176959820
2987259453
3164760234
989610743
419516816
507350331
2211574033
174849220
4030448956
2060326553
982029454
2525299565
2908299069
3856691381
2546401361
3952537117
43223238
1573007388
2043657930
3997924997
3044145636
2344104420
188873044
2465705911
3777516018
767234226
2233732694
497621173
131688202
1049587243
963849147
533816734
4096005947
959030414
2501044211
2318480816
461591160
3729126781
1234994232
3414446529
1961527144
138968967
89979845
3000281231
1767875191
200969193
2102208820
4286486816
1046588503
3367745486
2528185250
993777181
3235141683
2105007577
1012900277
3195890436
2665026752
3606941563
2747156634
982934996
4073949573
575306106
3342670680
3998943505
3643615172
2880899384
2106337440
3763614961
796066129
998078024
4276994121
552747748
555578783
1504635230
2024893769
1085337964
292457648
312476387
4053808544
2768016654
4144321085
1078947159
3089752480
1933699384
1503207836
1238241451
1092564065
3956490418
1139469102
1933633644
546723656
3778955685
2258332280
189048834
609100561
2301251727
1360347843
1944462677
2691683824
1400664818
3124776029
1289303909
104250488
1145846422
1847334098
856972807
2800853815
2115840177
3664663578
1482355448
2041504388
1419918445
4162707545
284357658
1140883132
59549939
58019439
3915535955
2077702734
1777078930
1100000377
2907884128
3537840475
1943038756
999751014
861732244
1334142335
3992065516
3398295939
526829202
3071516877
2067490867
2396811825
393969183
3027728865
984733330
1798031628
2943834735
22806491
2260924647
48769890
2362466119
2195680862
3574438701
357732048
261040193
219367512
3886201104
4146862381
2797001087
3689388251
2752676005
652951986
129743256
2852784
3908732108
4044432388
120181744
1195398067
796492974
798424104
3847909262
2970004721
544291210
467738011
1709346126
1136661350
3264386445
4187999748
2417840854
2746471695
3137379357
2236294094
828267690
1709047449
1769751755
3326456287
2140560603
605407766
1046355054
4154684203
4286023124
3698495159
2882419453
2652816514
3795803801
184280701
1687779448
3010152064
3972156767
3922526392
1080728686
2253041350
678106066
1521384022
3379538110
516587263
4179074606
3242275579
266441817
3801139917
429508236
430577982
1365360933
3259813843
2258942111
73274231
3024822172
4153469243
4104058360
2641654099
506031912
2372707688
1530361209
1271094873
1143681007
3991277341
3467836188
1142055988
702479658
3556862602
3765997268
4231009553
3323060864
3364662951
3795972134
2229044706
4162543809
283786800
2462922966
2029001773
1968866426
1882294961
2083190294
871002343
3846198782
1819295068
896288065
1536558421
1612117826
703018528
2753644978
1895687494
3075336806
1128717219
242116597
2242240996
4201138327
151011315
1423575162
3892234322
885036134
3506258009
1319297774
2373318735
4229565553
3658490011
2871517013
4133455361
1053460745
474689651
863700817
2709401995
321672256
4286351607
1559992131
4242951673
3537992893
2591252534
1182942500
549845460
1582656638
2504794131
3270345711
8867525
2989069012
854317693
1771388606
4106517700
705746089
1419231440
3838724752
2741864633
2469871237
1206282336
1102809366
4070864003
1017005448
3129135934
1925801820
1415840937
1731503946
3400589414
295839324
464567391
4050765932
1684997003
3379942306
950124635
2132657969
2936582727
1404036519
440003430
779434871
1705212986
714208261
1188201545
1032898392
2174726284
947161832
1502799073
3048140603
3034010318
3305551853
105557519
1561142276
2722953110
684590772
990296130
2769112903
1154096493
1429498184
3437071621
4003979815
4104134991
3387273039
1359572777
4242389977
3551101590
3811195353
446637273
22827923
2722930494
259138333
3225659145
3857706379
669920125
510810211
1829666330
2558012263
3834148095
1523945170
444866120
145047807
77723265
355950435
2536544882
3289225457
1870593710
3618088247
3430344202
1560035018
3966211352
1059879423
1284855135
2119955499
1668183003
654050957
2088522702
2649739319
2526091269
3176161687
4225620010
3023509095
2995010609
4003251557
1673098086
2584340043
1132873589
2556353464
4057136555
3165327512
582176081
3117217301
3093518302
1199033490
3974541375
3424179545
2854716957
3884539173
1817004977
3347535016
854659569
3648072042
1578294495
3645231207
3035991307
1063510328
2789728245
3552157119
3985627278
3088000288
3723139265
1388844153
3505340789
2897740609
3914651684
2891331322
1186859033
3446091724
1587091528
260146
1631631884
2779745176
2407116947
2890036931
2869975434
2479970823
1231438772
3338812508
83590670
616450504
1714647086
1294111971
1325117475
3246426321
4046652567
1472833597
3815069301
2592654517
3695006220
2668860845
2804612615
1282535930
1478710703
1979590766
2357289639
2941189982
3501364883
3322840298
423528301
2779780018
3440590401
1656736683
176865874
135611854
3506501627
3869799513
3468460133
40266104
219074744
439761480
2693634738
3364136994
2158019546
261530123
729369196
3804466315
637282664
3857357220
3321122686
240438449
2438221772
4084324305
4221949151
2209599434
4218722096
2970186
4263472267
2247834205
509449762
1634644682
4029779404
4232088305
1050418471
1119218032
1968006666
1917903618
3253036409
406721519
874545227
3765176238
2432289843
161208820
798076841
3312455674
449838171
1195413123
500615440
597572927
1536047936
3012665101
19992358
2682196228
1824733699
152822675
2852704849
1667173520
1725237630
2386623303
368485016
1530897675
269246614
2713210428
1194501339
1986777730
727192456
2775962696
4145051353
2617940262
649528884
863076065
3459434840
1451015487
2517314453
1302460932
2445068703
4210828019
2199369931
1047558821
4173690631
989154966
1562701436
246834474
3384072379
4073532127
2384970038
2044417993
1699233651
4247860659
4103694930
3219943191
2569747539
147085081
510744377
3416841413
1793317209
3902980397
3356867951
3159979608
2979620787
1142162747
3935651756
624641178
1114017400
833473141
3256417195
4264415865
1975148960
2147575582
2463635086
4280110407
4101894240
2828682941
4206002689
3996159478
3700505007
2763464060
1542310253
1059040374
3812646059
1353009626
2742805519
3878264644
1846822090
3960363093
153513639
2739503210
3307675115
420460126
2156527062
1120604416
3376653905
764202170
3212733452
2663109851
3408345899
663098294
1291286909
1893425583
3439403798
2372713247
2357277044
978697250
2032920546
975630122
2899643716
1146523514
91734846
3852832548
439447379
2425055404
1254892241
540354800
4221910383
880517318
600203526
4023717296
1419900297
1602477596
219271245
1504900792
1422789001
2018607573
1375790914
1692908041
4066505838
1452907512
3629909156
1574019356
1643959796
3721411648
106382282
2983834492
3569251469
76315883
2836981250
4115204517
654400455
3537214551
4278093534
3955920849
430499331
1033781359
3724228578
2956925776
1263863539
4195160658
1869828914
545834941
3416459754
3207001042
2909876252
1041663779
4028096821
2190520090
2667777393
1084364135
420091434
2787569454
3798298821
2953173532
3303497855
183034027
3057460307
2358956094
230783818
2762517706
1701763721
2449949915
719131363
1175436107
3530050400
948433062
3008747551
659631859
3792789398
3263630718
4151408475
3404699449
3327515669
2363682529
4270198589
2286321132
2640416553
1550940531
159470443
325773667
61209769
4226377978
1469324951
3735969021
3536784104
882612020
3720020247
1824728186
4126658376
2802527785
279694573
2373595964
191431471
1078896271
3922523172
1391794113
1310165598
3385141221
2396537642
697720574
4219568640
350388179
1719913350
2204111581
2859895875
950604063
1721764637
997791760
3299370947
2258794778
2266517501
2141185286
1020154089
3985550821
1165250827
2162298193
1108355895
843420541
2286298411
116300099
3020173844
361542107
4077126143
1803274871
2981082588
2221019406
3355197710
2776655952
725532131
2023817663
1606586741
2826944230
1777172523
3079323
2947980646
63483607
1270846356
3447714811
1302628887
2635830562
1528532256
3245869889
3480220950
1625230101
2480730553
2580990532
323313453
2015069160
336064423
3115209496
1594665302
419445009
3292483508
504622554
2957872776
3492768517
3040761057
452571478
3295142138
4142542418
1233311498
3060763198
2354742813
2250539147
2333681822
3805847879
3176697402
3707974622
4109727786
3330432981
1193957703
3424346777
3407118828
3356476214
2834551926
2446868819
2492102681
3121801389
3328083321
1963442666
4054588547
3445490548
157588436
3193442289
633078611
3720694009
3248228901
3983538337
359881148
58573676
2216734425
2063394311
944294844
3939137701
1178091092
729865210
3014381922
168458512
129676973
1847461352
3750878375
1852218913
1909022561
2281465665
2157762761
2021414999
2319488324
2997860632
2772591622
2327109473
1481147762
2329334527
434253372
2865659096
1367427133
2243648500
722164923
266849783
2388573817
3484330442
1365922589
1230308591
4114867192
3872559132
4147797144
2758372739
2663420370
3280791189
2652130566
1342224468
4232168725
670436983
3810852123
2798029722
3285950425
1447752128
1346861422
1847847299
1569978165
3647871781
864434183
95913336
2092285264
3411516875
4253600395
3969804268
3917658498
2174328118
508306949
619244305
108191482
1701814141
3859619406
639842181
2307128142
527184977
859809001
4139974766
2893318764
1303184414
2766917474
1145382659
524353664
3311814493
1114974508
2269117100
258032876
3749465983
901343859
4294339517
568248574
344820736
829943569
614517149
2944058971
4050596770
212599794
907533299
437462244
192971963
576271381
3695226943
1359533790
315997688
1283122789
4131076753
1095490598
3265373903
3223530369
1736980623
4286475241
279681750
2293417709
3056360977
4055319788
2447419317
1703427478
650196429
458197618
2694409391
1755670210
2823086347
1271859081
4060543474
2119166760
1966387126
2821981107
2201120815
1980195588
3902142346
4016483825
1058289918
3800035974
1131064694
3014970796
3994795336
2103180680
1603950792
565592556
3314134757
1705160722
1459614722
3025381573
936852701
1223574009
1326367973
446625380
2177401194
3899394205
952542363
3045350033
3135336890
2642592139
321785137
3403756872
2376470872
3589072387
2476721776
2076440587
1355796281
3784674738
190987919
3935989689
2200354947
1166303094
274127844
2609387452
3642402727
2261661182
4077512661
2310459549
1137986485
4027232323
435398200
1310775499
1231478135
4223816783
844589357
3874624090
38242383
1970199777
3828110347
3510935031
3388795013
3303031710
1300851898
2911536708
2769510715
1373676064
4167880485
843750571
3373933181
2884189500
3216814637
3620542749
2609725690
69805211
1588883175
2760819483
2511008797
1902125182
675518536
3857257547
162195553
1380715726
1686859302
2036608267
661982666
2210907894
656023385
603183136
2060854962
3061849128
759932102
3566868766
858474134
248718459
2470202955
1251505443
1963069908
163400644
3084297791
4108325636
1988784817
2865468276
1319871645
4141209279
2731031357
2282750555
2072870511
3444858067
4198687080
1608095834
1064152602
1519641161
2899351474
1624647903
4240723806
2825496337
3977111239
1543839544
1084767219
3867048739
3090096329
4223133404
1660170031
130680880
3261985143
831605703
539908725
482110019
4179414651
181952199
642091326
978140104
3004483877
1918962693
1483972193
3594846263
802889180
952726958
1678706726
2121478705
4171958536
3992682106
492922049
2865665346
142136382
3427723280
3419296957
2366501058
3521854731
4211071391
2086473098
2528284692
4127171684
195467022
2696023672
850329652
2538316231
1738489501
3577464709
2582465806
4793970
3315417838
844819407
1774191411
1233263648
3049677207
1918719737
3392463707
531698438
1362622153
3692488824
4205933633
3073573963
2790253399
3311405564
3783857862
391359272
2387734204
2153763876
3185161100
514216867
3309461566
1176995269
3900897086
3953721786
645747276
3318410770
2397809024
3315958785
1839871700
3234480845
3964937818
1737929840
451378283
373470357
4220122702
3998086413
3760034792
2982399043
317081449
3342522769
2108684549
3399958554
3081894591
3536221595
3170336747
1642145517
3893362601
4014854669
3435395885
2016865712
1335435832
927539258
2140761105
2210297046
3014146911
2765945817
594581724
1371897037
833184135
458729754
2066061585
1962220228
1280955947
2095081903
3704663774
3313162365
2518041948
311053817
1497505608
2879475386
3645710107
635611142
3456926599
2925365941
4287901559
1468806648
3639158810
3629616763
1780077259
1960099621
547603549
1003770289
3610525204
3275018717
256658295
4203289016
1504403389
2721477047
3950244572
577364119
4126460601
877778569
2751203968
1630633574
2957722003
2132785607
182340658
86506022
2209676227
2068903676
2348780958
2039615013
1460721592
1872103294
294621161
1325675141
983150651
4110032848
1537529306
2860470717
1868920607
3382838214
2538010969
2214464715
3102647953
1572588575
1364218527
1594347604
1412845658
1174172711
84574965
2349189298
175556170
3668490534
1107335748
168372603
3179328039
3226800255
2698587343
3366240269
3306218659
1695326694
3302483835
3194572171
3678929255
1671975243
3093747696
1354577718
4204819876
1011389522
3860424907
3452258995
2519931042
124901306
2526117968
1026916892
147175817
1294333797
4288638984
2609754257
565114608
1828872428
3179767004
2847827609
3526233438
614444155
1602256997
1475122875
845473147
2273370078
424170489
2673898555
3215238330
1157926162
1944132108
1121717121
3065394459
199217674
3931645891
3533514685
629572368
120028443
3947809404
1548914438
1767922176
772691975
1311111833
2155075651
4050421563
4211855096
4254816628
1808118271
854235556
2515253676
2821099221
2539059825
457393910
244808191
2795654344
3097262703
3553283238
3334703018
2939898849
3151486628
1792432196
630255707
1645257485
1949400717
1688447913
1705787720
2532792966
1656825182
3786302604
293315170
3990308739
3394332904
229907984
21170437
780062248
701212087
481999773
2992850613
830365974
976810341
1488669207
3637911803
2175537018
2583962532
2703515371
3235229883
3144526882
969841606
3822999942
3227156824
4248102476
3590820881
2846946911
2327946800
3630812965
117685248
3341651402
1417222769
1320840044
2538937348
3761069663
4029080508
183666303
934173194
1577757
187757409
1175672681
2559739120
1984693773
2323616019
2741747753
1745876172
437099948
4095522867
2890556523
362014864
3443772920
4084953086
795912946
150278053
1782949390
2314748580
2233318514
4061475972
1940496370
1983217967
3435243392
473509681
4125412261
4160483582
3431477707
1939561260
334976581
3503022440
3457171950
2927355664
286029072
1742849802
1013485061
4219411351
657546159
2822399555
848338086
3253312496
2269096210
93067358
2884885968
2616375071
2020014506
4059559983
4121861397
1039438817
1032047671
1075021130
3277662316
3651560479
3737403987
4060118082
2414055571
1594698911
1959460722
2902346515
2560592679
3932673959
1841723965
408552033
2384539564
2082810100
1790717676
3353461174
1720004318
2785272954
2986490343
543365310
398792908
3693786000
715292752
2654603774
3655869574
4083054020
3311751981
2584722388
1208834554
3498616478
1620357708
4240779131
3977253557
3382078881
3513614938
2110461330
2638597254
2527470200
951293058
2462076058
190060782
212414745
1852238349
1654814655
2888911579
1813662270
3558296633
556763429
3662271405
177409429
140771435
20390392
1048646469
1532466169
1456400177
1041667097
810598668
2385362484
3448752966
3968269231
3296240381
167706697
2219781002
1869453896
4221637082
2867516560
618726751
361668446
3863974654
2628390117
500205862
1585267888
700860092
3286811142
2990238704
1063498694
470598263
530407937
2430286191
459744447
1804889281
2124998269
3128771861
2414052142
3868370688
939667158
3306572964
2365664922
3649390228
3083153748
141499623
1072895522
1332279537
43658094
2213768253
3569403806
1786505883
3623570148
993232457
1622125896
1322309172
4029726292
4060595095
3551064382
1263497264
1363109863
1520006587
2569217323
15933354
1735688845
3629580792
501940591
665035769
1771594505
876792987
3623485018
1096352741
2246735394
3799422790
2613065129
886702061
1545647141
3425349638
755068218
3470545493
2448299011
3981523019
2369867498
496332043
4106545565
933206094
40194771
3190723866
3857545579
841816831
3976482896
1229776035
1033471540
716149649
196181584
741726602
3645825017
2068255932
725746633
471085155
1704604569
1381680767
1946471578
1832206899
1395859791
105433371
1831921796
1667878246
1336794837
404252775
2255816945
2119903669
171872023
3546518508
2538192870
3515096427
656644715
345523734
4193617244
2582253550
2772868139
3584521222
34014093
1022084301
167800977
3272449448
1158486653
3825803742
3281081796
3462276882
396272368
460854402
2843557915
38912392
2368999147
823448783
1874892339
1161691351
761657263
2646485823
140528798
1650440717
2200611676
3021110190
2210230158
1516445426
63995054
663252141
2759841377
1342992644
1552077684
3798143626
2067199348
4116865087
1971761426
891260388
2996127944
3386445943
2174306618
1174023881
1589361390
3810200973
843947532
711013021
128338510
2860276072
971440205
361684617
2670653358
4182839996
1108705868
3009197285
2914971293
3615571053
4026921035
2433826284
1101948905
2047846257
3323586456
2670964539
2818179016
2270927503
1716206006
2015990432
3033653740
3261814014
1201188560
765367282
1285822835
735178348
1720099954
1854750065
1819783179
1377601807
2372056345
318362389
1646610582
3626973137
3674274780
3314008826
2718451547
2336125036
3925209544
4206166875
1573138908
311814887
4229118571
3292819559
3055050851
1144052126
3299579636
1583120297
2482837238
941797769
3776103286
3388891956
420572459
619506513
3349313458
3607844240
2800712768
2841454362
3612031111
253502902
3776166738
3483140026
1996637515
2696190265
4133510842
3886869452
3495995661
3215737800
3732701416
2409996050
55307409
3592942762
4069543212
1194216674
1093707467
2349132631
2706846534
1261074638
1961078318
4158406198
2627624626
971505707
2495455809
67595214
3312660837
1399535878
2368882809
2158261423
2404912300
121817865
2541650435
2401953161
938078331
3755015924
2935564795
3026801698
4222209502
2675628545
3977647398
4105824462
1009162192
4115778398
4198935986
3540197517
3565459286
2610231342
4151737315
2094932823
4186317605
57192285
2000301805
2603875050
2691550554
4248100946
1143705558
3513717254
896099914
1462885803
1925892609
653037001
1076410842
3367506096
3661929295
3195188625
251100435
4153434366
1241904275
3757419329
763008411
2386552819
423388900
435012515
2189568265
2076619497
3671334925
1347310005
1871371590
2200777688
1139467018
1295798393
3788834091
3701501541
3956209029
3626356904
2172388596
1354912527
2826626062
2575182293
264134656
1847612707
1466324577
3904523662
1673447174
804708952
2170990070
2996720643
3644917060
4167730277
3477061096
752802655
41994139
867439218
667314153
2979519043
1619894050
3346440617
2199098125
2106892159
2606998641
2618583441
620183914
913463976
2990546413
2047042506
3825867558
481345066
960860483
1380496667
2318790588
1223119503
4251007730
1909651362
2766511588
3994862314
400522855
778538674
3321534508
1723949396
2181300788
2643969945
481099467
4065431724
2212565073
571867135
3243729541
3942250067
503120583
348123391
1530107716
2064768607
353889629
1952448618
650674930
900236891
225473696
1492327915
971277225
1950624978
1950912925
3716054925
3399127026
4101969260
2947639945
2228768822
2523458440
3737050137
4237387937
2612077073
1991553521
1499318703
3930517008
834057777
1445858366
1774400327
1831722846
2245513214
1706253264
190882902
2563320315
626383013
4003153161
2577772462
3297579660
966374488
3581769085
3596289397
3402066326
1404206264
4088381006
450259501
490538785
358761150
3497810436
4024912709
2887389821
506893388
140608169
605202828
1713037056
3705122501
1367734422
1092159209
443211105
2860239537
1330806387
3507810113
482716042
2607820998
16578682
4112381968
3812211399
3044628891
673635622
484264043
2095250516
2398352809
237974226
3084587635
3487096810
3444380102
3247311782
113049250
3520829553
3087561418
3070193407
3546272103
3652462376
3207626792
1277001627
2200522846
1170960379
1967185060
181037154
2359734843
4172474969
3026421659
1314357944
3963886719
976778170
2650146079
293145392
3813219307
1846077566
3011875203
3472945472
293502501
1372639735
2151040679
3351663628
1230449492
3323825611
1224816972
4022310520
1528697202
1103003611
1351766959
2512752953
2485110933
3991924588
2936046092
1008654319
1154269841
579099047
557326239
1634018927
252581533
3910179255
2472839617
3219236133
799422976
160965399
39719821
3321135240
3984669140
1940600885
2307000530
2861824336
397061901
3051501960
3620318598
2375049627
4222823589
2992210339
1926725160
2728652442
182491486
2926314444
504855993
446253357
1639190352
3253169466
3803290775
2108639998
635821298
810812138
3539010504
1338089463
64322550
2665171408
1964469493
4139953021
2767664658
807801802
259327887
3845251558
2640385917
2777879384
4056184804
2136659695
688311104
1589976451
3133657050
661179284
2616038383
518171823
795068862
562360673
26643480
979823314
39876392
3662035081
2285319496
1052765383
4049206748
1531090927
2767241513
4002707219
3067894486
2062853443
2121136119
2542999502
2499193983
3559386743
542744386
613562071
3765915883
2292323352
3267579476
424367779
4287231866
2331233710
1278710304
2552836898
975033898
2345435996
537565221
1564590308
4141249362
3644015671
3353876330
1329867299
714358759
3281043811
2373770305
1926216029
1777120916
3459257573
650627427
3399627566
696098146
3525738587
4138072126
2967267390
1309811185
3255421179
4043450958
3348992874
324745374
3227008347
1979134003
1683970564
556709572
848003974
20561641
4166680361
2378407171
1100843687
489171436
4210678884
3101071771
438877837
2998386988
3551828224
757344074
908462813
4044751694
3568895104
3096857856
297146464
1279772532
3722460939
3046135837
1796857221
3143616581
3972092601
1469850910
2758568722
1613140586
2217762832
1542350711
2436279633
2648356043
2304059401
3867232137
587422426
743859276
2884363968
3758953703
767584156
118769398
3599936333
2836132695
270183354
1780001401
4099120560
3398528411
639772523
3097522329
667752404
2062047343
301028940
2765375000
643452677
2155099170
2465284172
3485445307
1532890667
2044765135
4010812219
2246937877
1573363172
1075977713
3977746942
2598639980
251545100
1300966256
944634978
2479415941
3619274516
728761980
702970527
684914530
1117776151
1791129107
1594366549
1833175855
2509113338
1151520518
1684963396
565204169
1151794712
168407983
2091409312
108369866
2284317402
1166299611
4133520656
1983645410
2903202966
3119191165
825377820
2039558428
3269888625
3882868686
4213971813
151267929
647316613
775931458
696866211
1453908683
492551091
2480327245
1248810979
3662473912
2989186527
1504105950
1429265669
1151002653
409983067
265811961
2705407925
3527471553
3329193277
1630654952
1739639962
2454789404
2863956967
4224338343
2529869409
6848617
2764429999
624703597
1811969952
3346256249
2049126660
3457996214
3500181888
3303891211
2521669811
2306392675
404964292
4204158746
128220687
1701599729
2195808988
2585328490
2339296144
272167796
3505415238
1760324344
3137202271
3103114242
968012284
1025375505
3408473330
4053708609
2702031008
2949712097
1001891238
1235126852
2215659358
3302825220
1030910971
357189967
3099776127
4186624277
1296502649
211678579
2133501030
4009162506
3857723664
1085999106
4240684846
3254829757
4114143406
316526
3309127968
1091952871
584988567
3217362621
2009817473
2286365988
4158754649
493715720
1516164655
1690626907
685032448
1612972195
821681178
2440238270
2359433071
2868939700
93208554
3611338390
3308247711
2135592577
1686071133
1683720451
959316227
618374498
1252398196
3456688292
3449477546
3063902574
159691796
1755256041
3312797829
2226649816
3274040319
2856938579
350216886
707834597
3569274115
116813651
738915479
1363668016
585972574
2558018206
714687705
2089957255
11845546
2974499468
2291179012
3520540912
1584739227
2097844428
615267951
576672458
3731160828
3653419435
2174119605
2469564654
1497689738
3178007283
2288017451
3026511622
3475538631
4158437888
734159411
1268335266
3718052704
3029269527
2514466240
1570567879
2643689374
1698276114
2527769376
990396418
950558374
1477512460
793445952
4072903550
2050212604
1256582216
1530480387
1056521613
1034384254
2504558554
2496532611
1108255974
3677284806
2033176198
2391857556
3582759738
3893487618
989561813
3078611119
1832625663
3867348660
2622033466
866340974
2343458386
2522591486
4186404432
1523329337
2922167979
3194189089
3178044906
1932218437
4153044189
1770304591
1779997785
614089197
1526344693
1522799896
188387684
2868193980
791151481
2185161536
1018721725
2229654605
788145676
2783851206
3241772145
1184713265
2301599875
948097952
2867465331
4156491441
3523858147
591980941
991166539
347884561
1399832644
3022155223
3042384175
2779382090
1686886822
1593318004
125717749
329794406
1868118448
1200571940
3901003229
267252505
1756733987
4248243655
1426998208
2986751808
4249977864
1854966723
2767743750
3950210149
1571949564
2428571015
438170547
3054902733
3383787602
2176559480
3041158673
3549695747
3959598206
4219575560
933191727
1770075691
493596349
632637187
3109867820
1725909067
873578485
3426146609
756360242
801930
1373562027
4099953359
3508237275
2845477990
2317292094
1334222307
196925778
2103766781
1992412478
1134183797
2937670051
1872310613
2312274844
2741130171
2458654945
2895139929
965411274
1386300929
3641012730
98639253
2411189145
1620037258
3063368312
1612236201
4217074701
1769631411
1839099202
4147759314
3784152276
4166534791
31271720
638722360
143483221
3923163173
2535232942
4202452179
1337664986
1102292663
1066339718
3182673408
1193723272
753572860
1367530197
2027076987
3130806511
2607923877
2444678083
771326638
3388883688
2350137769
3565667164
3173256255
3620377657
2866537463
1780883044
2709035559
1809355457
517252531
3978281661
4107661677
2842252997
605234106
345603931
2629542239
2328675240
556333129
1529039541
2318008184
4241000967
3725599075
58649519
2707055301
2629296809
3902350108
3107937526
2828426106
1240845141
1955926795
4181758467
2005158162
3691681699
908976174
3932698985
4096801937
82601071
1335416987
2447582262
1717754479
1265513161
127945107
3646550215
1666473543
2718068581
501247403
2314459134
822166444
492152430
3391041198
2320239266
2028040865
2714007626
3598061943
4105612101
1386625500
2512774958
1645814688
4154953939
3573990823
4130066846
290475231
2792589167
3523687599
2172858241
882143136
2001548158
2812904552
3824146801
2288657087
121361527
3389955373
488802487
3292083310
438394742
2471341376
3251012453
2494041557
1458790038
3154056603
2740054021
2622349165
2593227811
2400850797
1657118499
2137585276
2283065960
4112473283
2770848924
950218331
4041350907
1877305481
2472329515
1798678147
2638688363
2519240587
291438515
2936825302
4089735786
956794602
2268094596
2413160093
3441443132
3953039788
215998466
1006513118
1807795269
475899439
1103701196
1199294097
1146652751
2374003384
3399267881
1943393176
2679487189
1891442280
1888691715
2809761468
45465390
3936274800
4144333983
798273990
4131858431
1497112371
934379617
1654271151
177581323
658720615
2277188926
3824688776
4086278334
4004813955
3910120375
4291565675
2511107894
1018800871
1303732393
308172086
1417171225
637259629
3856509318
3525591111
2112196328
3992937407
563139933
1528570622
1066979269
4133889574
1188825027
3422881031
530628978
1518239659
1988760471
3654814936
3934408690
2753098525
2872399155
1917632401
311273144
1941005611
23600033
4132272944
1186474702
1258523498
1557754282
2876317392
3336114415
3454056437
4153257089
1655209322
1664588341
1994110400
2949311219
2758534527
4273071160
2524501135
3202613584
3149181128
2732413289
3674973844
335328957
2326769855
1388198710
4120675755
3922989465
1207468160
863311995
286718257
3623192999
1650786690
2990687430
4140747651
1573351198
3281068813
2272786196
845644660
2331336011
4207803659
3066837637
3016859504
2218590864
3432692173
571557054
231366024
3321962523
3103789958
1744927084
2077159158
4136456746
3414182532
1217682408
3075444457
1129914767
757712828
1432403328
3945872551
2458082853
2481230342
3843436275
1656681053
757123898
977991535
1201211289
3365275212
2498295872
4169135038
1951350708
3159035954
1921237169
2619344284
3525026810
4081662919
3968027073
3056176748
2067197680
1960535090
2952153479
1381492712
3440520986
810483368
2226366781
3752430256
1264079342
3104785558
2740552462
4200816959
2513024479
322996053
3872182836
1351729543
225086500
1745743312
3908984518
4134087914
2295368084
2537409062
67328388
2920937616
1480484578
1163345007
3110988984
1105903867
2097804143
1472193294
4209751023
360764135
1815096447
4035188751
1402887640
1740153486
3529054090
861147894
2353241348
1476670036
2930570345
840907496
3460465204
1098821323
2883759356
3253849909
1814226397
1022296899
535996660
3001509676
2492146906
2548485500
3854446811
623126274
1799129276
3280103490
3911535101
3663059479
2162635501
4105934876
2666494201
4118870837
3577658258
3033839471
2424926139
1251315265
390710340
162829348
4213274449
1676026904
1055914713
3148754795
3051597132
4040012066
2169445717
487652152
2056312818
2328911423
1047717833
2039137572
3101613931
196401577
484421894
2794638225
4253964575
3747701242
3630851698
1983641839
2295698412
2247409158
1823441074
763601680
1230356254
520199964
2154318975
2636456395
3777069216
3076958054
1181143513
1234817574
2149792029
2145123586
1007384147
4114833740
1448044434
143123520
817162665
1012810902
4254333457
442610346
2454562820
3530430596
3147416978
4261653189
421980174
686030858
1572462898
3229389789
3833858771
1234283298
362659843
1411947528
710745050
3993667154
2686148164
3060263559
2674858346
3487833437
3600157731
1953185487
4017910830
1405582509
609827267
594022970
1114002051
2685978822
1835932738
2919869413
3879576
3996026551
299850171
537532067
972772611
3165650503
2066317211
2347371506
1080281922
1964217854
3765320048
3233759815
1392741386
2608228461
3971224767
441326971
4186679408
1800263033
1932140549
4276370932
975510824
3296624598
1252696500
3275257771
3334327745
3960845190
1174028060
3132686725
1634590952
3642066506
2055467655
1722640157
2470083428
1718608210
4278218799
4110420412
997333311
3253410427
1517943234
2024284457
1129109021
2102801504
1550970417
71256764
432952116
986698265
1545371172
2024227475
3813351264
1261855989
1282433627
4216867994
1597447736
496164152
4056485660
2171355053
3128363991
42574290
2219375877
1170457537
3338017365
963923234
529052545
2598838877
1994970861
3810576354
507820302
2432856298
1003382302
2766399369
609315254
1202261787
1553924487
1326571468
1639128413
2143211172
4068659366
2441945180
1134411377
2346464853
2029066455
1116890533
3484848020
626950925
3503050861
1582147240
3222699442
3367767529
1236236598
2560371838
2125886913
781138760
799772730
1001662567
809169772
3883476041
1871923761
1701613841
3172229425
3666617433
2261662167
4198206393
3808275432
1537028345
3568726131
55481034
135744346
3125828877
2441341215
2084940924
2616327701
3811447649
4129933805
726833409
99800544
1044740267
2281073335
2025685830
879529250
583152606
230480430
1547622746
2523244006
66845668
3318309521
3443620720
3328021772
432520756
130087727
2559190388
1747821479
1126274928
191167408
128913335
1064458905
471137088
828416316
3003106278
924202142
3827083497
1456502511
234839140
1191501414
1208761180
4132960746
1711251159
1513577039
4203409830
3840441702
1901244374
777568048
3542750471
3280267813
1207400690
263477058
2010773581
1987544340
3547048750
23667165
3301507360
3480172340
1024633271
4082306451
1085413356
150785004
2355673528
4010839574
4028743766
3323677164
515086565
1541298748
3315980962
3903595069
3167970230
1272415270
3654053589
1757909980
3819086512
415371682
3794283453
2821531329
3869404342
127134573
4212095214
2082652305
1427774004
2934286626
3990073259
3527188621
4069740561
643993375
2783921685
3238793442
2854395501
3088412289
1539997253
2403337135
3201055986
2511029414
2587979583
392004767
3377214300
2579003494
659335930
1638625394
3498648816
3726231364
3106900389
1344749447
2344817219
2476457014
1115473941
1832110229
419507513
3763516378
2082343234
1090563804
621144879
338453536
3271790821
3215451809
3970950371
1773377466
3523253152
2530158183
1419310225
113341321
627083875
4089280428
33987158
3769342213
2850389974
2679492233
805787766
73142593
3077577405
1623396587
2471465093
4203899114
2018709700
2926291591
3296555958
691437587
4213647346
1978247987
552307622
4152106997
2364459767
2296554125
1345282059
105718615
120067430
2661900854
126041269
1164866123
2480867624
424540149
356119135
1730478595
188670455
2398838461
742507650
73189319
1975103746
2401087769
2150780718
2195600773
3931039760
3409810546
1802465416
1819132625
462906488
2377051506
991776348
3186905678
4060499384
3853212166
2556158541
1632236088
1526184924
2583996163
3834166764
2983331131
1290956390
185846127
3784272900
3439240192
520265419
1621050278
4029664390
2878654323
4027332244
2025781752
1482922694
3016523664
75371328
3110977859
1516301435
822791237
776577391
2844016701
1142749479
3656406331
2687287504
1011753433
1903092217
3256373214
3162438939
2722258123
2736053224
4102235072
1290883361
1117750553
1391039156
662617998
3428012720
1340549538
2285622900
1107924520
547095474
3250571966
2519956594
3148680491
592615031
2876274726
3731073171
929341226
555211234
3701432038
2875085973
4108443540
3851771226
2283229603
421437339
2789034627
2277329881
2150456188
4114968967
1217871108
1193755140
1228994613
1207177609
1346130884
2018859681
819694513
4070354634
3873732503
3440327609
3686791920
1164733408
1982725965
994651541
1577332828
853052439
4033310832
1845656965
955086781
3469928450
2377444608
654133001
234067783
2650251165
821207189
2028471760
2594275918
2775926739
2844057125
1732955738
2495358028
3263411535
3734909651
1378716818
4266642922
3101685314
3280761616
4121701368
1997553995
2487824355
3581722121
2725417337
517059913
2254003998
2934625302
2087140970
2226243860
723903081
764787155
2953000260
4178718062
2603488335
1453577633
2374626240
2643223407
1316093839
3773533517
1694327689
2176212017
1860553450
494513290
2823876977
3516457575
3117689378
1517041575
1344124848
4222240044
2640273132
3796001386
1590745345
3665536968
2083968256
1530095755
351832986
3251847646
2485401451
4236251050
3850189587
2260534101
4094844783
2021779201
1437246970
62989244
730686034
3007352284
4194639422
3687133067
3421821947
1062820529
1259183295
1353020276
19284583
2150391433
1134748696
309581892
4101458714
385011508
2036960363
1808656950
1264069077
1121926862
1470565533
1743916929
984392910
1951574272
2427963919
4193062305
932725408
4055565053
2988831475
600136421
2030502085
3790677918
682941942
344484969
4245172911
2180277746
1708236346
703987657
1672630645
1571494791
1902041086
3192621982
934460757
1823237150
4135311785
3465829384
1823209537
3087289965
2517552597
4049464584
1456942329
2294182637
2063979569
3445199220
3883038784
1386875483
719894578
1484967088
3407633881
1720179357
1984860743
1764869658
1103554015
443469198
2948365177
2229512979
1049400446
415766664
658738215
3821499293
1418009879
265621325
1257922600
1931422849
3136914265
1222751704
3289965342
665159081
454544208
3366552956
3298020158
3070611275
1101952871
626841415
973051494
2717707733
3031183320
3403998501
3752737579
3321436603
2608082596
396337824
4033534793
2944254705
2857984767
3075299304
3670674320
3702975907
2236055287
2182033795
3804141095
1980383653
494556666
4145143043
1659579816
3420994106
1243008483
2399731329
640963075
1419989515
641727875
3630269550
1902087678
1956084411
1900246156
398079840
3911477159
1953798962
4041952000
3745075766
81933366
1925357167
1112975191
61629127
36275899
2626309441
3785638370
4277057293
2285395896
3510055966
692067669
2651016785
3566854807
3927313315
308126625
3494306694
3666290712
2141639714
69401591
2539271784
1953739193
3140878694
1520275913
3635372696
2787428061
249865733
2363159792
3327757232
1519586201
1922012612
4235089646
2838108198
1844017536
3284073787
2081753294
2317143113
2700720356
680816111
425891762
1758904348
3785672079
330166978
2430962724
2960523911
2902063057
4096136863
3962707115
3415584809
2758833615
1674119964
308097406
2509512886
358967092
1306531958
2440534698
2323773176
501073311
1291612246
184187449
3171080690
1647815703
1113863292
4200960836
4140436032
2360987537
2843048134
3800238148
295398603
1944999904
46290128
3997134722
4282281466
128481994
947064231
3090014718
1342446758
4103230902
895131388
2016773735
3986166781
1090299127
2800373888
2798189321
2166322763
1640566188
2395092020
1454027985
1365253476
1534969193
2637861551
1768106693
1802169833
1936580144
855678374
715991076
2820097412
2904573691
1605633009
3608623307
3371834407
3153760477
1784107755
1802105022
2183008941
713550283
3382142762
3057240224
1923621761
226169580
4149888175
2155843234
3406032170
4079342890
3549491564
1509661898
4097057194
3151105788
1670100712
4014534190
2491425767
498949583
2978953837
2616282842
2892482153
2418705960
4092832364
2119922032
1238447952
2194959787
1251388252
1712779712
3942798911
582796332
3432991613
902462082
873410070
242113916
2448332696
3569565612
3203030867
65306334
1516279757
975754631
1865657555
3618339043
2471309621
3934290421
2006215998
1389327773
3234292436
2932411912
25506762
113787689
1866732450
4031562926
1449900989
909486795
2616339709
644637384
3332716149
394003767
327040981
2872821492
678861380
1426948399
2856503815
2262991096
3171414328
4220850261
2526307414
537230662
4221108243
2444979883
2145170758
1251472736
585371131
2407846245
2947597654
3735406953
2585894677
2892228340
2535840907
4041438379
2344423491
3192501984
4033385373
2191666069
554722513
595828037
314380015
445647323
661928193
1372736161
1052224936
1527657835
2546685031
3524987641
2630346411
2162935859
999017445
2236923230
2101207506
4282853814
2070439887
2722819836
1946095923
2504575405
3451200744
3557379421
2025906308
653060792
3257154992
3697235832
715031018
1141209492
2284782352
1252820021
3539503061
2908340930
763286932
520384493
1996825528
770658712
2615975723
4166581588
793600749
2692200127
3250283535
1090800993
339286296
3864382808
4064823656
1501339227
2010996029
664531587
1443637651
4210451084
501682290
497569068
1857988426
2460998025
2833836735
3221545948
405819765
4000300718
1315415775
472579543
3590668173
2266906181
2775326381
569157608
886365319
3315918121
691102318
877429136
3884733618
973691687
1232742435
4288284522
770947356
3630065269
4294812753
2794039333
1327968769
2751003089
535755038
2568674338
1983233908
4089263107
1865498017
3688302763
3980586329
2623030785
576405858
586816952
391427889
1583815783
399340328
4129844306
3883885097
522002742
1930025941
425903791
646850140
132982655
2550480833
2673552169
2309074726
1353733516
852150479
3877180316
2590029081
4171077883
1461282034
1136689205
1023794646
3721387711
2192153947
1566286925
1252624033
1089235406
954083701
2563613576
3778378948
3919890478
668995190
580293461
1205124781
1076927964
1658451734
159105294
1175267584
1298059698
904995301
3058911414
3312047282
441240457
1413113633
1284910324
483239464
2374967976
2323127027
3397871495
538968986
4248604317
1535535026
1830400185
3787417105
2241036926
1585535242
3749169451
2716605374
2012532961
2210299841
918524646
591523709
3820245779
2787732701
3132576134
3676642309
1618955460
400344514
2094333687
3237031336
866888168
2964434896
195187527
3722278824
1388522264
447071447
2723370676
1312951674
1214274198
2981959209
4231680774
94566520
435158222
3152831027
2770453159
3684989951
2345906712
1946926111
13749908
1865432722
3609424675
1196015072
1750063828
21697624
2208618976
800167515
3115433772
4208484346
3106866020
3724965330
3424211094
1144628706
491090847
4139269810
4146290450
1579313660
3737422926
1278119431
3801612811
656303807
2796607178
3872390073
1242846522
4239100454
3023889577
1406221270
3321044928
3021210658
984604881
1440117162
3673448372
450931782
2107190403
1686600616
999972731
2368974939
4150717388
528352935
3962503381
3514454809
3077504768
2136158315
2321067938
1006667133
1576664001
2545882992
3789326891
3407022757
3322064878
1407135851
3295249881
3012817879
2176855850
1837641203
175882948
4140568244
2397454791
3311162461
3641882625
1530515479
2178644183
76226904
3186465113
2824026437
2030483350
849854449
2403955792
523467103
198167792
4001949376
1333072370
4294748099
3857678689
1159163679
1326077382
1296086068
1948032576
708622088
2446744344
1965741126
3287639371
3718770628
1065717566
3012945141
312149093
3634966343
3692553719
981321241
3067406771
3137284906
3313056389
3945041829
733664132
1208673020
2029131519
2966334398
1958324010
1720810489
2161970188
1246513936
3944037561
4164501061
4259266573
1497368331
135917526
463210858
791706919
1668977920
3610165656
1922763632
376117915
3230720887
4189792926
4079850712
3025427420
3509233048
48928511
3998362494
2997892190
2040367737
1325512628
3089441134
2153716384
1327357886
600039229
298874350
2592064483
1569696854
916568879
2997523080
1214725635
1179492964
2989546164
3699710158
853882684
3396343524
1240343355
833406417
373171131
1420933075
2578662744
3544647768
1030328419
1047704818
3786223425
1424220364
2539903316
1473461255
952435798
3440449324
31298296
159043791
501402656
316912673
990121293
2484430465
2373021187
1705583015
829137144
2718221758
2932187198
1144442468
381295590
3906627867
1716835258
3268220514
1016137069
290967782
3448262063
3366848409
549553488
4164324592
517975154
4047730175
3356605641
3158878873
1510911424
530831119
3381173749
2474230864
2854837994
1220770301
378861156
4167032839
4170624407
3081577713
3996326184
2623218214
3443908461
2985380389
3600787057
1881106021
2665113028
1600892130
3951611734
4019228604
1785793786
1425616177
3837227550
177966843
1968273121
1721595355
3357723975
3394485965
2042685145
2785150373
2994522015
4132492004
1858168058
456133553
1637230511
3915061557
2800444007
1584195208
3357706002
2035825620
349846553
1840316839
1134258141
500158722
2528210408
1064277682
1262236881
3188032104
2495450727
98816609
4266595331
575043610
3801485749
108276847
2481080280
3682453695
293348607
2651389951
3534164337
729838046
4087231091
3301851577
548828225
4152376938
2658542418
4013906247
636720811
3958016581
478116666
33544616
1576035941
2529793683
1086442530
1102228693
3161033700
2425141336
971514462
1365929665
3634885248
659992792
1033175405
1909085999
2832178040
2126422532
750577728
4251010468
2499055164
182054578
2163813559
1293451732
2454060868
3658856197
1653298877
2833370574
3995632662
3550576591
1333620819
2835927884
3900373309
3262183591
3208768288
2117082809
1573628958
879942996
1969660308
3478940090
3748635205
2438771146
775115096
599170251
662576021
3456993532
2436872518
4117095105
4216270260
1486762509
2146942799
1260625519
2642288427
351221717
2687853379
2853968093
2963416073
4118708790
2893960024
584084151
3759307236
2083744764
1859704442
421929783
4067348664
146500913
3342473492
2854010277
1177784245
3726688061
1242714094
1449854419
1711877928
3761382782
4169757251
502739237
100546179
1022033364
344861606
3872371422
1868036897
2184033369
2562735273
2612166380
4037873143
163287062
3412055525
551430466
163955257
239619739
417206766
3886948595
662985957
578939962
3421373560
3649317020
1420624828
1507682531
3431394095
3438540065
20200345
1567850102
2408208842
1149694183
2703422920
402269649
2218274009
1205625607
3528257459
2024989981
1614379175
3511173545
2611068692
1943536929
494253681
4172284024
3292095740
2326296074
544317004
107140655
3250521474
1783988960
1362219992
2958799157
62903621
1006274963
1928574336
3000592785
3073442263
2163363438
3870563284
110542906
3275082724
3325820580
2359362956
2406786732
1532745444
354306895
2397903269
2041028726
3801141656
1233913517
3703890100
3778203476
41608058
1223752380
2892767623
4044515182
657695767
2345622292
3452135493
1389910279
3629302564
3494149231
3708737161
2995311813
1248089369
1777955361
2789627348
2704190016
414443681
3343993939
4185136585
3657412866
1758451216
3506465918
2340826199
713295677
2164076346
3557906034
2731461657
251809914
335686570
859726544
386241425
2675449896
333929788
492600657
790556154
2591358205
1729614321
1322702565
1704100265
1844544934
1337347276
1353565382
3299549551
301393176
3627019553
2150742478
400715973
4138628105
552951845
2627589478
78534539
1288627097
584279824
4106632275
1562091325
1671761274
2619893655
2995815858
2059801209
2723493744
4176416265
4092720938
44358057
3928188649
2911022055
635672602
764870007
368018038
1837712170
3477387326
3134424843
3886701511
247901147
2117305504
354349693
2966797086
3282880342
299738397
1746225184
944052674
3799773590
641565871
1993340968
2581965039
2951672216
848427382
3138110451
257037966
2157818370
1297970371
3753290273
2908605226
2615788836
2481905792
704566168
1420452914
1982421286
3579764535
222015756
1186566781
4269065487
1119043610
245704599
2404955832
1183955933
2053920528
2895522130
1915437997
1099062945
669094134
3569498499
2167438906
1223347046
1112477767
2515691577
1684399764
3489364336
3150661080
3497356098
4023795198
3840718908
3323716106
4170646067
1742184290
3161636568
2547057920
2531514438
3206183693
3452291814
1779065881
1003496539
1547254063
1683499333
580865517
3910256637
3162216041
4250089495
3601366963
4151863734
1359719704
1583375821
3365140245
751179277
2620845122
1228025336
3367611049
221457025
1766680634
33558509
3210816052
152694656
1754533305
2884085630
381212668
622152206
2364718436
2047712391
1951327024
1808257097
1086110828
3938880049
3831597572
4027574288
1644342416
3549068537
168045375
3358302096
1641260483
3597421416
1823255734
3994766594
3700705824
2431866553
3432465734
1922470869
858849948
3592647446
3603603099
1863149433
1064839345
1226403710
1468595972
2114097924
329932767
1551906754
237753561
2488293086
2924271947
2152106698
3965719746
2291635531
2117491276
178277844
3625354889
1022921466
3409135651
1421241779
2854773382
438870526
4201461279
2570523931
3445370890
726160048
1180447688
622660825
3388790373
2093494607
2974959130
1876751173
1715927250
2736222144
329842596
4166251552
920667173
173903442
3424110669
2112614099
1067236162
3500595439
4285767417
1494890664
2980656361
1753241728
2049654950
482931008
2450006921
2268106558
2623678385
218629635
4161586309
1297714001
694673148
2866668818
1169931053
3220636363
3047670336
1150361205
1030182182
2320105580
3742192809
2248873489
1488352940
3140418194
776699327
1673253254
204529615
1403999030
2558061244
513436071
3544560000
1893553445
1175932452
1376288903
3940802093
841582079
3254443915
699980420
263284422
1416635942
2459439996
3399537448
2437140286
3370006342
869182416
4203185826
1436857168
1802532576
1968292856
3810350492
206492644
4010109856
643284785
1556281328
704393480
2097864469
1628805170
1458152856
3209875856
461384789
3570422026
1727094944
699431304
4137661627
3229411813
3531815366
2880677338
3272054890
3825473243
433475322
4160926765
46351321
534554260
601154004
346491597
1670264994
3434814724
3956033072
696518606
572778008
835691201
2458796647
3788315435
2301245645
4032823524
690865633
1367823564
3404514832
3617084473
149736965
3688762337
338163067
2600132319
3632733192
2431331361
1486407990
2473207104
4226591136
1294027231
1015209730
2658013674
3867527323
1046169296
2464522327
762924866
1689576391
1773608677
3304366125
3031303828
3607127744
2669011591
1342640601
4144136984
2048229569
2776506979
2902009150
606939230
2998262178
692426972
1289955554
399720341
398162263
821085073
1679783237
2568179583
1480497923
3600413017
384903317
3839132347
1688732294
1718175421
2453099219
2399095830
4279236119
3475485781
3251328076
1340332694
1419879484
2558378890
1785776846
747678700
507484345
2046725161
3456095813
743339687
2430131957
1986106227
2032346570
1704327613
1952942426
1860858266
998825683
1046736046
1176130164
584301712
1389719169
1183973587
7653710
1028988425
2325588799
3153778156
4251642175
3079384508
1409682595
2510335331
2051614856
392275674
3778813496
2432076147
2295802216
340320429
2556468045
78052541
1538271961
1514388780
2041838516
1033132558
2227801584
2553992333
3274529338
3988489094
3749380459
3091740924
2850321992
3295789798
1932166195
4084054798
3628380782
2723400476
957784221
2481335519
1508941918
2585003272
1238372971
3718605250
1833703480
1666872655
3197489592
3415943096
720153564
2801422178
3800523557
1308124842
2402569318
58791269
1813399768
901599493
563709838
3006428856
2636010722
2489750923
1364174736
1179375263
3138422002
1865314892
4192877754
2839612347
800332224
545830845
158238562
1856626681
870343232
1789387384
2425217081
2330453648
562730879
2241602180
1593625956
1579374083
836566405
3275915998
3128519931
288746546
13923711
152636586
172444372
1805000112
3142517549
3851272463
4160063717
1192151273
2536297589
740062940
318400091
3986624695
3424879803
722513403
115269101
1609927863
858950525
3131097761
2036349195
1120660095
2570608603
987196194
1728040408
1707967757
2741639559
3381706136
2243377857
3912643683
3896794706
134400366
4292503848
709134007
3136158273
4117161194
374387995
2546019215
1416858767
2368289065
2240659405
3494143494
1126391422
170867962
3752619232
59426268
843849528
4155355316
878177926
3558683982
3886806431
3209980294
2874806817
668729727
2648681658
2046998266
3035481982
4025645102
925086335
4009779738
2518422579
39716000
2960801468
3231926011
1100908334
26791007
3608941191
4227543729
2381202215
1790860481
2157704453
4181231205
3699989147
1579460518
804628013
1259229847
82637068
1358463625
3309439133
3138242717
950872077
857588311
487188248
3711099529
1088060484
2536490405
676119992
4165736139
1138424150
4239497404
382295704
795350629
2067026024
4105052648
2981340340
199881269
3892842338
119673774
3201563297
4053867514
466942605
4133462497
2298454471
632423948
340686025
1900161454
2460066077
2122111244
2269247159
3694879792
27992310
2696884003
3237603362
3326737466
2754899644
2083475073
1948863121
2784915627
3946931952
3158559159
1943922697
3169175991
1980422905
7463933
698775184
429101891
2855746217
1561909718
723755823
262841044
1329883224
1644928225
3003003387
1673176890
1314508756
3952372949
2589098788
2435555052
4194942220
3033755674
185191426
3810489338
1693110010
1898930966
3864331822
8427347
2533464313
1225508882
4044893218
3496784991
4082216131
3873378304
3553777307
1509722160
1494302190
1262682838
114766324
3970719619
4096564988
1507850208
876519435
2801371760
1041880792
1203919004
2860038440
420558025
3015850754
2152793550
4118952507
3965250548
2556650250
2657041796
1891202761
896903533
534213759
2931012698
3682549355
3300086013
190116104
1377656101
3660296168
2401786082
1444457452
2928966390
3899956326
688711515
3653397232
4140782010
3001859002
1938112433
91660533
4207626515
2970681123
814213540
2413019772
2077791562
1083118897
712336018
2477636868
43726296
3648762831
1021666097
904741854
1731676429
1458778547
1851692432
379292087
3807510632
3343090669
2730213067
426675261
1865912674
3916969233
4243417798
2194107928
2638073437
1173609693
1385826882
300761291
2969157626
3512384558
2129014952
1684866769
3784586407
3800312319
3850486537
3094745451
1577757978
361440020
2415227833
3316251588
1141488234
3533169986
2691384372
430291751
4262097747
2878694847
3575940468
949106311
1573718559
1440324704
409655492
603042804
4151867547
188109976
1673253866
3682962231
1260061320
4006699564
1358650165
3099989722
2104204838
705993883
4109215970
3920939
4237510604
1561079535
1271854600
2342105768
1509546616
1790844397
2198192416
2867144128
35164143
1195561681
750917324
1245337104
4020342901
26029816
126423371
2755295823
433689820
3633473075
1806665152
3935233902
3141554908
2521818020
1154823228
823143954
1314112209
1762317465
1311996456
1536242585
3747796740
246065034
971081825
60484694
2415497441
1333766510
4294671570
3046418083
3128735472
2795750996
1444615045
3286786362
3287621219
3759107503
4097036749
4075104744
1604332647
3427907998
3040885131
174238728
325576825
4160099354
3845270632
1351745631
413419482
3795878450
1601701093
577297427
2330044855
2816185596
1132057375
1379821510
2788590515
3410592037
2381253259
552078671
3080287148
2181610805
1521016964
4217910755
2345111794
3116533649
3488309740
545870361
3481914294
2827021690
3067637324
2883626752
2327596896
3546703814
2891634403
1274453417
373148008
630588499
2024291963
3636611171
3694288221
1567050218
2608612055
1886671641
4044498132
4122426235
1126048172
1969204552
413613094
350528982
2691284199
2839093554
390523893
3078541967
3359245823
2006949764
1102700235
3019427098
2313921611
1701173018
3484837836
3868248860
3384586112
3309687109
2130196537
1199626726
4191228429
2027876118
2137318139
3101824251
1197400024
2294263101
1298932314
2233124414
3193921157
3618675538
1877360428
2803338606
1798682844
4039292483
87989271
1166453641
1311159731
428348933
3695317210
798791201
3451025537
815303743
3206239712
2380265556
99335673
2198682301
115922415
2551295323
1337731818
863531212
2037761311
1027714285
3907309019
244625338
1651972483
108755187
1239205460
1526650250
2453083315
3205396553
3928582085
3006955661
3172429116
2857487976
3679353681
92214714
782532909
4073863321
539724675
1461995968
2336767734
1864477390
2995184884
3441356558
4101642455
393116614
1595728143
759576069
1488450358
1398492672
2215577319
3622314695
2941786045
2945412433
2431053600
1539292218
3105393181
4008775583
1633440207
3365971659
3703110635
44871071
785874194
1933982827
1356800102
1825660374
3322920263
1011894004
1441701347
1210121918
2869702163
2932804933
1236081329
1032718528
803607019
3179695489
1291636530
2016087733
3809607228
342108730
1979477966
1746046836
968150713
3399534226
1380568233
555157254
11901156
2159018155
3246171889
800232352
969277259
3978680535
2568051323
2355803928
107844658
709809544
3584143477
2401093203
805069058
4117118450
20480028
3563818022
1293591800
1460747694
3953462059
3193757537
1127919476
2948270093
2162425133
3213777441
1749038858
2076551027
1263790935
3947151229
3982953293
1600185715
3388707310
4134078238
3272392768
525818219
2259612871
4004993347
3542753918
3274036590
1968936064
4102565727
1997973896
2377837891
2120743435
4023022999
1017521684
728470273
3967054534
128407790
1111325692
3009335620
851088554
3708666211
1046905980
3852117231
3510500630
264018078
3300878374
1517121867
1834409780
1908274018
59192823
3978102467
4190750065
1258160618
569216192
2956551174
3656832545
944416766
3357475101
2631641429
4029004814
485861172
3321721430
3240753243
1423230147
191338353
996063231
4287851358
1622169703
3442008494
872252759
2631512088
3090549995
3300684173
3549870496
12998688
2776433906
1839943030
799262193
2549587737
160566089
4192752997
2492804460
1571371665
1987165847
4168227107
857721851
2214267257
1580908323
297991842
2325579860
2647851461
2718358292
3530821382
2047169416
3810213632
4172100413
2271331052
198540889
1910472038
2826981447
2740583881
3906521466
268045062
1016035549
4044697029
917865380
1030398621
3273764967
2694549011
2088959535
2592204182
4261369923
3099654279
2530266680
3665891421
3966152916
1085275976
52443794
888731030
663742614
3205039573
2939557422
800962855
1788709432
4106172578
3590440508
847208034
1842103295
2261169616
3062297485
2818667036
2431638776
733030971
514981901
1657611681
3083576954
3346107034
3033843789
1289157561
497005693
1478319690
2413391354
876694103
1441605845
3257943643
1970744813
1028555319
1815734780
1163249749
450002655
2108312038
678703570
823734875
372840189
986231258
826553623
3978120391
3661220749
3444912916
105323998
1153678627
1853781962
3002651043
3439995589
1564457765
430605718
1825471137
978022418
3031643008
3124329759
3459414508
2781216542
1131951277
2418168962
746261653
737191698
1889352016
3412484707
1080610815
607368972
3452489544
578952572
725475290
3414649532
1403490403
1585802121
829786143
1342680300
142353457
1196887359
2508086379
1395744559
3350219648
1462812589
3512116092
2990876470
2956955604
1031918300
3276213030
1397266468
1905098142
3333803041
490936419
3921951849
1168505462
2632110462
2408342042
451479342
3993806866
2326088408
2920415576
2696289742
793699548
1348846066
1995205161
3556234515
3596609282
3359002922
415625777
2470923514
339988125
622837185
4026479381
2995230582
3751347921
3845493239
1841015641
1074176078
3109738361
4117524566
3368768719
3312718578
1418879442
1289871359
1873613195
2649226550
3696517400
1322196805
57420011
427211270
1453021757
3539691561
4169172156
2859619435
1968039599
2637112716
1741260428
610627885
139780645
1620822354
3130382793
3765123272
4041931061
701387304
2996776840
205741312
2823485728
820989324
4003097844
1074514964
661570809
3365719035
446860789
2783746418
2944670479
74486551
316309950
74258486
3903405420
2434801617
2941439319
2719970313
3331111533
538682850
3856761312
2621914985
354960966
1032303607
1447275995
1446207139
2380118739
1755918246
3667196225
499052833
2387950181
4136455521
2465956769
4182286467
2461242198
1911267685
2859342970
1105810098
3109969825
4117131779
2946539853
3513529762
593388367
3110538155
4254740961
1983466526
3659415465
1763422108
2029906569
3347279627
2763607193
2231723760
1148011772
2837178681
3564433993
2431780348
2581390654
3058813024
1127905173
404177892
3611353291
1621870243
422851768
717642617
1095894444
1039570626
1449199712
862533724
533427812
2161752824
1994156618
81574243
3288791325
4140209341
1748831723
2228932649
2984482775
225792933
833364671
2929398941
3552066913
1154865405
732236835
458563306
3011840208
3566127188
1209416737
850006659
3509360991
449916141
4143101028
244411336
3337301336
3129131710
231767577
2814368601
169170213
35215050
90260704
951251651
4016582271
3026586303
768435925
653439976
3669373517
2477125728
3149991530
915500037
2903292181
1929446568
201901197
3725553691
2447438370
1299641728
4180100663
2946228985
2776673324
1882403559
1241875632
412983663
3296851251
1548915515
2084086289
3613270368
502220280
4179201760
3763160843
3629598122
3455406790
696765650
114770721
1483951155
174848436
3569925957
810467409
2378964918
3706714378
3333692620
835649577
3340553681
3958773663
305320195
2194146024
1470624994
1233739178
2057381726
537029254
4059709248
2490875908
3857863300
3850576447
1816908524
2664439232
410882035
1865332195
1737495894
2684393438
2301687271
3155688349
3884356374
1027180631
1266496817
1159637786
1326561398
3832624952
2693731467
3353090946
2169781205
3120153612
841250768
2880196610
621598811
2230555340
2102374517
1556551801
3347458681
1682736873
3345054755
340799104
4191044925
3806166093
1643762175
90279525
1683581330
3628056483
7814666
1956574483
3564467948
791497371
2777248009
2675716720
3306790310
2203922298
2021311244
2751704815
3952200934
1570973169
125042790
3429781573
495128918
1839243326
1614982156
1668552258
365527099
2690283392
377475569
3590954008
2434699626
376680157
928237020
1878815712
2690948228
2031431624
3991741842
2284667693
3538547164
1400045767
1067000392
788691856
385099350
981372778
4081045583
1059366783
4271327508
1778853424
1608443349
2378573399
1978593761
1425144130
624203312
3546109658
3050203275
2043799704
1811761551
1313545071
3448923801
1484498815
2479470469
4248914454
183755062
2841254707
1438618786
1759548573
3472894092
3851933996
2955426618
3283984252
2716704020
3713487167
2888385454
691990881
2598613579
3446358830
2753608030
2062074990
2664688376
292693259
2291055558
395294559
3254499106
2462727465
1586958485
1669520074
2041133147
304181329
1724212710
1874183993
898552198
3402255243
1382502589
923468144
236287965
3103305165
1398130542
1830981267
1677541625
1411744775
401081657
1794245264
946847558
2731182248
1071773647
1644662974
976977090
2291181066
1504190761
321429418
622238120
2851777437
3141774410
620963146
1471691423
725495377
525554683
2991790947
2549491620
4256216548
771583037
3880960849
249350001
1964515797
701334427
1300577561
1803863983
1911358646
2978598344
2403962849
2755225338
1133821295
22359497
3099637643
3407157424
103414767
1441768028
4048450320
2919356656
3118175170
140330184
3749757345
1691307643
1454029488
84226446
4002870952
3506177345
4252539566
803017951
770712342
2897161197
2466885824
1189990092
3722778792
581328632
209024511
3995588032
3332126684
2555611295
150123580
3825231230
2811992348
1316834428
411063800
3564115641
431369299
4044494835
1234930784
1697301610
1604892971
3883213303
2173713988
1439182322
290265809
1394146397
1682196966
4276639258
4111978201
4090571730
2052246963
981908308
4189351215
3595755321
4062696489
1470845383
1171082466
4205818268
3497757344
3649938929
1488305638
3886598796
2772471384
2463908974
1399774702
1263370439
844718537
848363452
2487076135
2267192621
3653722273
2884138078
4110469091
3185957948
1127532450
731790311
2918610370
2301621405
3544932216
1873077415
909111103
894316182
2199171811
2374955061
3889162944
1185040410
3714660420
2298041845
48490539
859463087
2680764553
3865223750
2729002909
1452140549
4256695809
2621367164
2957135446
523698202
2318212957
2705903237
782154128
1168404378
1134051628
4108271898
3521206350
1692879704
298822280
2608791315
60854237
926911351
2625774907
3700012107
2903988398
3454583573
3546522050
1054995645
2277297209
3912923546
3617948725
172464496
3544252395
3232276932
1673435257
1966531478
390023506
3588270758
3276861889
1999246980
4145257597
281672935
3772528019
973005659
2719999367
4270807408
412673397
1435281885
2543441762
688505688
67433273
3461017036
2542519621
193573420
3580736525
285223408
3184520614
1277833423
2644403200
203585649
517752243
4276553412
742202413
2968375958
3629739806
2231606781
2540390944
3458163319
2241507935
2845359149
893880420
744167299
1822800572
943319971
2494865427
3726718562
2697645713
1447237868
3021285635
1922600636
3213721032
1679915073
2666563215
223466345
668227848
3026121080
2329254196
2319600534
321325066
2903999532
2537465996
1194994691
4206519574
1747681932
1147817625
827424437
1682943066
1802523176
1170645161
2806724224
2400501431
4057408571
188063462
2849526964
4268947611
2255543848
3422031332
1788283605
2651599893
453332422
3490202700
2049018503
950944899
666184184
3686945738
2500474907
4224510649
3136387313
2729590257
4065167704
2417033393
1274973358
1938591433
1704696300
2760169452
785772580
2818716168
3770725769
2385052131
3539384705
3273398950
3328427412
1521110061
246058841
3484078252
2391091801
2728600517
1009375552
1484287998
514044007
770092346
3357002694
2068674886
908735079
1950210802
2150969873
1265399563
2259566609
2540116773
916039262
23182521
2114245618
1401964401
226859721
2787709708
311185
111123070
3780953892
2476319392
1784939903
1616935811
3897338361
3254452086
2131623884
912275573
1851596015
3528651429
1270932980
888262343
350851310
2604775101
1330128389
850579601
2613359890
2350165522
3276142417
2034477601
2322827914
961741105
3256684041
2506785434
677537924
948556648
2504996441
2185511026
3790751973
3680181575
936131937
3710666513
977830652
2780042735
3214493159
1998551664
3487757329
2875008870
1065350856
3480130150
1424081466
3399416919
2713428919
2355374242
1711251173
1320275931
2680106692
2825333378
2132150765
81559409
3322807065
4160845126
3633064074
1416053267
3710109613
1793230671
2626480212
2353311157
2631028687
3081588918
1931218723
694867887
118601415
1614326632
1284969276
1369667108
273579633
240316316
1880273324
1949359662
3648511369
377788772
2563245143
3788834979
2901390428
2274944018
807488078
3512454887
1125080212
2557880356
700647240
4019103088
3619320679
351015437
1203935223
3143983723
2415173096
2932274453
606142779
3415368943
532528317
2460552672
1492859168
1294729246
1418856009
1341921371
1412413885
3812298652
2580986680
1522564075
1357167383
3496592732
3301695416
3289513282
389427988
2190771542
1394944608
3917335431
2874162616
1291749653
2589573716
28085139
513315673
3254473903
1887524261
3284711512
1328096083
841198007
2713862826
3503261197
557788588
3689319003
2880058710
2822206811
1992145539
2231322041
1180643489
2699258653
3210247509
2735201346
807066662
3646223768
653856977
984992333
65953225
3938508521
3699256857
4079709221
2114693902
945103773
2219276655
452146055
492901690
2893055899
462895004
485036886
1433588804
1069752259
2217193752
705039591
3010223258
3686442234
2144349833
3903761339
3571516265
1345633524
1620887735
1424654151
120637012
1993905547
1830310086
584270172
365083501
3354382594
1383213223
2289628729
4231207162
1274370971
3682308511
2069805987
1015569548
2546110272
1614746367
1478103703
1851840133
1151772343
3280789696
626914083
143697279
2926942218
165883549
1899284799
503017425
377567024
2698635240
2612234450
1780464187
500945012
3646107823
573171645
1220019338
2778215571
2101321445
3695434829
3035621561
3120564163
2341621284
4236416515
1360645539
1052222407
655166198
3548131146
2321874004
2563242844
610557512
3238630408
4034281937
2061813713
2318812540
535551685
751255519
3480315101
3095136187
1491731152
444731833
697392500
3314189142
2290721507
1964041778
2268468067
569778768
1120682101
159820187
3220765280
4266525999
1538703810
1178402827
2279797842
4089876696
2343312920
2155370624
4057412205
2160434620
4207031496
391141463
2961412609
4083250427
3490141
3147763759
3438157414
2227919078
3814474988
516500466
4218847666
754525137
83974355
1856141437
3691968217
1555889790
3722179525
2397184507
827720430
327894869
3600908834
173284833
200796966
2195171058
297753471
122412507
2547614057
255773669
4145529649
1616374268
2020882308
265339091
1622461235
1655579425
2136552277
1038310532
4244254131
806467289
2851285885
1738086643
2360123463
514983352
3402274430
1501689636
2036271667
1867768031
2150488125
3564835517
3325568367
4006372034
2049203129
1324303513
554629004
1256888052
143556541
2433177465
2762367357
590190469
454728355
1502002398
3814429940
228562612
2162506377
1628085297
67063795
490276305
1164358840
2412968093
2504689867
2755624125
1415712162
4239525867
1635415288
838114170
3837215659
889926433
2787367802
4069135870
1065031836
3713604118
3752466521
2645931995
3610620945
3613816575
2746078241
900620897
1047823348
3753925209
3484270036
3725057403
1829090311
1065633984
1202442508
2183446769
926815559
3993350060
1083719255
2916927014
1961977858
2836907963
2648888905
2404170654
3876537534
1154622770
3555430042
4202262028
878394258
1922039271
3837529841
1337667997
1480558778
3129230318
2225290150
2610072311
1419418950
1469915202
3500273276
1304774961
473894349
921299192
3965656755
337096703
936703824
2687407903
1107394184
2171937641
754664295
1008666271
496746393
236758034
2494846931
81179484
1886071617
3171815865
3508558170
808541299
1448096158
1145225621
3350745972
60611403
2518256931
646989794
2953401981
3755715766
2021073728
1039643385
1189345855
4097219288
31658158
705864288
1091135656
1087749690
2453557572
3726785949
2284637235
1832268854
4144947256
1150316532
3054649170
2975612468
684762213
220024295
4258728002
3825120115
1483506209
3614479321
2533772187
368495469
535203286
3430041386
3050059633
4128195590
3995687861
2113422941
1291905056
2440200039
3476798871
2919704741
4187293322
1145583497
1352218945
2790273856
648708611
2039540377
4144027837
1741788776
2681152204
3877503171
698754786
3426967771
2497178673
4014109185
1842367240
3593392230
272306273
179575147
3835879519
2605023901
3588103728
2996327612
884813564
2855541101
3583965389
1168043982
3385491100
1828068432
3184600803
167628888
1028122925
404131206
160868626
2407380280
3513578145
2501439484
3380316680
864273230
835613842
1925016041
1133879995
2027556391
1047676568
48691084
2248902153
612122096
3125194081
2681348351
1197226417
4264129889
778725938
2793411288
3084264847
516326638
4027333799
3528059206
1564601149
1853440401
2075713416
359489647
3925116353
2576226951
3318143252
979450536
751449160
1790063988
881114240
1367063415
230209065
2761036674
1160727584
1851279830
2032929148
446599690
1306527710
926319496
2024467477
2149396087
2645867065
3389520429
3998071107
41846981
3966388507
2630355162
2672620940
497708352
1572354051
2594372541
1107555755
3594061408
2606799400
981326868
2779850510
2128219672
1150970691
3324532000
251710793
754099526
1518366787
655245114
4099722652
3887142403
964426191
2983484640
1332352422
3163558508
1257764700
3624817653
3012344562
2316816069
3156852737
2097685649
1908332734
2389107119
3920525576
3079568713
3114910132
1679062925
3813841776
408744489
3659728920
582384191
3318261700
4182881351
1378387013
222125671
587770516
3056381763
2891759041
4053081289
3007484250
555165505
3233851560
3102101872
3481669990
1299041198
1715954069
1017757004
1602893894
3661986208
1356321194
3905644372
1860079308
1490570582
3744730132
2717200493
8222625
755646368
2362516233
3391990971
960750180
3784896511
2463816835
1368687337
370314815
2804471870
363821448
3764185372
815985907
66034701
4230780375
3675354951
2773815678
2457212415
1851058803
1778182540
1295218562
2244617956
2494668909
3539319373
1946471703
3101522814
1985427687
2152916155
1652835577
2094450806
1036101833
3862282471
362715006
997902159
2947162123
411035657
761282366
2914728513
1827487962
3015976331
2522209119
2441199408
630742330
1127585867
2565640321
1271108729
1555527624
2650180505
1097803768
1172347166
2356215201
2145856748
4247979095
1426248468
3301053233
2192315272
1225167168
985110434
2154079902
850663270
1744059860
3152498853
2256836374
1656687165
2970179882
998864176
3383324630
3686887529
4105058324
1725290411
1267264903
497658561
1392665720
3041042861
96104990
1202470540
1287038405
2427696952
4044609685
2678741189
3579423760
4134225451
511042942
820773399
4143097000
1220509694
3813547429
4003853679
3685484464
3085044519
3968472680
1929861926
2293460395
3155827706
4170227376
1775475584
112515209
1761157884
2415617935
671804852
1602430700
2242180149
2422649598
1128135044
3858450076
2721263089
1930009635
1712000532
976899334
3666703913
1540776863
3312977113
1914403664
635368388
1953925358
2538720653
1450981281
3065492625
1987051631
2209506881
1488290393
489399855
1291000150
2161431082
3698976918
1859286993
3629950787
1399104659
1219853102
2501971229
3831562998
1395316036
1819608532
1011708269
1482009502
3160671916
920815055
916421537
3053740028
3458686724
125175763
4205464485
2580523060
1895105856
120170001
3489198737
1255536625
723133863
4179014248
3424392466
2541911429
4133764962
1258483587
2220598586
1238380032
1098308215
538565155
690743577
1420806484
3936882269
1934127553
1394028430
3065404972
2134614758
2433736964
1861574342
179533457
1869236445
1486014909
3286759224
219037569
4016474384
4031950018
2734926414
1827442026
4110877361
2571927576
817953605
3136542585
2422092181
15336968
2944230088
453621025
3070799941
2302969440
3246340085
2582106368
1430868779
3110873459
3788996870
492859790
565671077
1534403932
1196301776
3207401781
2013111325
1027293172
2542612434
4155274077
1268235896
4185237626
3899081445
2085232771
1940667370
559590474
430945577
79818151
3517800544
507756960
4146592924
1616709902
1487465951
1452133218
2382176062
3319166781
2504269157
2447111395
3442935619
1884605325
652140434
606202193
3613158717
622251298
3099289186
3269179731
149980658
4031996356
2434882123
1103334293
120404099
2270517361
2132193314
3521370323
2574459738
3465610952
2726787561
2761051598
3980913571
184380108
1275850193
678379626
3627382743
3609780689
1942275296
3487428785
2864484875
2863027816
3470090562
2479136496
3109733142
1145690308
3416649001
2849003306
2731897743
461408443
3439326524
4096007505
3904183143
2465046733
3884449375
315445091
1408269180
3692879729
4174591491
2428196346
247677869
968900249
2647429427
195618716
2126973266
4228638828
989887199
2126775191
2298443374
962186506
283273101
2473725773
2378184205
829790163
3669901121
1128819715
605471884
3972291592
1397377011
1306492682
2710653821
2269893382
1543187252
1257915807
1782424439
1790504235
1453635551
2536596117
2073051405
3272596807
1602864429
34669084
619541842
918568861
853894461
3449344410
340361522
1136748047
2008571822
482753345
3630982253
1426028211
388913945
2920142354
2829204469
2800986663
1804844720
3646635821
3742552982
4040552987
1560419787
2890611756
2982611622
3694632177
1714173952
1128232585
2327650838
1900638021
3328366205
1365325719
4156914502
3304091478
579337175
3212873537
2272454583
1723660471
568089498
2862502559
131012499
56083389
3212423449
3893716968
4223118151
1816010251
2557237627
3892495545
311095863
195578641
265119670
358863976
1350970624
2146981643
1635884580
953952995
16606413
3136088828
3619295496
2932982079
2012534758
2708696458
4276531929
3612038889
3797382153
3636034166
2150817876
1162801412
2693194171
948603943
1350990544
2909723090
1302904558
469478094
559226071
868641518
2342476084
3822123363
350775419
2759049776
1919247646
843940867
1381795850
2940836128
3395314837
801820585
1638296442
2739117166
3871892833
931887762
814026977
3065081011
3996667084
4218582207
2548146740
2110975426
516433753
2842561002
2156718558
4292023987
1150699868
1724284073
3217087249
3484951438
2797352763
438976316
269451277
50408033
1793347350
4147694836
3810220989
2609929560
1751603614
1588110218
3193868931
1961045151
486974449
453106720
3723378573
122188977
2157927975
3249448320
4069791470
2301568536
2307776852
3861656107
3303799145
2626929370
4175197403
2010803159
3132521562
2561488329
2479370081
2754504026
1574999465
1449425903
182643871
2708958760
1857769695
1457423624
1771590065
3899076260
3535025489
956330846
812834177
1046868154
3189635357
3178885365
161334480
3338900564
3806910088
2210954871
2868791588
2940795741
1814382267
1439572203
1140346988
993355023
791996429
2759233177
2515326718
2255238373
1761961680
3830123314
3191259019
2095087918
3894567042
467635361
1269813724
3396637274
2791300777
1590080769
1815578010
1078889928
183562579
2320400795
2643263225
451409507
1562090646
227879641
58952920
2654855532
2028427092
165160868
393714933
2591177624
2697968158
1112909452
2261284660
4146765047
2148981482
2211804728
4023865564
3323756274
3781406788
1891000257
3066323013
4039918764
2480518485
88435450
1083917937
3874354072
35058824
433260280
513827308
109418618
1375653232
3595228538
844939678
2199970080
2448147797
19034051
2297591993
421646197
1674141524
574625105
3438312574
1630162065
3140296011
3982168466
2954434425
1694083747
2158973754
2721741397
186595821
4233474347
1838365119
1363565922
2143969651
2973837409
1923490761
3738970267
19218391
991694783
2802160617
462951987
1105493563
2184074916
191808176
4040171745
2162381195
3737530605
3953720904
932591339
126445038
4059021149
59019681
1722924719
2524358798
3672465374
2332108142
458705567
67458263
1771966271
442676907
2333527573
3592287618
2577695386
1944067300
3840739822
534239241
1377347969
669673400
570032963
2626040657
2030378241
1411609712
386836766
110403106
3622388705
2731678639
2269233072
138954762
983450873
473648774
561234437
681904426
2538676422
615373929
3228419750
3270887941
1662440764
401345182
3352711739
638410760
2896041151
1919917265
213655927
601654870
3090888835
3208065807
2468541030
2094852462
3944008180
3778039646
401821702
163706461
752344086
3673049098
2853196444
660612999
3665114459
3975570928
895210579
1400335874
4073232755
2193796423
3811341772
101765299
424651027
3131627763
4059680350
918140702
1036652670
3936838939
2690610959
2842353711
2985011735
1218134970
1419350878
1120593875
266093704
732202637
2910000422
3444007590
523385090
1883243306
132656179
1189472324
3208401702
4092328645
475983419
3445598143
3483935157
2518152254
4248061294
3446490738
1733805473
515940440
2774645356
2886921436
3994062549
1392220413
3938039980
2952828558
1343683826
4130285940
116648644
3351618921
1235863633
2429056719
798338713
3202040767
1528361124
2011469196
1220182566
1202355387
3620854237
174521886
2252550498
2908564947
555744234
612425555
1656870431
1972884457
2860225380
2863688937
3792389963
3828078599
1980777541
2617196877
3943409598
935120354
3420193198
2036053536
325833760
2867406364
3491192844
838882397
393034739
3144653898
3930823658
3280600119
3083082569
2244246515
1000687921
3688523259
725898259
965250262
1974135191
2309564958
2790396860
3840405940
874393357
3024307698
4110759711
3465498810
639405308
953882256
3693759250
2460073857
1123133455
1391752864
195723342
2830024521
2593571590
2244591347
1870076783
2686453955
1307642950
2652872566
1375501519
3162967773
2914694997
3431173299
2025226058
265763002
2131178445
4073247579
223656858
1745667610
3004784361
730561092
2212732731
3959874461
3416596144
3367217500
2332691773
1805405884
1111568271
2576613230
542069241
971509851
2198502824
1774381216
4098874029
1722024049
780980622
3238579012
2571315545
1854236128
2474896652
3242147500
1187589993
3393365307
3426489770
1656224703
2993832756
1890057613
2194635188
2236458162
2678349944
15078322
2777962353
837754821
4122450391
3638426341
870559348
3268213726
2359475676
331363510
3620625365
2726864723
513133400
89057657
4252739247
2294387287
3262512045
693558334
1067428106
3665549918
4186625120
2640611285
981384040
274801718
3706430302
2754164358
1058957209
3831962117
3515450039
3151245023
1403218991
494790126
4278641051
2856553817
3500235169
2622948059
1093771152
2711635600
3269155151
3415195358
2464144802
1307470267
998452293
1526725704
497698448
866793702
1907255091
1963556327
716449372
1760263813
3617054720
361214675
1382687255
1041987068
680541342
515085044
3098595950
2381595430
1043557032
804303586
2942522961
1398450815
1715422095
3509217354
1671134482
2456073704
446137627
2231593267
5669756
4056007082
4064396774
1878409934
36374319
3795209553
3184861436
2481864055
2931338409
1740902636
1814381443
1486368240
2322861173
3879978905
1855664344
2427710316
2938598367
1081101527
3097593853
2231101775
1209591829
1072757820
3648232477
1033665046
2232520728
554657859
3627972233
2960560678
4002961216
3354556751
2137706988
1389902825
3272908942
1757915717
2349947985
3406201530
1808585065
70021699
1681473776
1429498067
2505877586
1321107819
1639977649
2334107249
3414839681
3843434119
890458632
174018079
1165296252
3619675406
2310508750
2392845716
1289857170
2524010223
3044320419
4110136108
2290664424
550971751
373307039
1188175041
3251403482
988065017
942938520
2013652262
4053184553
2490350303
1878598840
3126147659
3175606768
227801659
3373907747
1830211915
2614258417
3969728047
1033450929
1986820849
617049458
3511662831
3131496306
480949613
1067485469
1244173284
1191801650
3158505593
2769468298
2668696106
4233350682
1903326204
2257773771
2872963769
1462609001
3311283655
147499901
3854770548
3505858272
1891310811
2900076807
2759987639
3190889684
1638359441
552558666
3981648860
2591818438
2064520760
568510876
1763182847
440854160
4034998333
3175278404
8423621
3443151320
1425804972
2352326966
3600065520
604350368
1938955886
3218403020
1496308151
459711937
2524652271
2507888908
1738069401
3152500288
1415207237
3064623180
1142346654
3056865960
1344520081
161320348
3969245684
3875346716
4121763851
2071218781
424474177
596405352
3158578560
2140418156
2825069234
2133680890
2709989787
3048302776
141061116
1031952463
1174475627
1146375860
3204487440
335487322
2129474125
487656985
102599657
1796436887
2261367100
2308623303
3641294227
3864549862
3772786241
3028203627
3859569086
4255934632
2264875332
2549397647
2005610517
4032614675
1049452188
3672010465
3719774858
118871064
3435360409
3419624629
3709025799
958789012
970426211
4072920279
420489918
514017726
2999798734
882502799
3921954436
1302943083
3936667236
13278430
2270454880
58766183
2757820906
2741553749
481385075
240020353
1182352050
434965527
2309622848
1862103310
3782873563
3260132852
2079364301
1513065765
2545662516
3807133026
238527180
761673090
4143157362
964012385
2114958839
188286158
688356241
3462862825
1455869228
3295602375
2204638235
3985274263
594914403
3681108719
844591681
26201159
3933747257
2725094903
3747584843
916543673
525283559
242786570
1198286856
4208601870
2729813981
1270194783
1115633434
1882122035
8950185
2031842256
3011693609
4177369847
829266173
2130330413
1395673439
3118764698
1219497717
1162361957
654420735
2403756997
582763085
2197527305
622398741
390492162
4155345135
3697287584
3121800772
659878012
4037593000
1862499078
2454745281
3905630517
1421671798
2588494183
704060468
1653904958
2075999466
3396663103
2119130487
284093644
3339207482
3266108845
2269630294
3713500136
836875852
3339408656
3496922435
1230277846
635294463
1461651224
2271668357
3595366100
182403837
971278090
1585620072
2310235324
2885673305
2400324634
595748505
3488924894
2254342425
69286469
2314296603
4294526144
3905650465
601896706
2004157897
1529293006
336514493
2880778023
626795927
83699691
1183730100
2127758533
3431481378
56792543
1095681922
1091745124
2617478862
3949316891
336646811
1325406400
868207957
4048009194
2659198200
1667181285
421502737
2438521672
3073232008
3180794669
1928870669
3579942420
1200766576
197725589
3753373015
1535832193
2891192230
275182318
275669816
4177513035
2878476952
1154729975
852032349
1793684895
3952481941
1786918620
660273868
1490144988
2648661480
551778625
1041128031
1032394678
4046574218
2653661916
1393575984
3410960234
2532469733
3620186901
556238539
1030061555
2058887300
818616316
2614931942
1983687803
3310114924
2059748558
2392586677
1564342755
3021934072
1501073079
3689726951
3142406570
1282291448
4205865567
1461005867
55326024
127018747
474321814
2380536359
1030610856
4172693538
3798487331
3161537012
3757364196
4263122356
1747382495
1951427326
1721259707
3210374564
1906850353
692384274
162495925
1812503949
3716471094
2764300534
3029745855
1934075577
1380992047
127655819
103262955
1360828658
780031957
2903688896
1385999230
1697344122
1271314089
1925884561
3806813329
3677261565
3414555041
1157024808
828375267
2645406115
3888475426
3632556891
2354256355
3466685555
1302523424
1025310360
558976635
219428873
4044606043
1188966317
282721178
757646861
1124353188
119016746
3602693884
1307223320
1198314288
2236867891
2065232860
2793098736
3368485368
1623047651
2538317983
877388448
3063342252
2445150810
1340656776
3231388689
852485743
2984794774
2591891869
3680720640
718048750
1133300230
2314895567
2160410773
3617395282
2097822659
2580458613
1381186675
2741574167
2948155706
1185114251
576531510
4252552512
3458089188
1263158296
157278148
1535167529
1667219746
1657194690
2608421000
4079991715
1822629866
2622870148
2816176323
259807652
166647362
1626270604
3724426047
630045017
333534844
595490584
1235861025
2554603439
1260009904
1511899436
50739171
2321732408
403829475
2665707913
3658813615
2095170436
3332099403
925099368
3169657882
397050633
2960504665
1290100859
320104265
2312908188
1282723929
1199812333
28232004
1682674206
259935791
3889972641
162726005
113106525
854415069
355294676
241735989
3522140920
72515319
799306064
1051900767
3574332838
3431051457
2683716929
241853933
469939870
4228606761
1435727871
2824298484
4129994917
3722967338
758623745
2837689022
1775693829
3336647310
1319884937
1291835349
2189639235
1105201182
1865684631
2853683537
4002304138
2418729519
3548144637
2171807159
2492707504
761305478
1433853254
990627861
3226077603
2361051371
2532263195
1760584592
697841446
4133958820
1340210439
2374353934
2440929829
1854187460
3006312735
4082790984
1376555427
393478471
3909382231
1167294778
1753204664
1487752771
640689003
3665765841
912020328
3291714428
853791029
1308737435
1004181796
3747631076
1647860945
268678817
1996919720
2119424365
2329056680
2811847379
4028793119
1340864370
2447957590
297087491
771575148
1104495104
1955736352
2077783941
725029096
1366256391
3913107653
1785297039
723169901
399967192
2622320362
61304395
2482332608
3769317626
2676409633
335487394
251746848
1257671998
1242629934
2852053176
1519004994
3627118904
3964946463
1379812944
2613887174
2800612874
3469567766
2027788470
2130405518
219099299
1706414260
1753905731
2077042282
128196400
3380842931
4141165798
390871914
3273554490
4096016854
1457249453
2592256557
1008202486
799818469
1719392121
187961808
1357916001
550131348
1592549886
460007335
3945848418
1729345706
1737422269
2972076854
3184286560
1074525793
673506801
1653774128
2292142769
2423202783
2120571221
3493796992
2539321878
2609945151
2920094545
795463616
3698050341
1048759932
987701805
1595191798
1638676527
2091873288
245598198
3797635504
2680838185
1059416993
4014763255
3984363605
1701653605
3321980512
4173639120
1372299281
2567854618
4152377093
907297707
1583922070
2274309828
2918143288
2748974665
4022467797
2861620011
3389645717
2740368703
3807517624
814385817
694364047
894687137
2763902066
1037075928
343200965
3148184894
4208870086
2144711351
2999084173
2883020763
447649036
3433239682
3405908564
2422660158
1985597174
2023535360
341526547
1728789155
3454737238
2303231507
151417593
642434683
3415921025
3377757726
2466260471
3920271085
11622371
3489081276
1912700108
3530014579
2622437619
3562251967
880985113
754407217
1014144529
4276983120
277985551
2822591478
2876485401
1807867983
835432249
3814033407
3698349992
2501179675
3257826570
4267584776
399263473
3230131928
2395185662
1578446484
1771712748
3189280463
3344601310
3135798451
2844088153
1344285156
335671864
3797503742
4216180361
604580718
1103498079
1568837795
1097619913
2732776841
1309064976
2057886823
4192127757
2912657377
3452216176
4283601448
369588577
334993007
1795223989
3259746411
3673423789
3510811539
1499901818
1212045964
1251613705
1095886889
2746206480
1895616547
1579145541
1691601893
694143905
2181066275
2075633093
908747226
3486208093
2120856881
3627202848
3490745083
2644216238
3791955276
4291189155
2863722091
4229129005
1237510916
1025186683
3750559210
3311080197
1809160105
789824857
995604313
1767020726
578091061
42792963
4130336300
865168923
377867609
960432428
2275303857
4242409129
868344786
178865098
3729235899
4062402138
835485780
3600006880
3163156492
96548177
709167709
587262281
4029161413
2701664450
2848959169
1506668216
1782930531
1466128147
4133830887
2991321236
2250781311
4272442661
1649584118
1428988171
697826962
3964443255
3097055010
3128633398
2561230489
3637791314
957317482
2185442987
1073577901
2290462640
946534025
2347048692
2129624603
2427254039
203106049
620369846
1242308499
889253242
3163775750
660242460
2668162140
820215261
3515843679
2856013648
3198998833
886911333
91385455
3772675687
2446280804
513129643
1882985503
4246606913
1551771898
6151064
4262246434
3624413565
2821636196
8549674
1078337739
3373561051
2288642289
3125253599
409018024
2983030016
3200924355
1507032386
1493152834
2693322029
725348561
2574426892
697594868
3176289639
65407465
3049471319
3340970246
1066147926
3129742140
3047667327
2083170355
1342040632
1314108622
1655712685
1681959232
1235978364
3797131156
3174845732
520978528
3584889572
126979602
1067942834
926529443
2207989529
2236327774
3030620639
32997886
3541352123
447813629
3123540495
2997303000
425988886
1924415298
2938140695
4074373281
3888663925
3911712618
1898293620
1187377608
3189475945
1622277551
4131437883
3943517549
2980558264
2487892431
1244366867
1587943502
1941646630
3437720613
2013080355
3970714891
3646620518
2892630684
4158693603
991723306
2547774687
3518697133
330378449
1806146089
4078287182
2998087208
4269294706
2088872867
1698991294
4040983973
3546980063
293669431
1863494434
669141742
2986989855
835664339
179838355
949189945
3825472101
1011153943
192381516
656486638
945198160
2976058209
2438465463
936971806
3790932059
1011265016
1170348262
847776131
383628118
1712348545
3477116430
4117126043
1543171712
