1343575473
1835023255
2581317865
147771227
223899308
1467225142
284797618
3957619598
235471992
1659993233
2395985805
759657687
3029145136
4224671661
3182457392
480097307
3454093612
2891775270
1713763794
2900727075
2114042547
2809418933
3214596531
4192358834
2280633102
3918630707
382735149
3754999524
3785916306
1998650581
2618586094
1794094357
2680552801
1319391904
1694226127
3062308864
3694535220
4117634978
3894662121
913977152
1439470845
2613595204
272676795
1222729217
1696823259
1921896987
1387308182
274172857
4040421403
3212029562
1563422561
1061615183
2282885671
352779853
1145766405
3213254793
3532979627
1075162784
1571048274
3927360037
2044118130
1150911636
570964345
120893936
321761917
657518939
1293288842
65440133
477553910
1827642
2164177959
1815886361
1225490190
704530079
1934001921
991013577
4099416591
3986469490
1117097718
3302480198
2472129007
4019211358
4281919838
327396577
2380430554
3564031614
1227808096
3777835840
734858610
2054430402
2493915116
1978121732
2694889329
3443588784
3022895003
443846716
1152729510
3394199662
2032465118
908130670
3324799049
3887793496
2473501979
3524219044
1030417580
758973107
1141836263
1541074491
2591672180
2865752999
3363657533
3460023965
1516825745
1008301661
2794435219
2231588866
363274842
2647067455
2107973831
1820424173
3709533592
2506055711
1372335299
3018502828
590984148
2588456922
565690132
3765795132
2157935514
1401550062
440375267
3360751259
3450808010
1834393336
795833070
3959803011
3564745637
2393706985
1461554228
2021567683
833779473
2693846814
582531340
72796795
2213967834
1506109862
3470110590
3310376474
1807299989
1260814348
1235056770
561977921
1618543449
2706173297
3257912159
2438647983
1801205365
212085209
1935645766
4050291529
2808742346
3198426838
1600798297
1991406702
109389459
1203817211
3371236527
2961953394
57071899
1977989752
2063369825
1678295495
2574270142
744790022
1418328039
2256051559
3063087387
2578453276
682926039
957155471
2194224389
3068262744
796435373
661173075
3063720137
2585641388
2438377913
596893154
3066417851
1682352733
1651780131
587943577
451587600
3626796166
604773414
1865069887
1500338895
686641839
92263889
897924592
501163443
2988548429
2730602089
1113447099
1307608399
2523953852
3120850246
1737802759
2546044699
2005389097
3805429732
596836841
3019492753
3274588048
1409513644
347256204
96047580
2074155658
3138836376
1886669308
2950115096
2583820598
3494751715
3745357299
4246154027
3949711869
2959364954
468297866
3026810723
3386661701
43767544
749275935
745600531
2385046773
3245273307
274272201
253217362
1307915423
2564243234
2325546225
2274593649
1818942531
177514312
2396297148
2530697378
981368284
480461791
733245937
1032346534
1028416307
2037549690
2073236574
2370921449
1733216301
2781952753
2661539355
3568362705
57470111
2470369777
1043545433
1532031096
3594052802
2282655895
2961512905
291061571
2937080700
3066863618
559787180
2382919335
3822958137
4137681884
3066439707
1809571941
3559923301
1872113877
4150157062
3367352981
467777421
2781579279
3579068770
2848622128
1095146814
646156793
2552519037
391936904
1711652617
3335239783
2403092478
2167953341
2912604570
87946666
859695697
2109033993
3994860674
913956170
3806882931
2826313204
309880621
1619910006
2006729915
466284120
2456603926
1963875850
1199534611
2965760546
1040406641
3175901530
2998302983
1222416710
312642542
1186749485
2326619631
2433350858
278307936
1191746206
3263305448
562822305
2647898032
1091497012
3894525310
3624151715
2336394090
2930978931
33355565
680791801
1671492970
1843609556
1819239142
3543732550
216431431
1123938406
4151979310
1118121520
2997041141
1536464799
3246126004
1099926338
1166454912
272028063
916016795
251777982
153762407
4059268336
784320416
907642045
2789371808
1049308233
3744241099
3258350465
270391866
1274029925
2822326886
3220238488
924776513
3261603741
3744719145
2773467511
3289122683
2600818487
3846270713
688064801
1895725452
2046947024
2029426778
1476721663
1826495770
2478509009
2326309652
1184429759
2314808533
2705687164
4210627046
3652803444
1377892914
3542103423
1320965325
1331595766
2206044327
1107833138
4274239718
563327912
143793101
426257836
4088500751
769612564
2851023412
1281941317
51715977
1223160946
1665009867
1569192855
47503952
3779125258
2978144680
3640075261
3016685794
805830413
758889359
3406551793
4078537719
3956501888
867092490
1533988158
1803848907
3605429952
240357926
397513020
3945271064
2787872250
2127643535
2893681372
4027245228
814869481
1157687823
4040583079
3181866585
2698914405
716503845
3139594988
1974781245
2792748245
2454681369
288029686
3259160983
755079449
4276080627
296802253
1236512732
112432665
392100241
1052040895
879378403
3726860151
1348840181
979966058
3050949124
877140254
1972634498
2463734179
3850105967
2360310472
619839663
3196827191
805195082
660703414
3429424947
878115522
514313670
126466107
3889253344
3408783051
1104639314
2338985257
463640378
1597629135
1041544914
2657673256
3693921649
2206193106
1490876142
281010024
3941083176
2019977437
167313296
1895636162
50795346
1876416850
376699203
1724455661
3335068092
1144346463
753164596
3045712005
2965335667
335037953
388690835
3674301744
3025513640
1085980619
2655038640
2524024968
2451952845
3264236977
781922289
342793201
3092414788
1170586453
2717060001
2187381773
306933819
4172313798
1815509654
3368474313
2206180051
1516434290
2091810926
1430812655
1648496665
1863057107
1276677187
3315482153
867754275
2104334578
3049379198
782942400
1782487397
1521969705
1283652162
480134244
530988100
2359085015
2818448168
748031081
3571881181
2578106948
255172685
3712688602
1819888113
1797915764
2817459209
3994703042
925446392
4116165083
2127505893
994395790
1191197494
2352928302
852534553
3857008184
3483289726
3892862950
1452295878
2915799004
1555176917
2900635157
2053815118
451118333
3143556288
1356508080
3042569146
2079956200
1776442669
4256352666
1553251334
2904690206
2976042042
2939278227
1098164347
1898938892
2904078720
3582766742
1309518365
2228961616
3270423970
2794328042
2559942332
1879000913
3474196188
1074416555
4096684771
164954389
3103094493
1348012835
3858374055
3822727558
2336759327
873822785
942250984
1230168925
3193725378
2815113638
942651836
2166760133
1809398933
1831293376
2070818748
2070480781
137131321
3091102671
3369059426
3628911932
2612516798
4114999948
4134501951
2182275553
254859169
1892839059
959160748
367656238
3225047501
2841107536
4239662361
1756146193
3150167606
221022000
3807777593
4225312643
1616574905
4127982940
1262875561
4287423698
1072274008
2129237716
1353946167
3188925956
2198771866
1429021182
3552659018
1455307267
1547818254
3335346675
2140861193
1134355697
1831198188
381176429
3621033820
3432714512
2317575175
1241811446
2600925453
2791951416
3255513327
2683312285
1203239538
1685421362
523836786
3737435700
3850826017
149113765
2812203277
859031453
336159823
4028774124
2730270377
4261347751
2519955637
494693122
874682925
1382637226
2541644344
2449643671
2493693015
851154451
1295350287
1478263099
1289604144
3274734256
2526083487
946677683
3791199623
444919598
1215171319
1157439996
2546124004
2877357134
666927684
2124117613
2002220927
1729900775
1815330918
317284899
326986710
1863964763
4176939894
2575889687
1294887426
3147480258
1331637492
1521669219
415222567
1053897374
662475311
822626616
2074921184
106694654
902254896
679383492
2614959804
521259038
1841618124
2638001606
2796412535
1134427616
1593264517
4037786944
1663019511
2884397621
988018285
246988286
3289144672
2980366393
1921114145
2092412960
2081331112
2368244382
172503842
805564215
2946466068
1187143090
2267828905
575564549
1053603493
187754789
3885616330
308676400
3283420425
2654689518
536682739
1613642228
3622651835
962056007
2553785902
3745361264
3886172839
3954554318
2174428758
1971233359
3031993996
3667640676
3907810886
3296383589
1379423398
1566580391
2654738771
1281402954
221042362
2185883981
3991287884
3726189493
1104749229
1219987205
2463524778
1618733879
1833322637
1810675865
123193882
870645561
1105371225
2821857715
3037593631
264644018
2651536891
2279206937
4278811045
3067697332
3043874548
3858583078
2877229535
1035665329
967831632
703984891
2753713280
1979565711
796946295
1118035586
3029504245
2771061772
2846837532
1900347707
4263805427
3668751859
3249762352
1086380426
1891491476
3959369404
21584588
2626280953
532924341
1903669539
2442791989
2717004849
4205375617
1266199198
2975051120
4187086724
114800344
2723235082
303830936
3987419521
60328728
2424473665
1613901572
3738480741
1640781013
1283757582
1146429117
3935645996
601085069
3353391380
3883353441
1352011421
641518039
1284152367
3165385928
1034498787
4060556336
404448284
1268703889
2132666956
2082427741
3238875288
968796114
3276695195
1693913656
190097303
3261323496
393850507
1868823488
273595228
360178038
2505559538
4127343584
2972526025
194856095
268299965
4007225982
874853580
584534059
1714529483
4003650961
3339582726
3746723944
2702745546
2995230134
1054780659
318717445
1868043960
185122346
298055234
2970027077
255563172
934398425
215660354
610254659
1720946392
707505233
3556803699
107984397
1473010693
2945183332
515201977
3130812554
2890477122
1867413402
611110351
4037264110
19452625
337867549
2697617733
3676279694
426059518
2362442542
1367439045
2222741045
3411051143
3459231768
1592653102
3221535504
3024264306
2950780254
1731609786
1004276781
1378930462
1001220085
733186597
3844241614
3391883048
3198440693
2824206859
4095154179
3748131676
4100350990
3530147245
3590318553
3148307215
359093414
1788029474
1423630706
2524338209
2243437587
340755237
1635199141
3899932035
3358720401
561142608
2249302439
2128540512
533548265
2001648591
1450302617
2492074909
3592056936
1292650916
3109186307
3066329287
880883302
347973075
3742074425
3085977197
1078246711
74019563
587506518
1344298898
1869727398
3122330867
15611789
2908117787
2873780221
1999162395
2306825970
3102915349
1346630211
828243225
2926282854
1370484536
3380313532
4003766337
3029668895
2690268154
4071818588
1977171341
2127885506
4094074966
3753598277
2645735449
1012582329
372946442
3108538893
2407099760
3616988488
3770505759
4070691760
1569776106
3675197410
3787124160
748742291
1686167371
3362469615
2029950264
3474998230
3822760667
534629167
2649145202
3372657536
592463458
2343753800
4059138657
815402362
178410689
3760229025
3653036301
2689840331
1216931436
2310324951
2599358966
486169928
3021465392
2300160851
262920576
3792072312
4161627503
3098302281
3582584634
722537659
200050572
1690778241
2981283575
2998706865
3072970210
2910073735
464982410
2630804478
3964404450
1472129395
2926813352
2406606257
4051045484
218980047
2200088434
803810584
3447869643
3604736942
2375395433
2712478100
1421074187
3698968156
497992674
2481040607
592274137
1674193687
1136589579
184603654
2246046844
2844785063
313591621
459443426
4106505919
4228345431
2695273779
3304208741
3663111876
3694559100
3117210236
2147737976
341874682
4176972260
3616908515
1302671353
1846844778
1309676274
836389695
739724751
3024825272
1150406998
1051371489
4281780108
3543948951
1465775503
4236226831
1782066437
2125859951
63628706
1495295080
3186650773
3755589040
3963222583
1304239264
1030218551
474680054
1846896364
2642974535
3672464835
98221714
438375669
3517289126
1830225580
3315390763
2739756148
1498252459
3256482276
240158817
83740527
917172483
136676712
1527815967
3257638675
2633433358
640609643
2602259729
2379265384
3989319869
252323356
497242737
2239627320
1778808348
79335402
649138839
439560094
901165864
4250948963
3160496822
710407018
3316631585
3325731205
4159752803
26285393
1364601472
2298163796
2920670901
3106459768
4227239491
724669437
1909033975
898512376
2668202628
4278510790
277694538
2957394751
3081577626
754542274
3189128466
2790130182
1220681926
777090402
1996798745
533773556
667526506
1878658814
1270603069
1217786989
541821603
562199750
3691897602
2003476432
3746205057
559264305
2966797597
2004431021
3536385920
2874334034
3511660578
2431027748
3916260916
1662608003
1324420826
1245263096
683113970
2872380999
1257775598
1354092449
1173435142
3143438033
2921057528
1290068507
2267160287
61466762
2079900340
175842900
16677683
1174577712
3369169767
3346671401
2142640713
1731082841
3730011264
2547585210
3570886036
3512315867
3562828476
869849134
1079850005
3037362975
1275176297
3599490781
2244982206
2313330959
3298124922
2453871463
1415485389
508059032
4189190254
885380285
3269804139
346369322
1020801372
2713520397
612789043
3651359285
137085318
1999521541
3973073929
4157978665
3466336205
4169143071
710467576
340111464
3757445925
1046082425
4010406704
2286953720
1229289403
3734702338
722287886
3011967816
1444890520
980751912
2400218763
328124901
2064347106
2652468834
1977078055
3611067802
3220207858
2577880455
1824760611
2994800179
1910736925
3002861040
1334346360
3590558544
2025149714
3805265699
256312915
1902828182
1943983323
2819606522
1874894444
3060149837
2099472652
4237952988
2009234615
3236277642
158459599
3326448489
393092574
1569980994
2361430043
1443459752
313041172
339218653
2935267384
559090889
3904516907
2292503302
3416602181
990571167
2709505647
3434978367
4143801752
1402632752
149136820
3715634259
445945798
3266063968
616471826
1602169160
2968708666
1976261922
677346650
1001652052
1525426465
3293572636
611056341
2066508957
3249259373
3820032193
3519548847
2967820456
2651785118
2390179976
847730692
109899159
2872421586
1927358878
2351736165
2427444559
1066656896
3949715451
929220431
2630597891
1081176809
1909949509
3711881704
4165520923
1163828528
1006777257
480990695
1187879334
1482773270
1447125554
3978222535
3911143823
3090983875
1804240069
989722238
1005141868
4062845792
1583274391
1736093816
2968798718
1579086433
2072973620
1582527566
2237838047
3354096674
772312109
1783554713
108760309
3094328129
2981772720
285458940
2492171620
2876022455
108644323
3073714450
43134619
2517848923
2212412582
3278039189
4203436759
531131921
253617795
1892086409
3429255783
2182611737
656872194
3083578796
3055524250
3175782985
1523298282
2781911911
1466995428
3303233472
914154847
2379012008
231583870
771844926
3770725370
3318211433
2318969894
329598430
3133608090
1130639369
1309873897
4219603561
1744864306
2215964645
732135498
3127742870
123019972
2730475379
3454077889
3919351702
3895455931
3879667590
3629338369
433027559
3619722923
3432133466
1182174350
3438587335
1039766444
3583766067
1478480740
309342436
3419736378
1739021305
4921534
3130177026
4017968457
1752786836
1208697435
1581272463
762777026
568115244
2394293547
1849318700
1381079487
4179399001
3993683828
3497994533
3023064115
3327072196
4196528063
4068421697
2183725753
3727404628
2676977561
754461553
3142599446
608716378
261370721
247885337
3492079164
2063057279
264361359
2044106307
508870511
1266348196
2733872949
1791132063
1537613682
3430753935
1453744919
2514004989
3597980473
118625396
807069004
3575666899
1444915897
2148338889
1641565107
2760694684
2493533360
3776447199
3024923182
2929411811
3790370202
1720533918
986245627
621624398
2880448951
3534624550
1518610389
1092442502
1102054794
4133148391
2775250513
4073676689
2642947147
818809592
2605449202
3077444999
3219490969
985173117
3415543781
1317412510
2441131403
3840289690
2921888386
140757232
2087448565
3441041834
974189713
2842515600
1274459279
202473294
2182714791
2638781023
833624355
280151509
524269205
2056041805
2486534605
1028421803
4259147765
1225113546
1873506656
2856989497
2627761718
913820382
78684972
3302638581
3895602570
3419314446
16796563
2823229001
1621705927
98364882
681997967
238474215
3438202041
1062809950
3037675232
3702614597
3692661600
1212204026
695143414
322240292
205163142
86678094
2966755179
253605701
3824734355
2488990417
3142956567
3390012016
213248348
1046066189
3951859227
1824132876
3173645469
1227258415
1572732167
2240237539
3058737146
2976011310
1852561793
3327990286
434008408
1577295085
1731859346
523544739
1514242999
2562399248
1675481473
3597761664
1330259533
3394069568
2599857559
3561197082
2153979981
1235900782
636426092
3850268814
4203791288
78696658
1489672795
3217867058
885565885
766948482
1789081361
200110327
3212204876
2412566558
3945568804
1793742655
1380393299
3546328837
1076175298
364391182
2904774230
3116530396
4008965629
2719496687
3174442828
4077993856
3618563693
1515361956
3192125302
372407706
2034146311
2446106875
4048441694
1909531737
2502794057
2738294838
3524780209
888329696
1601608398
652120516
462267963
2477485738
3723917557
1248602296
2871557675
2830091288
4017105853
1424264043
2722068032
1815443440
688033555
1401207039
3801508074
831668972
2410787001
2550012266
1822087970
323308705
3985237852
2179120907
1846154147
4077131237
3923105345
1164336146
4230872168
3086852624
1015943574
1847666953
668240368
1673320203
3634591895
2461842754
3738178004
844264189
1517170062
2613498686
765110118
1930423686
2625638910
365340669
2134405160
3575293654
216923187
4256317701
562306889
3899170908
32680936
210943017
167761628
2105037746
3587116066
4034602775
1978917569
3190203783
2659332402
3466331832
3928487969
2086808181
3884638715
2413930337
2486824941
2939246827
3055048224
57250575
499993755
156886528
1571730117
1279136560
6989288
1905749914
3712469103
3028208732
6072798
3469163059
2122449142
2226779409
3493957700
2154943583
3840247917
872475768
326398530
1931941833
2642875883
444287419
2267548905
911206883
580103412
3913397219
1135334925
3003484831
274142673
3821540414
1672088762
137864416
2080052492
1877405894
1488449523
459503851
3739842099
4203755338
2682903486
1818467077
1930361664
3493094572
3569933397
509165844
3333877458
2249503032
2003140034
3158013253
34053215
2381183838
2048487377
589136212
4100027516
329115987
1308862617
2583923850
2243017347
3304878434
2500725
1152641637
2138845297
1650846484
2257926013
1267006231
1293792859
1913577913
2090549421
3308823787
1406509061
4120983279
4147199087
811963762
2596408843
1140845596
1190134364
4279747664
1743808593
830141551
3536303607
50367975
2519573960
3901067249
439687571
2419866014
917315430
961606187
809206505
3243197738
3087762967
3136879520
1651495371
481436896
2086946733
1569189968
1752908926
3553708399
1555700853
2415416490
1059208228
1376720646
1451755894
3226626115
4288389112
2565006259
2895239489
552578446
4162893619
979906811
501680025
2117165430
2453376943
3432992771
2951706894
3315923914
573663399
4218947089
4080572810
2070138371
1092113833
413690252
559887508
3185883710
1816072727
3846733756
3325810926
2374119286
2565272393
3592377735
347517956
542960572
2321481698
3812811827
2572741740
1243144635
3199672935
3730900897
2927656617
3332168447
3176182489
526271516
1188316257
1895362406
2530845026
2465169852
2474423839
1772266308
723454902
1552344656
3550469598
307631575
2214779964
3136641596
3744527682
3737412405
3423181863
2657561450
560095999
1177754381
1479980737
510932313
1779726986
779066213
1342857953
4007875571
144236574
1979483358
2720865390
1597766307
1736466245
204126074
3867345914
985128254
3793295439
381942655
522083065
1769505250
1455475959
1782171207
357823872
2303848301
3524218846
1393369056
1256353013
875256139
4111707224
370029017
396109541
3340443593
2744455235
2001990450
526216121
729304292
2654968295
1641295025
2879054519
3979722179
1596701614
3675472515
4015591472
3894025716
2259387067
3094164981
1409412848
3365371812
1426346419
3274111443
945667051
2173843675
24684238
1788688377
2125090713
1963720837
2905956070
3031226908
2049248227
2396167167
1270374016
4031787491
3174782416
1094189671
4269930518
2081645967
2052363446
1898434926
2666106531
2894636289
259621771
1655362338
1835430280
1590652538
3293322522
3377803315
2925906407
3881225793
3385011353
273253593
1686364077
2967138581
650619409
2419661733
463049658
1383936722
2684551043
131292636
296951071
2725308441
1212098650
3420191593
1458417800
1935175644
88007101
1258349783
4203205328
1091506874
3195140061
3873487451
4257867942
323835458
3416114320
399576301
2181986682
3440556636
1171163768
407539063
2465046338
4273035619
836888806
2078316570
1620738657
1543684082
2798043447
3152390792
1600649738
1571183577
1587020007
2110013177
53383488
29891172
437317392
484416153
258952573
1844252209
4084966738
4195853104
3397593162
3293931922
1449039653
3798568420
3926108550
2748385853
1159627202
3813694928
2437456891
160892330
3321040483
4025044055
4132277810
2063018781
2207485889
3448424584
73890035
3520455281
1669793243
1439040015
4162202132
3847112030
830095173
2142828717
2356969173
1916102578
543542194
2299672555
630534263
2933684250
1595323472
441361553
2184022288
658484131
2137761339
3855862246
1309978147
551000054
2865873232
3500400909
168813176
918291612
1492892436
1934012196
3521111055
1791287452
3419884042
405166030
3214738503
4257535861
1107917548
4010374094
1185836983
2031525731
3989726746
3022845778
3409479076
2251463538
2359661722
2224756043
290353004
3217543896
3159492644
3355110673
2771158089
960063490
1665156652
3156059387
721691327
1860821109
813069849
424092072
3898377932
3361538739
4191717658
1709581963
2672148299
2523510860
464203883
1544653653
814827544
1114210708
327764138
2655541035
460646458
3145946420
2170299364
3091305328
952643572
2221371216
3156544781
2434138459
907655628
940278561
1919880649
2390140561
2886038665
2300036165
1335345808
262355593
3777804142
4228610116
1394538651
3486591207
2165405692
1724394666
4078605968
357724026
51265417
1473212676
2506927760
1381448352
2648713831
1208305071
3147488402
1950658288
2868749268
3111296873
724441834
1465933196
320311844
2581463132
2773855735
3773101776
2345898275
4112112783
1327937174
1371082806
3540315731
3367883451
263547495
1470527261
2029077323
1328910031
285861180
642314412
2997403275
3654833100
858717914
1062597501
1327934411
2202674666
3369390629
175103802
3659836729
709751431
211771433
1428156817
349215912
907738560
1907434810
3813030011
2357318351
4133664679
3743680087
2213230725
481572598
271758838
116043999
3723830762
1900037134
1282171468
128219295
3405899075
824156692
2622539187
352567386
1234341763
723739092
1331088330
3639837016
669972954
873074471
300371945
89516476
661865868
1184094860
3836783592
1549581227
1092018657
441490507
1296119857
4151198012
1722161456
1639610934
520600909
4043371273
1539530371
2926712817
1950914637
1304154703
3347329202
3479704501
3251024636
1442159736
1648354093
1592550903
509285855
266463766
1353581294
2233443618
1483076244
1253641154
210716165
2667929124
4115235485
2179166934
2076732708
1592811259
4272505611
2350291908
1308467344
2305091419
2964983248
1317474013
2109708480
1764971629
3931738620
4045137204
3328022625
199331631
2865125083
1203351035
2109117446
3891133757
357944974
1000681386
2400123982
2520491639
3406238496
1483007665
4120516443
2868832760
4156630835
596969217
3956387912
2639576479
2673323424
104384488
3438477087
2969463095
3162205948
2584223070
2317873246
2619971118
3426593019
1279907602
3481151515
1446380751
1306708770
189645094
2846572055
821760131
3938325349
2292526888
1944579534
2610278193
1271373602
3607532693
2187430698
1673273150
2707600889
4099546406
2056617481
2815242081
3534544885
3169982171
3090718673
4165096807
893395701
1831520416
2847731935
3525745488
3043603135
3830441203
3695700913
146952068
625758744
1204894097
3815298123
954560391
2992784321
4271193637
1620090686
808381788
1792984810
1294031186
3517758580
3825025808
3980906703
2677144655
1951848884
2086756958
1203514897
2041130414
3072340832
2943956513
115955694
2958656308
3565253345
1035713766
1077013336
3545994515
2872206597
1062800128
426791327
3318002642
1721770562
3467338331
3565070126
4252802523
1984126708
1042713139
1655478353
2398667381
3714772282
3256159882
584737985
3012620667
3646242203
307793601
3333251949
657051749
1039971700
569233597
2721041958
2544096950
3351413620
3392359751
2473622046
3955142706
3829109814
1363446607
2115938764
2667196006
644185759
2913754329
1823848478
2266041067
3917964077
2569746439
851572345
2382537347
2254718700
589775210
164576299
1230421566
2520973678
537472584
2255593882
1575676059
599929925
481817714
2344392147
3621911361
3938760896
2743723210
1693293431
3022544695
1448420462
2635375068
1070043358
71615326
1632455770
2352402094
506072872
2763658025
1824283343
2382550167
932049883
3640467880
1991813678
1321608883
1157888801
771729721
906207697
891388025
3212769707
2194326870
1591661913
2605223165
3937719049
3735530519
533414
87946667
4145289325
455772600
765241558
908487877
3060944072
3562977236
3761531884
999389081
448559737
3068571794
791093675
2703615288
603481069
4078256384
408465197
3831177033
3770464995
1660312982
205021096
3739107879
3161766381
361494356
816738444
2087527728
2056694355
3178319609
608007114
3962201911
1044951339
910698530
1579454267
533465021
1672388000
1635202653
4053350817
4195338159
1127712398
1720745415
1570503948
3187911551
883486526
344315160
3500491014
419109109
322481418
3387998965
2307362711
481948272
4265925135
1784582988
2624790326
2782916149
3634969428
2539345595
1025503535
667149484
4171757274
4202778179
1438994027
4013742710
2843597680
1927563126
2325878543
2545474169
589170946
577272675
2536538233
3410641361
1264745991
4074368668
1301189432
301272184
294752251
3567599943
4273173066
2453800240
1318259077
3289686350
829222760
2697884804
3681030989
3094172216
2827651767
781887000
219676202
1716829683
3606310149
1854095811
2934446559
2069541198
2297015541
1695364604
871284872
576960649
3937696250
1332331253
199030940
1164006188
523499384
3978982982
327846919
2769900357
1909818232
1763052172
4134796155
2252877431
2005110524
1861221287
4157455046
2145727647
3003153188
3177468085
3946274056
2780814269
100297257
780886456
2394611199
1365481812
1404183620
2041594295
3253639980
4233518194
2300340715
4040889687
931483781
404171798
2516731123
862207523
2380717877
4287644268
1567204511
786352964
2176661166
1850179749
3874065426
3395870773
3770994906
1328169547
4032670822
3475139377
1423436566
3185041011
1879710297
3603748189
1504581657
54900172
159061237
715355657
3450331554
3204195291
503991304
1369561331
289185777
3391474653
4015054575
1870576155
3287699662
1661792618
3680813926
2385033913
2410371467
837604195
2600000417
3963322286
4129764790
2063719336
3741785362
998452063
2263941335
1758335259
2368452223
2252285046
3217833441
1025529453
1960237369
1886569115
2335544205
2887635794
2758884139
4286837506
3700484449
3193467678
959328558
672406632
3449901414
3273136713
3405202152
132194666
1628775194
1806711806
2547114424
1198080708
622415735
1797465121
3126739558
815470972
2771438836
1841250058
75906416
3747283409
3534286589
2271719725
2300451463
363607560
2139112479
641717764
635121325
2751577246
2385973411
253464158
3471530567
1401459355
2529763735
903450483
2631972815
1001599304
8215125
3103943594
2572757723
89617798
3313435508
695644994
2801729395
292259079
3952615890
13557231
2555408601
2573797802
3874035809
2068237732
1132034455
567894441
2992226207
3072265272
3595704179
1855285279
2505556209
3727969084
3633729185
3618239354
2615555813
647951082
1941680818
2330194969
1441798485
723447978
3454900278
6177984
1966260348
50092999
383023943
3999104433
3540249527
2754762428
3848565848
2936842801
1591354706
1889339363
3703884926
638928577
3323880138
1186120259
3217841651
1164072772
3127719588
3975385665
974161723
4016598033
3297506705
956170200
506747906
3221639667
3520020554
665483477
2212553461
3303885700
2997025992
3188998452
3859026558
1705081935
3352091787
1571174642
1024443242
1048135282
211669627
909062066
214441819
464290502
3106671738
1437225090
1441727915
2020873931
2241515810
3523790939
3451274075
2594974347
265242304
851835605
3356145425
491769681
211811736
2274696116
3559512034
18266178
2433512255
2491252434
1318360036
2555359139
3939334802
2048566502
2649931887
2785043901
3608036954
945905809
518021215
4028391488
3928952339
1809804880
1817745591
2636953462
2401431732
2184413838
2491980478
3015319151
2553609257
2989578888
1463761312
3802460769
1912796801
3549691110
930797490
3414973013
975964174
3129371506
3687782699
3942534794
487877776
3577972292
3989400140
736861980
588794995
1775979809
934311267
2017815429
329128969
331876557
593677679
124506239
3651813416
1178023218
920883935
3379656742
3513219696
935311461
1643594683
2950881902
318803025
2110692764
4208274806
2441742710
3216334344
226609660
3520839611
3176687385
4107509395
1435308862
1659767179
118751204
393158808
551802704
2070214661
3804327306
4172555791
1981823548
257477486
1579653919
1180210675
3862262042
2186241472
1568806667
1541689068
1492997524
4101684482
2632957442
530193992
3467760817
3737670150
1079444439
316983235
3987467936
1327691359
3816721782
2524006642
3165806921
1102936573
3282821301
2567572632
2553015037
1925193958
1052725462
2989670875
856056780
671299438
3789235436
2506652418
2213343414
2920989347
3293279185
3625926004
1635350379
3424639089
2372621781
2527650577
382781385
3968689004
2009828230
4095128064
608438726
101583410
2386320647
40311235
2678148885
3520726016
824710580
2904365254
3660990316
1651432611
2449066310
3951949710
3138893605
591991366
3782604525
1113702296
974044169
837903501
3699555690
3224888747
1058896920
572629194
1484600437
2148639486
1803444539
3935647226
1587200971
2820337467
2463654992
3187399559
260985489
1130377390
2564728197
1245602970
1051176107
4137543308
307157065
3195703102
598189063
77772589
4237765214
2406406447
1726524422
1542769736
125509196
3257569491
3768806561
2552328081
69042764
3879232226
3385715423
379891376
1138853626
1886771935
2775759060
3303486886
1183680505
3140600503
481425199
2643527343
3386431260
707132258
903219827
3674808732
1772268482
254874540
3235623464
1846949640
3982453171
1724780246
739320036
3264645817
2618505011
3652776812
4173349482
145968529
3960350695
2562048012
262559091
4108044667
147142062
2364806503
3774106260
966047243
236227991
2524969193
1343500547
3313900259
224208263
2195249315
4132408953
2053436734
1842845188
443783573
959072676
3290255495
3372105039
284499587
2086647050
3687189282
961375371
2557211539
3300546511
2800607467
1519542687
164224624
3482384624
3164384647
564915382
466234055
4218193250
2459463339
51207538
410341689
61158890
3792658149
1161737818
664556392
3644005646
3747353254
528618323
4225375814
4239798615
1305618710
424985439
600695647
3866665838
3034760519
2876427272
2530033974
1890167310
1939656359
3215965580
3806523693
2376683770
4236950602
2989520339
150304306
2587300414
2425557600
1278535759
1632163142
2928435340
903756026
1725210337
3637791402
10129893
1801913826
1085880658
1452784175
3411918026
2064960757
3583246911
562067451
385262591
3398736703
563536536
38163236
940773462
804049683
3341059649
1233118787
438150538
4007230260
3284149708
1712646475
6357925
2953319761
3020525886
1120321024
376660147
1424947223
2408954674
2037452597
1562419825
711714779
3401080550
3095063395
1102000199
426580004
146142597
1045372325
741564464
3094042953
4294868227
2289124818
1488436889
3116063290
1738985731
2633624663
3884140448
2910417847
228683261
3201513925
2931425136
1899556537
1115658051
3220281062
4201733781
2554853417
3163329091
1212026424
2367706100
1614738997
1193268686
2091112780
640126158
3234280118
520758796
2503285650
4043923958
746512634
1898008726
2383740641
1515799333
2549221037
30716328
754438918
3660757503
1147094217
14288468
1788070596
2188395272
3245062258
2918348000
2801852796
1698226483
1987373521
708699108
298261093
3597049457
2176279627
4183848773
3552194126
4265041680
2871404016
3677000235
2060007268
2386364878
3542497833
1642385870
3713964344
1453167631
3784922452
894524761
2655416932
1113502011
2581873843
3366820983
1558358775
4271806655
2852781099
511812484
1739809454
762698031
2319020613
789081006
3355837723
3219390969
821186424
4254890767
1341723474
4236757498
2944292788
4056315356
4264407033
4269086927
4271265529
3000927568
2096383427
4124227171
501524510
901755564
2848335801
2875670767
1150723762
4086613613
3954938441
1454697458
971127757
1690763392
2196490722
2721352002
3495956462
3370369818
2619995282
2799667774
2705034940
585477208
1481386570
678009395
931013263
853474507
3931647353
796591905
3338372575
1827789566
3144109039
4011331178
3583957272
758665070
4162175752
816370475
4231809688
2805387263
1966602520
2583845558
118205340
968508347
1323268410
2799943212
3759401124
203117310
289997075
1230345997
15526616
3387837909
591472773
776340116
1180402759
2212375260
2351824929
284045011
1424268751
3657681187
375783904
827442341
1688679298
969316142
4090651564
4289451073
3695702499
2358994452
1348401918
970253299
877246218
736131878
155717659
258921206
3263819145
1142551798
3412046346
2234985374
101961233
1116126806
176934037
122299963
3557248504
1888804401
3281614699
2505888197
2697679606
3658451955
3221539240
1558775520
1812456167
3140095754
1689819342
3395141768
1410726785
3157194947
495408403
2428353438
2419823756
630038330
2018839295
2160890631
3019701297
952896801
648945053
2400370582
610546937
1596342198
616450035
2672283807
3244053695
1311297171
1994804504
1226905784
974093323
1707987111
3105154692
1814444595
2780236538
2183387110
3356553895
512721193
1992126762
3078340400
4237392662
358151507
1119405148
2195873052
3387786511
1641924939
798352336
981501566
2818930280
1794747779
3560046502
4074768361
782852286
1801993230
3345556393
3199189182
1926465115
794185025
2224235510
3933865160
3139629516
1396950773
3013874777
1106208209
3246252781
308912345
3502071305
154869913
1071963020
1980034618
2171907722
3228673695
3402830008
2086424645
2340497920
3044414273
1404636935
606103269
794778289
130566051
4230019674
2388809841
40372788
2435124546
1999808058
3964152049
2366379639
2819884407
361937407
2221040441
3695425265
2571839180
2112375517
1725473077
2657579285
1243076604
192782253
666797174
2788565769
2910252122
3910037390
2266911474
1809711389
2287115015
1182599936
2244748014
2187180096
2991907889
2659644307
3620856745
3235850994
4220893132
2826085297
117059317
1532448470
1230496429
3685957446
4063739842
3949249369
4114055019
1294360998
1399262589
3439861752
1301715654
4060951363
3178603278
2568354915
2384209670
2246451025
3462558573
1241921203
594162654
3531363954
2413298445
3266035351
888448849
1307194208
1881306608
306103971
1155325903
621279013
1392891140
1590834700
3703850110
2298854156
394495149
255075735
2579480825
4245180663
1268307107
3829021096
3569880417
1487710020
3837083875
2438523301
1440042706
2666085732
1223491672
2803079453
392753343
3896829469
2700830070
1005454207
3435414912
3069309860
357903351
3872722221
2086220806
2943266988
910516045
4141120205
2915468260
255201489
3553618839
3162015750
1406446874
3677139824
767218607
549559697
3427202258
1976949620
2659902318
541021247
460541310
575807942
664860406
3205911512
3687917647
2302848031
707581993
3131836794
663697927
833068651
315513779
561856050
241636250
1432530734
3521285811
1509868095
655540768
1440866394
3335556277
4281286398
3382561868
2129306512
1487542048
1110971982
802109329
2537912263
1240043157
3507166844
2765213431
662515803
1414543949
2740573430
635246422
347820736
3093959299
2162034057
2301703735
3947360428
3961829830
2596989794
4108804831
1676025161
677417088
1280796341
740690666
2046286267
1649193871
3887935244
2872135280
1630399066
2467997266
1959807030
3428541599
3520277463
2272727898
448261433
3431002389
3589005150
1761988500
1130874119
3910955383
1327454610
2825720481
3712383855
803875015
2930929699
2298998934
2599686320
1812891030
2682837010
422527822
1937633076
3670109626
3958957042
1358521821
30252897
3007444591
2762110870
555553020
3421805813
582407644
1556477267
3026499813
375363818
1459498239
1888191465
1320724673
2226061553
585114155
3087727693
4045796030
1498963562
658229622
1691201866
2898540982
1201166016
3961422049
3482018889
2832196032
3054281254
1070542409
2308234861
142516027
2338564222
388409294
1231609454
3955135967
3131570063
2361088420
1314207546
2952271810
1959318474
352436445
3035464316
649572302
4193925446
349099344
2988959204
3535202010
3832749811
3863941391
506666072
3828723865
2826649878
2082804056
3101279454
2386865258
3176368635
547343233
2856375940
4286293473
1176247745
943531943
1510695805
2813249552
3281981049
2748763255
288429771
1256092158
3707672170
4033155252
718051125
38943708
1618067923
1283233075
843011966
836191577
3782237922
193188482
1869288911
3187505037
2304710031
1808035574
3328471182
35046511
3355663925
1676280167
2381127158
3479742870
542730396
3545059211
3607976828
3172424578
1132208747
3549062156
3947956701
2541303475
3777660571
2682791459
2228582370
651761910
411830756
2840579743
481796997
758169472
3701054178
4055690681
2324910428
479919194
4151193823
4248212308
769508346
290978410
4095646798
1679531503
1492015296
3915587177
3258259578
4171223804
3398211305
2251378175
2503296695
1043996662
763225642
1534240466
3101332593
2637854880
249401274
1687251150
2048546566
1980557646
2555717098
4233923464
3360157861
2079388971
1894678139
1530442233
4252609132
1590898786
1720788846
3127866619
3850114262
2553774370
3142562555
100090804
3213586491
3645140178
2473746313
1484336560
350288573
3051671177
466029602
3291995532
3807894212
4080786245
1223548534
3084019824
2116291908
1818339725
4049556944
903281482
1898379930
3705248499
203529725
3061679233
358610256
78817441
2924178611
1502025240
916652380
2214276557
2615978807
3074989194
2845617838
1472220822
2731803484
1697851444
1716935369
853737793
3019006742
1952160491
2295525595
3285731495
3561081968
1880078076
3366668094
2829684480
265434490
3624116809
3445697326
4250809249
3633500650
1125780206
673911443
2867793970
2534884511
3603606475
960406212
2424192593
3539843
3810601694
987974086
1300399476
4133337948
2571435995
241400666
1349788779
3889578555
4203791500
3024234092
1225934170
3652943488
305748782
1005628298
337008729
1334037651
3215367820
3837707505
2894199160
408268523
2530445974
1830415234
1249012424
4196740169
260741947
1740542071
989858586
2572289403
2892533051
3626686766
245007692
1230151789
660716152
2176215357
2768540932
2195327837
3063539270
2093357735
1943005957
813933221
2392154551
4039953291
426928551
1906701260
884007138
2116135580
4019036402
329157486
449114338
2270129438
4238941529
519761284
3499284625
3426622574
3052167040
1567189415
101311995
2195344188
1863373806
3379694104
2018159556
2474881020
144930210
2323116080
3416442014
353564296
3226777161
1715870843
1817891851
3404193859
945270389
3042745528
3958300375
2444177178
213119529
1911025406
1813480527
3838982302
385106276
2748167783
637847394
2599621337
3726406713
3033746786
3619242237
1808250049
1479687841
1234344507
1952425398
3315144189
1099538475
1412366834
1166136516
1935450685
3607069845
3619352124
1131458434
44396864
2085456463
4235153084
682774832
3702616472
1476193954
1418485032
2493576868
2107484765
3169614251
2122646430
897646600
2200521652
3284373186
1159345656
590489425
1151842499
3980362428
3527030141
3516184223
3715488868
435438224
2335568021
3126089694
1427009469
3966801875
2114913070
2957110730
294615587
2473877545
3466118196
1701905277
2729601667
2758490548
1524370609
2525470076
2693462081
2015862545
1015265209
3880409447
3636271400
778069631
209210794
3273710176
2393989081
4130941536
3727813504
2660213734
2195435061
1495501950
2273818026
2182286242
2780419376
4161448155
4074956010
2402633331
3920333725
2002845409
3198655561
974167560
1385278726
2246122467
1497539353
3681120827
1164943677
592669427
1037233315
662235951
2445319252
1882974239
3875405090
3059119465
2000740085
2109366720
3491571719
81397700
2927240940
553489079
1568264349
103316348
610164558
2937375919
2876512915
2231244036
2067478504
3723644552
2970959632
276183896
168073777
1090898739
906639982
815379218
1332489822
1589350080
3264026205
432555468
2868292303
1974683683
2386713735
2183472649
2529763917
1336961913
2397973403
1118099565
599136040
215189940
4226044828
1265141133
1107541838
3517584145
391885991
3274211438
397708619
1046304878
4069183263
455405677
1860975626
3768474970
2991573005
3330601101
3125367691
1436181724
2404618018
74568784
2552143919
63128681
591638723
2195077575
4086215783
2979330908
3878628759
482943212
1802536547
585135544
876877001
3448208379
174317755
3592719262
2782147004
4208483344
426431983
224664781
2205108838
1963322012
217137320
234133825
1776212027
2118934077
1874187195
1899803724
409408196
1810943554
1100119896
2051619451
2080498285
3630581279
1589700143
1360795411
1253781751
4155082068
71375242
2780959885
2815988486
4286593865
2824090527
817926529
213881934
626820743
285194364
1230712554
3529220417
1935986467
2854242096
2845556325
1882026070
3668648834
3905244192
2010061557
43542322
3358500717
1226811439
2253237552
911687502
3841100415
789894634
802388127
221336857
388773833
3711384347
3595690373
1396687927
2795793212
1709819491
2820528157
4164286688
2917720683
2932503734
561707604
369225021
2894710786
1819916670
3995966832
2868192994
2036337584
3766850982
3061785191
1443386172
2268645946
3752673028
3798165448
3199445427
1197297060
3722705651
3430703154
3609915771
689100968
2484684236
3794472243
1756939808
3226407717
2047651144
3137574378
15942323
3945232569
1364351198
3808565036
3527493289
4049041285
2731825658
1207635455
1402273288
2662640949
4200711735
1671249898
3930529721
4232984738
3207437066
566492995
1338405889
3161979439
2229358210
348505277
540392446
3913693518
4048802989
1965314100
2529169912
2230454464
357909647
2431121532
3683444417
1542536155
1293179362
3318083228
168969585
4019794679
397957378
3900149158
1883892085
3770573134
3487932618
1007793836
3125150420
3371738613
1724296466
2746767862
1321147546
2652547831
2055461766
824574534
1763425611
1432995398
1244862864
3861807839
2084729052
3830353667
3868161088
571525722
1300658242
537006711
2032602657
109223984
2776800105
897511806
1875873442
2075493766
481370373
1275550899
4287264608
107066351
3455217041
4025873604
1443370001
2135552306
2367918366
2679920746
1278534694
917678057
1492120258
1758137287
3493925519
1428658986
1222313034
3267669618
115331368
3428646101
564642716
117041327
102684704
3799502786
4130555005
2632949463
2500380069
2454965203
1240044181
393871873
3103934947
2298643910
3545165427
3826790172
4141078532
2310061532
1419684402
966636627
1873072613
153858016
3349946848
2746243951
3229787568
3676377966
2721568049
2436280449
52718294
727344492
4028104326
2061231740
1045903894
3302931646
4145003161
2612250877
1705509427
211466999
1577829713
1725435683
981498452
221538941
1222573289
1425686841
4212938344
1419543780
803537791
1334050779
1193242925
3883819737
745515856
2786360026
2156858183
3259010945
2924809177
1468379332
1579011853
398948147
2824973395
492082476
412296694
2986375831
1965255920
60775783
619819302
1375538664
1530519467
3172464132
2356931027
3412487523
912641413
1090176790
825999434
4006205317
2952093321
4215121015
2387457042
3472414446
3054126777
1899487756
3657787599
3601100026
3799299509
1469304724
2229723152
2938140167
2324367926
2523694814
3169574986
2454600561
582731418
188062564
2118302778
3656997283
80715629
1615579277
1695748632
4279990122
3789275336
3306183050
720829706
3660391964
874634718
1863077447
2096007259
908098072
2443581590
2459066833
3095991495
49072360
1823700232
2457581581
1491151749
1297722488
1003939779
158001433
3030784909
914698888
3712814772
927911094
2034068896
3012145085
3178938775
3770882362
738946719
1084830568
2188807002
3118081043
2608062726
2389865879
1196756950
2459003849
3545110991
994995658
1049515078
4291495892
2750521829
3836462630
1094679803
468925124
556599830
261528910
3524369739
3933049188
2912060530
3472174977
3823171142
3864775862
1198811206
3162730262
1558727126
4235922065
3169081374
155509194
1413485902
2412713734
758778984
3946310540
2234568175
3412251977
677321551
787792808
4023540726
494222947
213429692
2922929769
3449443348
4273994163
200565249
2153875955
4162991850
1614178133
3138518905
3632363435
3421453461
2093717737
327706634
3755504172
3302063079
847988840
3973416397
1914510563
816841618
4037200050
829829719
1573272647
3936959598
1636332802
1744676904
3172658083
2228405616
2087018821
2106732155
895568122
1199446822
3304941575
3835033154
2383020538
894664696
3248938093
2479832209
336258077
188568399
2651361812
1526163980
3935841311
2753677535
2970044058
2190025180
278993094
3509146837
1115015588
1219383022
3202721402
845485053
707024479
596933377
4101270374
3539004684
4059973784
659472177
2459596113
1495173945
444205943
4081319097
3274317914
1203459617
2895356435
2310290781
523261207
487869961
548964663
1999340698
2449850503
3067696010
3255437847
3747116662
2446211045
1401415557
748316650
2255911735
2695155263
278629677
4207527721
1763618013
1210302772
2655064257
1844310459
3577756638
3034334571
1840518078
2948289957
3207308496
489328554
782118587
134139393
2078481952
2509286098
3432338975
3888737082
2365335757
2354751239
1269127537
2781488631
819322585
2992477599
1489176514
2847260947
3636786889
135020048
418651603
3809011531
2449722867
1785621376
281691738
93982332
1466154538
317458126
144919106
94349839
3710726534
3715045941
3380459537
1273798582
2195807350
3344728771
1853419356
2332875966
1922091476
2834309617
729972967
458124084
1692999124
490805835
1053194415
1848780985
151064945
3956856608
2743383461
3769277563
17829654
2258332625
1492788862
2477068314
1024226053
1411452625
3661153231
2000722054
444700588
3359821527
3879614383
2068728183
1950580210
4231561638
674428882
947942380
1028019695
1722339063
2666181692
3676861908
660942051
3147207905
3189392094
3052502323
223712862
2631392078
2531168502
3160166077
1467943424
3425976324
1700349743
4055537272
2284815874
2453795577
54248060
1828752848
1042977449
2068458703
1551508281
2716490066
2701490448
3866635652
1301635338
3754295722
16152755
1333164133
270684416
3757522555
589206754
182789744
2113293934
269270016
359499726
3210446994
2642489698
3946936498
1355138742
2131561605
3240007545
2504785421
2668440553
2500501940
1415147620
866518666
2589589156
1183532889
3852084085
3817012540
2659167462
2713562636
4264598825
1471054875
3984357455
2540671948
4080780280
56949881
1847019119
3367245944
150834111
687262027
131234786
1264138348
81025721
3808111458
811550085
328931623
2958390261
3114035757
4141547170
4129714124
661583058
1362735630
1510372785
3674278651
4062627180
2735673862
798661120
3595655966
574977842
2746934847
4252718560
1921764898
643872926
1028221920
941219695
3486601348
918352590
1003081810
3598078345
2728104103
995540380
4209205040
1726444273
2802668721
3724613311
3590131032
2190862958
1420525164
3604495843
588001962
3843133605
1418400715
3919853107
1970428368
3010346666
272493592
510121462
2250088322
3851706958
1881467249
521279049
58069439
1997875593
821680503
3406028544
608469694
687115364
3570106978
1460069742
3239273220
3344120067
2324431733
4189195349
791884604
2562065171
607714622
2321221192
2350575782
3337335512
1611405907
895739614
78938843
4181741632
2318977252
1236671383
3328571256
4233959175
1087653213
95787175
4120139238
1310672898
752471316
2559947294
789417641
1075004300
3611714522
601173358
1431071515
3527452231
1788533194
477935963
199171002
3400580845
2422379711
2962762284
2112551346
1968644515
3085063438
2352524442
132314982
3983339525
1123254673
1796661039
3055850589
1862178449
1608848506
3891170706
720255713
2598356145
4141497420
574361975
233016136
1560252863
836411114
1734881328
1705658074
4273804534
185244335
1828116359
3417951200
755676360
2979149544
3306886973
2508900423
616942129
2829658467
2269221689
3287183572
4067155900
1459199685
462139301
3970177378
3375267026
1484462314
1112095598
1147579115
3408565707
3590493136
1966786873
3160553359
2014563490
1316749863
3216141869
4288638620
2781800976
4050811534
3292110245
2368890080
1581033040
4274601076
1188193015
1664074376
3491131146
926520983
3570873692
2909990908
15936103
2105977807
2587064442
3104655236
868545029
3274029273
1418712535
3214059222
1704632525
952502507
2813488723
1347319886
3009867220
777838512
1840589422
1748400785
4255114387
2817168230
457768361
1507967879
4130462172
4078841158
920835326
3366361140
740973733
1684889232
1870588160
2517979290
2095019732
3196962025
968606705
2512625740
3661572286
4146278198
4160364991
513312498
1351076143
2040411605
1227750149
3806966761
2927971644
599513742
2664549191
3320518326
3644925376
783216514
3705846582
351359075
2445626299
2161536465
904981723
3501560596
1212330017
1911692929
1085825930
2739987745
698646897
2442112479
1956532922
4284325846
24053662
1647437688
142123797
1567605887
270881695
3504170764
3924182464
2790050449
1478265127
1931672405
1847268265
2079678506
1578424772
4271788573
179851239
2873042772
2208966418
2988556227
3773749178
2520195205
751058198
3877306298
4083587690
2211708931
3210800146
4116285380
2284799855
79669263
4037185674
2761833335
4152342159
3795362410
659903802
3293623779
3996790659
2999751785
428095035
1637805048
2735633669
3826198022
3831260700
3203140843
1269529839
2768952530
1422085018
519117897
3213038228
1592486974
1826934314
3485582889
2628019265
1331380662
2046113422
2536553032
435154136
2914724304
99182457
2746489603
355312354
4022366099
1909059470
3363419326
2499929962
736053079
2141525825
4006751197
798120712
1225147947
1356336823
1546743813
799495018
221897543
3716812437
1420580760
2484913962
1095133395
4149519846
178046620
1573539316
481336757
3264076914
2296356318
2128147163
1460451094
2520466949
2164185632
2465437473
4168558125
1996919595
1847559128
1425650557
1141477898
2789222073
2284465091
2402040385
414556547
4287430652
2219128013
2887164816
3891894626
1745803261
1443141942
3814179012
1443481354
699746603
3579013635
1406352732
2106673276
553527456
3391140744
3372409007
1237307877
93272608
4091824217
2317597630
1530208347
45064464
463179228
618752191
2317810138
2920401104
3216305338
2492241365
3127291390
2331262327
3051159563
2269739909
1787613864
897128632
71091479
2743684967
3528084961
2016513537
3770206371
1524199712
1429571382
3744379170
2417294775
220039649
4097576375
238952163
2929179641
4117548856
4099642516
774107816
2323958894
4134051738
1438995015
1546440829
1024834582
2404662798
3349877954
1214825091
507658866
75413855
330518754
898318453
190239990
1047631558
1309995476
3488245232
1236386004
3271655184
2370768345
1128325190
2129626248
2047690815
1659851719
353379126
2112295393
2944191015
1954358441
1935153112
1269255563
2560149709
3210669681
911910615
1769119452
2030926928
2220208715
2856132332
642775158
2498435029
197890837
390525668
1746750116
945502504
3859665974
484213429
3074691423
2035508566
4079491244
2432696568
2138014269
4260867180
687894237
3640086850
2589513720
1792090477
2695009159
3121863807
2412683525
3014062041
493474848
723416856
876303849
2329144907
2775480819
331108285
3003034131
182562544
3728227227
2022351376
3440433249
1806758986
2145462352
1455563622
1304380579
4019730161
3787534919
3643473638
1755934898
2687501669
1703742472
2500764099
1939784492
4255792416
1447724774
2941129761
307345430
379665550
3823164790
4038420490
497278458
3282478863
1981636504
1661552808
2415042140
1198930591
1215247921
162462704
3951141147
1984564194
165580852
1113035811
2215582483
2209272601
3165879034
44217327
3432600547
1649108688
2372483300
1021791402
2147727171
856231097
2833322059
1719285347
3195077667
768040976
2381918832
1412129406
2101459267
4143007781
2181584904
1317309557
1064628905
887166299
135957905
4123224235
3843879687
1647334673
2148521005
157138236
3300385713
2223000205
4238875063
1420870107
1250399273
3360485270
3088143027
1077933051
640529574
1863636557
2007289734
3626184637
3476777594
84200518
2807461401
3739277136
1476204057
4270945542
3217487663
1256103514
3976699860
1379679635
549342930
2522970200
1882842547
3861914440
3781528023
190258219
2876646541
2580727986
61138154
486539134
2044603661
88261428
2989642363
329479222
3238332811
1935039663
3216971466
585251684
3045577757
1759395961
1887085644
3595368810
2227430320
2036200044
2639106957
2286621919
1108189775
1067846100
596637805
3195137122
2841667622
1838090462
1029129419
2391160813
3778354485
1219970588
2650250961
2045922766
3027819295
1187742920
1319090878
2043867351
3430951862
1136234934
3913714147
1407325964
1056284132
1633050917
2977192048
1836932034
2336582421
2531760869
1064888286
3528162958
2172659571
1809776759
2116987396
113720185
2039901906
1287816046
891404929
2729533497
2814117983
1576004554
2282329346
3837270743
2803848897
221653815
1673640008
1915025781
3187250699
2983115030
3643744902
813188998
3178268801
1264882870
3408135015
1779333337
2380917758
609910314
185639648
3336099208
1415791754
3352782876
2102189705
2379297149
3372089854
383008067
875003348
429459558
3021711939
2496236101
2142310970
1736335829
4126034395
3662554600
3474072523
2488666523
2401131698
2252122196
2601413636
1591621527
2321914739
3634490927
2657983572
1608889936
577601826
1484346529
2830849818
3409942053
2717268967
55343871
1677923816
922914993
2671611055
3574290507
1158738801
1659716593
1657023798
614192694
2039704101
3913403381
1037680633
496295971
3315034181
414787861
3739767888
1387473242
2339676568
1468900865
1132583976
3330157649
618051160
211066330
610797152
2578017225
2997687497
1297118018
2746213348
1361008374
2374863474
2852737134
1710398672
3672238697
1784890126
341825858
2541413230
836459332
1682247467
2930658573
594862569
2002596500
1714915544
1598875263
2772157379
3399296138
3576005809
2750359291
1048108323
2642365033
2899202452
3631721507
2927713024
1694792119
222223438
2902420297
1134887407
3279716055
3914276181
1839529000
3827590108
3531008279
2715828296
1696936592
999880835
1307648327
2730619673
1311203201
3346949570
3869358311
3886597845
4052961673
3215331489
2298073266
2404471631
2885289281
2854507151
777789341
1146269409
3432824677
1414513175
1105125553
1828738559
1372228793
3260577435
4193180868
2008194741
3525296694
2985310043
2745600090
775542711
769718670
942476724
2196044856
557826372
2128103920
1535409865
3588051086
310093531
940465209
4216308124
3861191665
3758023716
4142735680
1321210116
1554640047
3669958669
4214649649
3763050337
511345078
2799824026
124550720
1387867888
1754860256
1731294817
2994201670
1064148987
2009929942
136429092
3138363912
2065341334
106813527
553658875
3775666773
1108641015
4039296993
2436540614
4228196566
2037762116
386167521
1022366392
2928705114
2640888387
1998770241
4183096268
2828713065
3579466415
1309171680
2817917837
694587377
1639085797
3264974323
1243361744
3238520401
214398380
3659253564
24566482
2336061272
1833829170
1727057341
3553963414
4029212945
1226182421
4102183277
1647970171
1104830363
4063236482
245817568
367173503
3490548235
1095173106
2904860817
647011683
1675010029
3120783299
902603790
1541773112
2647808349
2764306547
743388468
1801015564
365380017
2361529528
3188677131
1418706705
442751784
1603752847
2619050681
2409467226
2879079382
2842029003
2816863927
1364481467
3720773179
1455653932
1780068408
4239996643
2874860495
4149993205
3707009319
2650394558
2810441611
328493475
2890731287
254352350
1339597355
1293947930
2105924453
1605322203
453944929
2648806440
3154119740
3242577808
3114177211
3896919392
319990646
512105357
4031525357
2331468176
1095268113
2615878568
1042657886
2863447115
1738879580
423493124
4098288570
2740131528
1066972513
190784796
477248524
2750267577
771016041
2282068138
776423285
389821676
4000490208
3146537168
4159838440
4103793373
3448673568
69389081
1268048856
3931439480
1610539662
572258681
1782268709
1853289229
3523772999
2792549098
367643595
326396235
3305653657
4266197452
361056779
2738749067
2601970777
1879494962
3728926320
3311910207
1255791017
2186086875
2962925998
1438295746
2516754502
31354060
4256548973
1752893388
1527861527
2214248478
891230218
2696372926
3976046888
3561733083
3072670659
4144135169
134487472
968386177
2400694548
51861042
4053649739
668496099
498123555
447802640
1788531400
1868269079
2705608658
1877601624
3546700943
362683303
1252362585
2096928348
384614691
1567783
1767652133
2743837397
2501128438
1088617081
2309717554
2110307120
1187740815
2157485965
313712464
1698801268
2719431332
493682371
717473081
657477897
57238432
710166553
3695415276
3911258747
4124707271
2400714111
1596187208
876040384
4008641622
684587396
3904312518
4258409555
740607026
2322530509
2188961662
1326095672
4281258892
1126921981
2615657008
431829663
282078531
3055600641
2113372688
1098826207
900520045
2471723697
1719500437
1745966688
2644994720
2583934076
2054676818
2406838546
2742988552
351335590
1780091490
1086898149
3503245587
2225991882
1979182682
182755547
2669476748
642896549
2291259736
152412721
3321063074
1659402829
1384927037
3316742635
3926770282
3419032906
2906179602
4188542248
2540998998
3769771573
4216443808
566961640
1262730988
186273317
1395769996
2178005895
3763192962
1016322085
1116088470
1324654533
2520023324
2024729021
2883387104
1435229513
383128727
939898258
3839569823
2824850799
2218907859
145780089
3104703151
143572921
527857365
1614778067
3909968371
3249437767
3647258395
3968995571
3495246160
4197222702
3589818375
1010769193
1127107029
1225957914
2399814011
1590273539
3264566531
211192833
239514436
1815205907
3650970972
1129120594
4052464880
1272093812
2431293241
3004846689
730400862
3105234237
2464376779
1292120887
87355141
1047381233
685895363
3345260336
2820401768
1118657498
3273858004
882784104
3900797053
4075134694
4180725226
2707304225
2802587392
1743003295
1737559737
162694618
1341405795
4250279043
2678994518
3290577044
2524339709
3342810740
2790870590
1613965239
3752879496
270074052
2148530437
3981631052
726062682
1923753894
904752856
2911492611
206499051
2614101473
4196299269
2547196412
3234547954
1379656719
3604361753
3585044522
2134163642
399402065
2379872006
3464861827
1715535784
364152909
453035274
4050711058
78948545
4257948940
2619596770
149912701
1850752033
1563329258
2758155643
2667562205
3326260317
436869883
3745794120
113784498
3138168541
1321575873
476095433
142894292
2925126338
1289625772
3070353780
1979172359
2719818703
1184198287
1934861496
3008466940
3384249326
2345712042
4063783159
1143456431
2338789343
1846704310
3043911998
1859761589
2360890192
652788816
3523086871
3870040000
2292651403
3432320268
1922365023
3242529921
1321037553
3194899373
726356500
451457236
1589733713
3944406956
1213428462
2711679686
2385525835
3770525139
3869074893
2015023276
4135527904
1080910667
2849709326
2777630326
3339297965
3000893235
2122018446
3939398650
1017933743
1102081576
1250774942
731028368
2651386877
1126582072
1465701698
1793608677
511377778
2725352662
2926872465
3316297953
3141619904
1586086146
1435295186
3051807608
3391457271
3941128928
3201428450
2050671563
2052797950
2951721621
3889959117
2471700382
3273559001
2626122742
1799080105
561236211
3331652636
3177953237
2156041205
1593245933
1689416597
4187637456
2127545013
1455093831
1711007217
808815174
3588762182
4243372332
179094609
2891974987
3188537511
3182502353
3572635404
1565300493
2085250070
1803946394
2408572704
4015937481
2273735514
1190792230
2484529074
770410522
3455750583
3788009111
4074214276
555963194
353769265
170995035
1698062525
3905558913
3062321341
1863740362
3285659040
1103136623
4023761190
3776282326
1285461694
3123285570
3020434386
914455656
4159081798
884015579
3498957667
1193008805
3433922316
3557530032
3386797544
704631833
3755107452
3390030649
2129381274
1408869899
2007826282
3059585512
1921660819
3659021297
173701550
2835263383
2009480322
2901716615
2056332630
2555654124
2407860326
518058440
741725105
2922912334
3682308907
2215323910
586737174
979481864
974322720
2344977708
1730824593
1323678534
1449257856
4118626377
1178885801
3874498394
2977281856
3025525841
412069488
2671422321
51712815
557596389
2444077415
651458622
1478979206
1429941698
2052545772
3033347309
2817526111
2004329330
2457546950
2969920390
430190824
2536656306
2653139982
456265271
994197715
4255310544
526856285
1099985665
611866828
3215436889
3826379117
1010604356
1817725367
3242685289
2730260204
4097555044
2181536637
814478174
2062133936
2536011962
2083705282
455614569
1289958454
1274183548
1958257431
2397109776
2166444425
506954901
2857768711
1939887616
906139042
2205234854
1933473985
1660727511
2984197216
246173915
2117273081
2183675305
1495314427
1691621984
2424811382
1305240109
3489539649
2132185053
1316267224
217842574
685742300
3708540297
3729078672
3861145416
132392344
1684501093
867871957
2192055657
3954649353
1350484867
700343252
250064579
2272067615
1853437084
1932615003
2137574612
1658719833
138535011
109529667
810445404
176069499
3766742961
892248358
3192476535
3799164024
1363217552
3371998842
268819881
2282884939
1902499113
3046160917
2159037207
3484405662
2989064843
1798763010
501027881
487843639
652852886
1387219864
1015302709
1955993645
3229644103
58425694
2099678642
1326016090
2425219828
1531966499
3417260895
6096351
3118940927
482547221
2734892018
961192590
1186143153
2067925631
1779308205
1652837690
208187018
1503367755
1425484432
2978118094
1871632538
4290869255
533219511
3483227056
1404546154
3955551683
917920277
75936197
1457718050
1299190289
3099060419
758927774
3160631672
3718446305
533716822
3754319194
2230822825
1893049738
132075793
2616359699
1494806261
3817806337
3228456520
1202665542
4122829234
985035450
3740015638
2935635855
2552501252
1576150
1420010471
521314487
3759143995
1249778537
1543177771
508404275
1717268484
3530930286
496955898
3134789474
1744398519
341443125
1503015427
643251752
3126767337
2544117081
2203066068
395232106
823028887
490850772
2159340678
376855243
106267009
1743277545
739147134
3002336222
4138669862
2584079419
2307551585
1671332015
1058644164
2196496992
160096405
1760224133
925990713
3161846555
3702882125
1314463630
1527852033
1348354597
629761736
1935843651
3144187897
720463536
1751257051
806068731
3231002850
3744322071
475465366
2283158370
2621612473
1515406082
3177122033
1045308827
4170609720
1153827386
2395349786
671863204
1715706913
4178706658
3939606889
2778602439
3400649019
1893380619
2475870111
1737846416
4001267687
2263555177
2603810653
322812508
3788939237
586780937
310978960
19865201
1180876990
2919530461
3507588521
556222054
3103702806
850201916
235747367
3076726043
3176634189
87752052
4026824832
1142271460
1317012063
2690454457
1802912935
3025570720
3226398090
2658716130
1071362781
4133076930
877488492
1963801305
3513467792
225798753
1943100886
1207913980
529367692
2316857449
3105000296
714386434
1811128981
2938279487
1206194565
2446849065
958221668
3260884375
884206925
923951015
2850611647
727036017
761937638
2581171070
2375206004
1007645925
4031896750
2111759140
889005707
1157991352
2584790052
1135321180
3874914644
3565943026
1769907810
2878661655
3057956233
1923162269
264976733
2975314995
3565971153
3748695068
3070821367
2663829467
2503078334
2185712243
2123464384
2956453156
4103673808
1627304223
2423035102
2301331739
1102804883
2673425871
2353917228
2899537445
2602188662
796533914
3843575014
44985212
3926454077
2282488749
2097748777
2138133372
446847482
3073350408
3959475601
2960732328
17209336
992757737
2982714311
2908653826
3781579509
4104306634
3529806981
2814718459
2282185286
3216269345
316772040
2363635878
917817053
2046378784
4116595752
2835875117
3982499261
3901447794
160640451
3664955785
3387196547
3887197046
241435986
3397665086
1118364658
2427058204
1339658880
2408494121
1806624978
1277840774
2007137456
2946624252
4254119056
3589693727
1404754060
1238064405
3171502993
139610104
1482716481
4207534495
1961915047
1735428631
2002477406
3023199664
964715930
537654624
986772697
2467394323
3338965272
706024044
909572063
630426621
3419934293
2918868712
2791235555
3120083533
466538052
2278266113
1758817930
1282019260
919963705
3270127245
3012198275
3850184895
826717613
2352560676
1354291494
527453004
197308834
457070485
3772257131
2581865534
706754717
1065740000
3131711007
2029692172
4142414194
1577985819
1693323266
1206513223
442935623
2243751959
1974537672
3108572315
3130329317
1877657895
3989621942
676668772
3994557895
3159550652
39684605
2411812918
3754142462
82548354
2713114915
3979487099
1852471909
3762900712
3076713157
370592661
3265616248
1547600149
3526569360
2302730562
4079151672
1765126130
807170450
1796378236
2171615681
2721455557
3582663920
2093771582
2074253089
4000523535
4045996610
3963043034
4292286112
3030502441
2419591634
1523962582
4231494528
2480400167
2648643620
1354580285
2738695644
1370940694
1191127512
3459251995
2932752442
4013701208
2097208235
1012067270
3797966230
2625190711
3064738569
3968707306
2478190635
4089004199
1017533106
574771973
2959482837
1615354251
1624737948
1370817315
1152767185
2716449731
3418481823
2585616731
1197271035
2093258069
1403425631
1979701047
3865252287
2219909786
3539377266
1779002050
3460637838
4132595785
1090467097
3939907235
4140482315
3502404115
2551170223
3380349256
770910984
1314802330
2574825832
3804293317
251485978
4140819846
3181548221
4185040061
1008965440
2521099985
2929917120
4035215806
1163993664
3689636303
3407227227
175533872
1170970032
3340758697
4009811554
3910683304
1180028227
1949095812
3356705450
2691581816
65081707
2539222152
2502489600
3728326834
3438582363
3569594860
812306461
402934995
1086540347
1738845060
442611519
889118560
2962248687
979229641
177154327
710265821
2864306938
4106103795
806581614
4003482673
1719274184
3544074927
121306521
3567669969
2414838506
463396545
2057103079
1003783500
3893203576
4018667429
1763988348
2864636146
3315850610
3575489563
3084466507
2421456683
2211994483
1874744021
2711236970
4243690587
3354363660
2948485597
3650787481
3439743756
4040839809
3813050646
4233725983
3109524975
295351341
1008509915
2450619780
499100372
3430737141
3040506328
1360001470
1560309490
3773404219
97496626
3385111014
1818496471
1873689552
806631745
3484640750
972833442
3682567794
1528552265
3563861692
3152821177
2003316167
1718770868
2863660933
4051214536
97195496
866928857
2441627074
3939799784
4021899425
167071595
3170431219
2265901521
1974700075
63457623
3365249208
997685386
799700574
2205717569
3018983874
1566779632
1544060984
65863792
4069250100
1372905061
4122687804
353022498
2234997102
2292775918
923125810
1545295119
515465936
3029259220
3948500349
2204457324
3946989385
2271262329
34076882
1975290075
3729685065
3155766821
2385228686
3177429420
1816347556
3510195728
3362541831
4095435058
333789904
2945481931
3435186700
114540850
619122056
1250379380
2273352452
1965944405
3998442714
4245775855
3881503714
167865235
791675009
3663853125
691051819
1440231760
313923493
3924630067
1900811927
3996182244
3393053536
470986860
2355568262
2030369334
3320112233
2742337018
1533148616
2043923100
4022086261
2876636913
1295998002
407561788
121817345
296248678
2004954517
3111823712
3796351173
16953692
2741447083
2798947464
514039937
2847044814
706929733
472223012
3892816005
2848159084
3002656802
4279993116
3805748987
785964344
1931347228
1799399227
3378860489
423391410
188780703
2573443143
454873490
37497269
3544941872
1290696737
1477130161
2985844457
1592831653
4057011461
1157561025
2386733114
1665285654
1610140507
3317042369
3145216627
2178529075
1721511533
1538925371
3303222653
1814477597
1073905416
2638824590
750958719
4137950108
1279571216
1807206393
1020826132
2531103112
210366725
3040068689
1452829265
2942066435
2622163015
2698366547
4145880916
1601023597
3383558869
2045026682
2263013935
1962043186
1689243095
832578722
1428883926
1922478210
3190702171
3202838679
1031759130
2895888233
3644381840
10607979
201297755
3890609959
3184168207
1955180181
721596828
786924466
1821238711
3343646321
3820387523
1634615936
732888643
2752648000
4262565489
2128439695
1256557620
586458045
2316526815
1158223112
3215408640
4129372425
986426279
728478089
1530059513
1035923512
1835613592
3070864640
3287253284
2476898307
2081067007
520251650
180221490
1018141315
2291077543
4073935017
2484171401
3765813826
3221788615
1236286025
3339851400
3664382986
483855933
3842282888
1916792440
58313471
1607925123
1588865440
2060952169
643423817
2786367643
3411886138
1457837345
3365030306
4136570754
614964918
2160949813
1684377803
3892461804
1844858257
3030555188
753404595
3585321701
3540832901
2706620585
947694868
1690028833
2164503458
1597529277
1385785657
3231980449
4144827216
3068588877
495301293
3319111384
2454489624
1943129968
1590694397
184519038
94256740
1077925218
3300959087
970377688
2786318222
2347434517
1653635364
3777220367
3473930168
847352101
2612476690
2007753750
191003234
2502956011
1664516377
3850186130
4032432773
2010014118
2383408891
2796446148
3600428832
1233107608
2360827451
301305671
3240024274
2014640005
4255953928
643422509
1892363080
2844774720
2839682028
1543996153
2278051139
3297660148
399768336
4245887691
108662905
4152110036
425931176
2538351993
3464708429
3738370626
2373250580
1322690717
3461053461
1423556714
1258524614
1582830443
3952407715
2073570719
1052564065
454407025
2330167154
2533658325
1913026820
3310310296
3378107794
3254197220
2991728962
1409644212
3055440969
3585343080
152667610
3430292441
2796021688
2451087446
1507360768
838992546
1413315115
3595946505
780137606
81889588
2688941466
3017257616
2467353324
1415745792
3018798411
1650846992
134887558
715216099
4077357896
359636633
2332150095
951795297
1008041034
2613823916
1467704091
4252749195
4136937537
3663837477
1410698913
1494738555
1480428494
1574389477
2552129037
191048843
330071411
2885784653
3685408695
94289595
1517327606
579032044
27462080
3854224568
187038523
1335661635
3899921267
2499073064
1133939406
2314755351
2315943067
3741290825
700788349
1361941437
4159262178
3214588691
1985981356
317446365
793942853
3307026856
3370074543
2934559757
3454083551
1908724986
727830748
3563190170
1279084773
4008111966
1823977384
3607124804
229624318
2063944970
3668162019
2912330431
1628463566
360518281
133888737
2213601527
557221192
49642799
1945923931
3218523372
1446079866
3810090494
2755193446
929551024
4191672501
1271317012
1874960840
3572969798
3555591257
3122005162
2875290506
3514176476
467522524
3773394762
207379371
2197742662
1572838594
3351776468
1672344775
1373628639
3006200113
2897572025
2840691211
3320500744
2409335697
2532155876
1494288875
3127135924
1596856148
2830412164
2256931436
856578156
1590704716
703671319
1013966130
2559983394
500352022
2601270028
685388487
624416744
598539128
2390034173
226043819
128019080
637358225
3157672708
4121254744
1796250804
3717921634
3481438648
733113881
3950789517
684414932
3247204341
123842292
3000605119
4182080981
807853346
2630946878
289471343
2936662291
2769046123
1510759897
10254904
235122285
3865884439
3353475785
1443144111
68726380
815137632
1186688403
3180108146
2703289182
3041889493
3558119283
1777326705
1531416519
595511658
3422869833
166970283
549909489
3389398826
1697538984
2813907020
341618791
3458071213
1771492828
1015284043
4090159733
3138478025
2886380593
79317385
1349369991
2974830681
3552652936
3819119577
1418287775
916013309
3117111128
1413451804
959900352
4258302934
957474062
44655377
3190609137
1913474955
3202665946
1603050172
596809880
2127705804
2395685307
4087741895
4021239163
52953875
1902682864
2439083530
973422984
1030406381
2997470228
3581277593
1712968192
3358003438
3553948618
374883036
819840725
2724081662
2619365109
950843863
36961613
3971863270
1918941913
1177004894
270440542
120135974
373733516
3213772137
4219724766
4100059188
1753415921
2021289670
2278856985
2039591703
1250978280
1591459991
196174590
3776374484
838507336
3951576684
1027330734
3034221501
1900116167
4116770441
2535359429
3343036603
777412334
1298063892
1666028372
573785426
3715539689
1829363829
1880896797
252461568
442395537
835794155
367267400
575281161
339249887
3670541278
2306885407
372342702
953930952
4187126549
1189686569
1471645900
3608771745
3294741235
664766031
872440352
3140754467
2135003330
1108994667
1381917613
3956487287
1289600756
3422295835
24877940
3169672209
911162654
1939038124
2603930124
2926074704
2402652201
2526594394
530761039
8702583
1374424632
3396192386
694719546
1491205032
202476486
3089096479
1899906910
144586087
1024896680
3681632703
3149452308
2876450578
3650842410
3249300053
287468164
3049414440
1540813942
1443547385
533683083
3178935032
3375542531
4160568922
1545319305
1832718139
1095646094
3188217931
2066061652
2104386052
4025429553
895551984
3947971714
1245715801
380428971
1871489780
61536537
1536824805
986403766
103069048
1550520462
3756937454
2473274801
832071965
1998018530
1208761929
710058312
3842981482
1569549526
204780893
613372876
4220205347
2754686132
1859431615
103251954
3983823847
2969075774
808164662
4199746489
147065094
2042117263
3562203876
2021703080
1774200667
2274862309
2106352981
3231944777
4046695936
2112893234
3191592322
2076042027
921347509
1114457664
299939663
3621980773
3591085577
1996712687
868740439
3143040365
11161278
2060287903
303683386
756029067
3848200711
1504437302
3277408820
2995971475
1826312514
1907821944
3050032246
1162657256
1344893651
3574070622
1858934038
639545818
1009498875
1340706889
4055938300
1716859740
1655155517
5571110
2250269660
2667699385
2304215487
1946665211
3901356640
257401566
2908298702
1548453114
3192860250
3054497732
1266707583
2664933775
3373813662
2033458090
174284783
1956193942
1576943252
1809308515
112191718
4024963961
2965302431
3625033991
661663164
2684898842
2970060571
1528984419
3740878855
1008586352
886803637
702070282
2522499998
1061537651
1968589362
100883465
3536631374
3825273012
3119178015
2786829012
3250590462
967220281
1245922457
1938525437
1408638987
1478720881
1559423436
4124661115
1444614542
2659002970
406894612
3808447170
2366899836
986751300
942023712
4247036705
167930528
791298449
62538129
726341112
2935294698
3270588838
2749397451
1309091299
4168243841
1025313143
3381590457
3270996221
2067781601
2140622717
149378306
1352930337
1795502065
500383558
3231000559
414501143
3859190756
1917705533
3816444371
1421949576
2724961312
205832493
226811170
3334088864
3510811324
2040107490
175809039
1760412410
1850514665
4249722359
736427552
1132137111
379584267
1576897953
740607901
2643472772
3991858993
2737316318
1944405232
1845230151
2565082793
546487154
2592936440
3240784336
2853960682
258713335
1109595665
2085209494
3038044495
2990164807
3971648298
2628597474
4025691719
1452011939
907669226
3289407474
1575992742
1405430782
882670254
1569430935
1652140067
329535086
395293299
2626075906
732734169
1736772478
1833723569
2143873678
2079366911
3913310883
849331792
2707247182
1220033412
2218111165
807915409
1344794490
2180700302
2010976031
1086056869
3771051182
3694172360
554697323
1389409014
1476145244
2520999639
2092641137
854525118
1506334383
164256936
1387377752
3476746791
1877079132
3891943925
807570193
3180126213
2148093906
2486815272
3643766098
1770271116
1670346541
2487109206
3276294756
3956447672
1613690207
2313338770
3104613199
4211003192
2766141670
684263888
1974757390
546774976
4200320544
3587384734
3069928279
1785485433
2202605246
2226013968
184209622
4032642945
3324975116
3176750890
238955276
4249142809
1798311129
3172539856
1984944938
2981794177
984889086
1447404240
3192360736
447343517
2463458673
2540855043
1256735296
4196450839
3536593782
1092575523
3117408203
1869200597
3192488427
3644842346
4096281513
3239189834
1527743650
3070432384
4221113728
1017709233
1183592642
3025752525
3970942036
1264896693
3847081025
541029198
1373031124
2794648659
2054646168
156770967
1190519501
4016112178
792533192
2064102763
1914120248
1547243825
3705573885
3364446870
3867358550
1236472672
1285703492
1880549290
1624308310
2459777189
3629669969
1858524127
3092711508
4103206600
363620793
115169320
2842265721
3494397664
100708657
3537360924
1840366801
3792107685
450439235
2119782602
1264302559
3766626362
1970504570
1758973484
1247452993
971303089
2893970680
2081917238
888825132
2963663523
1357375602
406920639
2554432584
1097001891
2421425304
2837325795
1773351495
3184284097
3262431604
1661188657
2117395833
397336948
2625518035
851181850
2369842909
728888043
3300025492
3140499739
237428823
3704356112
3615510147
1220683414
1619804316
708309521
1459983402
212752708
379937897
1651198010
3503651984
131218703
2773102817
460896018
865021018
1939947292
3945260806
524949599
169446095
395500022
710033719
2864158070
3158747912
3703601762
685127899
1288012164
3162902877
896654229
854154559
4125661554
3966892092
890084311
10591992
2898265650
265891341
222202253
3544659806
747741233
3377260901
271183627
418466479
378870949
1664633537
762318594
2251689558
2782406013
2856379775
3390001528
3524959294
881142700
3071059404
2263602885
610311191
3982727844
751043683
3876685202
2781320369
200837089
3328991500
1173572301
688338284
1959757066
3699325045
3034574469
1165258821
2852292020
2314995477
2152986818
3472304376
2140993496
912336144
1966735536
419603934
2029993919
3283802508
3473616470
1173720242
1433701475
543712028
3589336873
1426873351
89525337
3217704458
2051256716
3505122707
2993049046
4089581781
3798442173
2086161761
1264175666
808667977
2960495872
766638842
2388515403
3267261203
727878297
2199094974
1063459104
1757504638
4062058273
2296475726
328596673
1522550868
287879930
3597909604
1447929103
2752772932
3923386634
2833304164
1407259393
2233519188
1611907103
2485096572
64738812
1572189430
3509361633
2691007769
4168488031
310013020
2476396670
3493421549
2077677547
2749133290
2064046253
1558076483
1496888687
3441621470
1176709507
1438565587
2820978276
1648581280
2139913416
523913443
2394898404
605417586
1384891634
1893946653
3951774869
3781677670
305219945
4282938053
3257539720
399532356
2460810566
4050333624
3175261288
4282657677
2532735432
810420892
1878914272
992784609
1374891979
3699835154
3959846048
735830532
3609366790
1998963922
4000570109
654918532
220289791
2864994118
3970754391
3769020550
632889237
3548292418
1677516418
3126526185
439455889
2927060782
903140199
363091881
3125643343
2803413680
2437832628
386361775
3681888379
254467114
1802333555
2630808516
3581522203
2150903646
2520897424
2393231550
3379014607
2142791250
243570769
1926410035
327439181
3650199272
1559193099
23864232
1096011336
1481345639
304980479
1669235232
1907518535
2977341464
4115144651
3326070508
3605345481
155626404
3098948571
4082850886
2228228770
1802186560
366562646
1292374913
2613626924
1827651443
3973328799
3694034725
2149102123
3096282021
1394293802
4210800409
373685973
1894401362
161440725
2362705024
3603611495
1951567496
1223791999
3066535061
1696468238
654063465
3829463639
1881313769
1660656568
1660344105
760413062
1624815129
4024812950
955263955
4210215723
2935741957
1226889553
3507982683
2551967146
3729930768
2586221934
3950709907
3081472882
3009832159
1500532358
2516262575
1728110022
331557190
617621687
686013702
1884482998
1780404194
2715185672
677854542
1924516473
569823921
4252449256
3624523147
4079684363
2478706423
3401115062
3440334305
601042105
12994946
1323127237
4014781160
595983160
3768776630
2429251271
1937767866
2912214434
4203948167
71802102
2787760027
1572289964
709326001
1742627528
253670000
4060935202
3101143790
3958843772
2323914107
3083589829
982587558
1429733925
1190839045
3053604503
3822553926
4087084731
2169310306
3767130314
3838426296
2348066095
2825966562
1174674903
3578558129
1673498489
1649353536
2068366333
2646213645
1633984020
4223750232
613515704
208063789
407281739
2733211592
3031811542
1153107695
3528600528
954631851
3144856818
887168822
4162842270
1565962411
1208867499
3561623082
3661358713
325007841
1749901423
2269462762
118159091
4151110984
1600904068
275981523
113691951
2380661210
1872215845
1564900539
875976805
2981580058
1911506755
2496827854
1033087043
3235631421
845632695
1908620964
3548395666
532172975
763817766
1575057241
868647177
2300089223
2958939409
2081167237
3708377997
1261680284
3334615068
4177742944
3944101750
2108843645
366270796
1298119864
161539269
1144358406
1887721291
1607292868
1148408541
3322961224
421065779
3860129250
3666331768
1169098957
1516563012
1101213694
3999709473
1831413713
3801909675
2186832705
4231168963
1228894840
3523138948
1717061021
167576860
3691914538
3416479932
768706680
4250799828
1846518008
4249746284
112839045
2272485341
3929808998
3566030758
1386055533
73056661
2031725908
942505856
3504202999
3631115135
3815583516
550683899
2350908724
1107418165
3311238254
4210305092
809483753
921209077
3065800076
466883642
1388327016
1175280983
3259831670
3101129690
3413936108
3452113441
3169609159
3521733616
897409091
3479645543
2530107269
701120112
2840090287
3901653906
3106992613
2484147506
177715022
1075525522
2514896164
2467848796
866167466
3720081950
815427087
254056754
725396604
1683555786
2447714508
3246666070
659907799
1143026090
3709315644
3415375073
1546768967
1407424565
2306422175
873043343
2204984634
1731730244
469406485
4031416348
936203690
187848472
3898780049
961277912
3531676594
1809083963
427959448
2696669602
1448751279
4199954890
144628841
1805530911
3720726073
1448617835
902689808
1338248980
3427729827
419066492
3689890085
828947326
3733092867
2254268380
2215021972
2625964606
1739243943
3731723660
4062601107
3107268914
3042858654
2203925908
30793065
2092128857
2682158970
1724240810
767862262
2642046777
33532972
256653410
167862298
1247294724
139868329
1203312128
1538977224
2160703483
2706985654
1401980668
4079180684
222537777
3780934270
2027014626
1372281203
2323542506
299786471
966241161
2752662581
1487099630
858494556
812160985
3639062773
4127034171
3772476277
1643372126
1404176025
1478697907
1541635330
2384748731
774776912
1576355918
638546264
2886206557
2327137893
683530826
1362924417
3232638722
3369960655
3655365416
556212520
8388321
3669506572
3013984386
3085456217
3715979673
4024886557
883727122
2225473098
2776673671
3608604955
4118825340
3278404611
1267980337
4257895333
722322621
1029757301
1166247898
3978690326
195685928
2822003915
1807919159
2952487854
2850361502
2684703608
4117140470
4265503868
2684994264
25032711
4014412314
597023839
4254978487
336860038
386351502
2477153008
2750821895
1734836956
965353296
423764190
3253108650
2997510187
330267878
558515246
2819826503
4123078906
124478126
1592670883
1384537397
1930812759
1673603233
2945395158
1331407157
3487394662
4156685504
2567499384
2958825883
2672883278
681392489
287080061
2511615144
3051385048
1460459305
1351354780
4137656702
3874438728
3434223839
2199335015
238916370
4242735438
2342776132
3444792791
1755628711
4002819187
224650031
1714217135
3702480037
480213899
2272881298
1076283415
136037355
1795773603
2897685399
1618736488
2366290394
960153441
3504616763
1197029606
2055748308
2117999772
3182208153
2613638209
3619677800
1798873304
4096976585
48388864
1744915845
2758182472
2266115587
70432279
4217904103
4184583686
3665322275
667988660
2972967263
401037215
3018737220
515118534
2405237156
2467692449
3925713786
3024867916
3359790009
2862437792
2380526155
608404913
1521892267
3495887281
3892405589
4067748679
3475829701
241704857
629486414
1097272765
3928742507
536643581
502248124
4280238455
3248583143
1622900858
3074236547
2300197560
1060622275
1552261240
1611160284
1356111773
141521887
1601054058
1111433457
2664407497
2378314411
3073193578
72443653
1622147112
2042302744
3416705989
4205067302
3447069466
1203008535
335974987
3237742429
2811593762
2844241846
3159406630
2718444911
57283292
2113539675
1814528762
772886816
3872942652
246367061
3704534547
1776283518
2024971818
836873753
505424791
3139677186
4216128889
43764436
3451233975
654280887
1680251704
2373956041
1811337711
1983844575
515171681
696995155
2031399152
3578888165
3718015431
2630565366
1161265009
2350259999
2876546920
1902558636
1928805740
612186303
1152342099
3130062580
1376035347
1677974385
4252524362
2676654315
1145013359
2169864167
2033436898
1035771796
3053484682
1095394285
2373158918
3143330644
1665901443
298385777
1086857184
750515753
882301097
1686090643
3434005649
1092101239
4053064693
3965049899
1519616187
3926371065
200042184
3934930018
957925043
2472195596
2185638685
66884419
3820907817
2688005649
149939625
517544010
1983361700
1168769961
358755620
1691171147
1897487543
2238175632
1017739985
1490872484
699516680
999746753
3125230177
3944127643
2392283397
2784513750
2286098994
601038013
2829658432
1279403928
1921145449
3335787444
3783805177
2634903573
913467150
1212731094
3493759871
738161071
1937671395
3414682803
3114653510
3016313299
1773950015
745777566
1309077703
1548035374
1412233971
130286213
2576584626
4169116224
1410957650
1218842272
1238939221
2614337601
3109915083
3551959598
2491408956
1088568659
148328042
3328122576
2112204877
684629863
2295584509
1867247117
3914673599
2255527864
293277448
742564796
2446325017
817404054
721038816
1500781333
2315809597
2039985409
1003179558
4178269064
2653611419
2563103075
1669933418
4206907494
3440935894
575620706
1917406051
3572266055
3009514941
3520382793
2564259334
2106098855
1440279081
937132624
3916771364
690607453
1989998995
2699494442
3707746799
1052341659
3238801899
4210358189
2220238942
1147139547
1873211914
473127531
2130273015
3641762105
1904120889
1188168198
2593667826
25216446
1638787385
4000020818
3449314748
620750276
3510619836
2094546292
3926104549
3537237786
2933655450
1824194721
1016203443
946117015
691237950
263853395
2003212363
1898115457
286537301
705763865
2432624752
1294482327
170864587
2015218334
2246435828
2714057390
3783655205
2221504488
3133108278
874139091
3886183728
3194323217
650306277
625196754
3539859035
3264517412
3551415432
1447862923
643312538
4197615818
1940559086
2618391724
3219062696
3971238607
2247861911
4046608783
45054540
4001988668
1203141312
3722117256
83876676
233036956
305745171
4047530700
2109977440
2067501051
2818654335
3006396831
2992825550
3264783779
2468785041
1066085335
3155476593
3143552893
1222672614
189844378
957632265
2979398278
179232025
1485983925
221051628
3378735573
2165557636
143059274
1122051458
86025942
3229095144
863209378
1572887552
1762512841
2208133505
1073872160
1118609152
3133294567
1553542431
106706797
2052169543
785579120
701250496
3461719068
3180586942
296081005
2694669915
1914823456
2973330677
4101732053
2150466383
3272629196
1594618470
217148942
849449083
2571301828
1456535082
865715272
1070513229
3075331330
1487948419
1621827260
3834298150
4162012741
1315632678
3433387045
276284303
1387635391
1274616918
2279186580
3460566939
3139573162
1574179949
3595192894
2329851709
2299702377
1936616767
106496856
3760531923
2996663319
263861411
3088751072
2649062197
720753106
3716300758
740259013
1413211463
1119074085
2985788349
4179047418
2997714493
2451874384
1102545266
2628838343
1730574346
3941510935
1288005120
958633103
2699031679
4100078004
1484249545
2699075009
1204625747
1333925868
779922980
2581804866
3567135043
3047995555
623392050
2942089998
1005567843
2254164258
848850544
1328413660
3653399244
2020126631
3614812552
3763187151
3520425350
1476788570
278152057
1299360107
1780257979
2338990705
3300158125
2268035402
1040341248
1501262336
2268712496
2530536965
3117692286
2191489677
1955383373
1035049811
1089685705
463840951
3833388012
2277952294
834914300
3596762599
263290813
2216844900
3427248346
1590938127
2309258047
1152258073
2991960759
3029885538
596805118
587824719
762741375
3856938591
89732417
337692430
538644806
1252037283
3505763588
1994025337
3870997763
4050939877
1435595715
761057617
1538240173
1571220824
3316411465
3032835305
2034270207
231615322
3332675918
3593331906
3090496031
2379852228
2247905405
3148796321
3265837566
1788035515
745623609
387334048
4234821441
1668652626
1916933997
478229645
468924334
1023883631
3040403784
2816936454
4082915983
4162394168
3686106346
379232387
828294175
3443451735
2784519806
2888520257
2073231109
1309722136
3385019953
3240347703
3854304721
2467252203
2177902555
2070243278
3138583025
289269600
2753509957
3083424807
3970152978
3349049568
2708770272
1372133261
106542472
3764715980
1883085233
3386881158
2787161378
4078982562
3202318469
167401243
1491056043
1022983089
1137929736
3644099049
1938888404
2401612562
3857465296
821587648
2499833789
1847492666
4252158511
3132036543
1966565311
1308044196
40871878
580864110
4117624236
2285084053
2542395437
3108131431
2817819153
1651530587
1555547778
426009034
1325214379
418781999
1847518534
3561324206
2211370853
1624225868
3798712420
2905008335
3939766589
718779967
4215305037
1802866425
987072433
1117365240
818458519
673761746
2334334763
4256338784
1433822006
1906090481
795799885
2123022040
3027929788
404163501
3290322007
4021696773
237454936
3000017727
2194992271
641876972
913367190
3709291285
1726006131
1512797594
3223147578
2679424767
211442362
3446395992
1248835912
3746395306
2499112259
146493848
3876091359
415396978
1110816459
173746944
1893849923
3808581352
2925172722
3883126772
845523197
2367024982
3144212070
3684967181
3879951878
4124801271
1194028721
3633055740
3427745686
4004404584
1498285368
3914625167
3145914447
2216690654
3911342859
3645068177
2012670929
3116114723
3406382533
4081536372
1282976109
2783670587
602986148
295310962
3372237881
205610443
1647007348
4009250421
692295449
1919676096
3015652863
2877016505
1736281213
3335776140
2638921614
3063125992
4126885257
2860226693
1759023340
1428621171
3942278467
616021611
4159727055
3533367301
2866834982
3121285196
2952015855
3118723176
582572303
4047824797
72403261
1085744963
811004037
4255345612
4288921083
2285813195
4067658000
3460828590
2950830634
3818116020
153744072
4201571801
4067340590
1316579573
3303870473
667870297
107141336
3858105879
3138438437
2574546639
1027284167
11988862
3971568560
226405673
275395834
841782374
282646179
1130490600
545369360
1970728484
1705555333
1599100853
1418583614
1982946950
3624846020
3936370905
2833514484
69675635
634366706
2363671024
2503545234
3798113050
56597544
3300073545
2765432039
2730024273
2834633020
3670704791
396688695
3721812904
2075113140
1235814752
1245248257
860052650
3820167239
616160621
671810831
4007673934
3996405155
2508438765
2729960698
1706400259
2056989617
3734886179
1246663835
4273849592
3785920755
2132293041
1420211583
2821633127
1290381294
3784281195
1413245063
3025552088
452903496
1125424637
2602399373
1677467322
2667976252
1523198602
375343823
2977108382
2346922999
552798029
1775853042
3918732759
3745604151
3674966739
3397223549
3979317272
4070812086
4289109978
2929225024
1353721022
3441371689
3695381597
3690178097
3705255384
815719421
3887319569
1182447408
4277621340
2857608962
3096943704
1173853474
613243434
2815769392
4250443750
3742871343
3990543774
773492725
3636457058
1715835964
4273331520
4164243876
426710956
2922951169
4063238908
2312806654
1239524910
1921466745
3825490670
385148617
2778815499
3846396824
2897426583
191071834
1672274814
4164831307
4231395914
2884285817
3379878674
2485160471
3413075542
2942277052
1229345055
187996825
1507972559
1079417718
124657558
525701948
2758358379
3525177086
3575447962
659553450
1741083554
2696247711
3494783160
2293954781
1627837720
3731702305
310499208
2563793523
30331122
420270620
457137764
2889603862
258226150
2962123319
2451164521
3763956294
4221920857
4000261282
3067261096
181628829
4165550896
3961819608
1021642329
1259958160
1119472100
1764143835
1415730495
3501386875
2786840286
1400753704
1665314632
1728275995
225642067
802633737
3678476614
382389019
534190834
103309144
932234321
3674379767
2744168240
43703641
678780880
104298621
3176612704
3581271400
1145851709
665065038
2938908306
598168503
4201879984
1365429730
1425590833
3593789145
4259279433
3290592696
2910402616
2898144271
3814974284
2962726795
3429711443
3732369134
3252421866
4293593919
3782345983
222981714
1657119388
3429310882
2591225753
3527108418
1491782000
1819787468
1559140320
3827234139
616774966
3043589042
177944866
1311855298
1937915603
4290277796
2358300440
1778442692
87451720
3021592846
2613060376
175210827
507682350
554456112
3525827766
2413656210
3611216510
914433238
1250119179
2533060504
1355061865
1339064866
3526566222
3044873245
1800257064
5390880
3488756226
559759755
2510254309
2061360035
1365838388
520531881
2282566826
3568328236
291425226
122451693
1501704702
2035431754
2091032622
2772600637
955904108
270601956
3523047962
1961947316
3432356012
379526135
2561710017
1683872210
2606811047
3725799239
1998608709
3640210907
3687333841
220544115
441448669
3845834696
1464696134
4160525558
2863521563
2684659251
2614264198
1797400723
2659208945
1772254820
3025895117
636523765
3677504598
3496406575
1896080592
1278254636
467460584
3173695325
2315332727
1709091072
862901737
1157285314
134505650
132248967
2621664311
2162723943
3172019747
2576186505
3194329800
3013770024
982277552
1291923981
3378308080
214487948
4150064751
47853569
792729995
2812921245
194013851
147176893
2562656880
4049264459
3034737385
3364549288
1478515018
4288613366
2294470026
1407845269
2766434615
3114475463
1559103142
660919802
2694387473
1011881195
4155831348
2884489422
4055047527
1011894348
2798136655
1199628836
1581665231
309747252
563519343
368503903
1044357043
2167944660
2440535471
855967236
1854506709
1129345697
517790778
431729790
3580536844
397034298
225499597
3225062504
2376448512
3837395253
2569755143
779585630
3910807041
2293586471
1568754529
2047325584
1710540556
3240716770
1725538189
369611092
2005670951
486912821
1322595527
3681006672
1063824738
1971571788
1585421915
2024837593
350989802
2732982834
3353582851
1959821387
504114743
1431204685
3738799460
1994978101
1459861154
3947159571
2165152288
4233020612
1966050999
1457299177
82657651
757873778
862159256
2545671509
3188375465
3824979938
2188044502
2447847424
2041630601
1675735168
194148759
1192544622
3059048349
689902554
540315324
173669727
3324910053
408111976
1629664273
2761112366
733866595
137104273
1806132437
1727221603
1979452895
203451625
3891522897
845355452
237312178
1335026924
44428897
3478082696
972670644
3001582880
1250443879
3514305243
4048646780
2791161976
830070120
2993567816
2625856447
2370264643
2418959165
944508724
3379212667
850508833
2769221927
1004433253
281983884
3369890156
2190394907
531977203
4176675600
3150292958
1359271325
3066456434
4004733441
3572277730
4068660735
3393159494
1003802062
3902532517
3389345157
3138396007
3358050495
1869728069
2243950811
1579382806
585549946
868080707
3207690688
1468827274
1123885140
1582225972
64328377
3579480218
2263697701
3712731299
508757071
1683437106
4112715102
3637114894
562294924
491098239
2365407372
3850023427
692133528
4129716201
2471432899
4291907590
3501398640
859870519
629466309
771477399
3270689789
4202424776
3138483739
608255769
2589642486
4141880868
3974746039
852164266
1586323695
1344406512
3348936470
4218219700
3000503273
2978713245
810096772
1285909358
2424938225
177531307
2572245058
1115024748
964204194
1975273406
232753283
2749216887
1759753097
63200950
4054698291
897262659
2818931439
1355530175
318954476
3868689699
838297096
4245971293
2643278611
946861229
3856942497
721175051
2832293551
2581368749
1572811871
3891851675
2947047970
3299888500
175667061
89507238
1519401809
2767595539
2380412236
1648685545
2813291850
2566880913
3972495431
4148280265
1808702259
3917135989
2270663397
2840655799
731627475
1768522798
2841316346
3424623581
1109507196
3495598598
3676427808
4068163588
3143984081
1149325919
2306485534
3077780658
1081696729
1930995957
1426379334
1707347945
661700450
2133792962
1260011324
2000071541
113739297
3829067149
4240716414
1449534829
1667932880
3902013491
395304547
2755421177
3604178217
3826825256
649273208
2773576782
3615423929
1020048966
3528247707
1330651652
490072687
2516360820
1663975520
3717476157
2156120344
2748389158
3791570447
803291260
4180442869
1999717540
1815208964
3978708201
2825973880
4105119742
2435911539
1210279313
751389391
2433356399
3570411039
2207745400
3091047308
1172674330
4166409097
1066913544
1635708038
514040690
3958751811
1572667449
186778952
3801591421
2244619457
445088919
3073302149
2790720132
3215611769
2605166311
116086346
1448255239
2044605586
237288972
3951667583
2604412434
2658250137
1337461222
2715110136
3529658124
401741386
3453195583
3720367304
1390249164
4034397221
2406193277
3548558432
3836116399
4033039568
2194235079
3688975108
2577839314
4130575424
2493437877
2132900411
2538024716
2427486075
1680946317
1401974943
2619007895
2446211079
1587529600
1662636910
1100790170
2403515506
1613749256
1574270827
2017283491
725853594
621350353
752403113
2314957623
2458421554
1980082182
824963008
1278824900
2756489930
1825210467
2848987703
726547378
2450009779
4137190241
657248630
2681003327
1548027846
1795319432
1492903222
1290134436
3198597333
1592552109
3530000224
1183047616
1589677296
1208525419
2785980911
2001814014
1194901890
1982791537
3735094655
1834853143
2173115939
306564090
2166560290
1169281618
3167719117
2217232686
1375341106
3748543904
2018871771
1547533210
3495124392
1398972264
2988082916
3388484243
3045041864
1151363771
2032952847
4103242899
1716440074
2194756314
438035988
1836905114
1779420628
979112617
3462852544
2422725537
2403472533
53397666
139672581
1751739508
646249834
3598123748
2678991373
181537905
1420035264
3370443804
1285458896
254553258
3738577504
946061511
39363095
3529775520
340422970
935088075
857072806
1293273581
1754897664
2964937314
3118269092
2914423214
534470809
4096952368
2710584136
2232789061
1193462816
2338339138
866979030
586550007
850804669
1219793006
3567993327
1178602898
3785824913
3639625180
2910913168
651388877
221343866
3452729460
1931488606
3014619675
1740235986
2949487365
3292272445
4291755973
1299724370
805723167
2457584359
3638665911
4170208453
659961068
2307102405
3710063590
441479388
2707808827
3374188444
3475533264
3562318876
2565759142
1010792105
2122988664
593043514
1555264356
1071276668
2493542069
932571754
3327601721
3827955257
3154771793
1999747612
988050679
2377170770
2541937282
4069443494
2533179290
4276399883
2433735597
546682055
1194368219
777522679
1286382255
3118997489
3304135853
2125971770
2997592199
2354879579
1091203066
1326720534
4220452694
159048384
1962231705
985255877
2164322990
4229741160
2487656189
684390036
4174114824
2016300749
1649532142
597383307
2104271670
215135054
2104689655
1043043932
955054768
2434465387
3112848206
338263680
163341573
3424949886
1372431613
2433526968
1144705874
1628261172
215924133
3693937157
4165345751
2190040937
4187472801
778196830
1904952929
2090527968
485940266
2716184447
595210711
1738304669
3271122620
4067476010
2418889444
203086145
3528333236
1880075305
2869331577
1369023763
2253728372
1519889098
3622443453
1409219615
3942962613
2476372874
306354104
3385082086
1351647816
2009554877
3986353700
1671079524
3534962320
388709085
3364404168
292455449
1187471778
132969170
1119851405
400495448
2408844142
2929175223
2698256226
3618622481
3099073906
1953169692
2859268807
3216998209
1095168652
1933171818
2355452943
1525757907
1572089488
3552028931
4210455606
539425161
732988914
593567241
478693294
902483198
3412681289
1447507455
853202780
4184191822
3086466494
3463794391
2197010636
3767700617
2702981414
2091534089
1949229948
2258213075
1074766969
1613129956
3024496624
1438702916
1444175970
4149662591
2509704195
1292545765
3254100896
484277021
2570309355
2744084487
2110349784
9972994
3664062615
4047761898
572875251
2867601924
2768105275
3838568592
3655251958
4207078055
4137884646
1886974549
3411261615
1979732499
940161548
3225259107
2925087432
1581651969
1744888739
3245725638
1947554687
546991946
1049772275
1129461829
3809349824
1128704694
3179136143
875627959
2259100245
2899482273
923005172
1133595666
371633024
534388221
3405152693
3590223574
591606351
1105220632
3782423252
1783604795
2474224600
3075789307
2718418030
3673417472
168695995
4250580417
113402739
335509408
3527621967
3793035427
956670809
258239310
3278641240
2577173107
1895942829
1802059089
3961519652
729920430
574901937
4152557256
244892696
1743587715
2614241418
3809759076
1020476911
1597881239
1586957723
2426797524
1489015634
1327789556
3215941041
1872883574
3271555111
1582939756
2965014882
1672739130
2486715718
2589947596
3632313116
1640553057
871046388
2424620981
4075376770
919196573
499011560
2153308058
3949446011
590250405
155406039
1645948633
2154742346
2721295090
1323501544
2353367882
557372257
594568183
2839571538
3916849830
1975869264
907829218
825094594
3246647085
1081577077
2531826954
452919469
1821622558
3338090691
3438510309
2715179826
1589841992
690031217
556789222
1220054464
2867074888
3824806911
2629649488
3456256331
3400555709
1429810478
3561722888
1285468192
1351176009
1498715957
3845055210
3088692727
685289450
1105748204
2112643576
4217657579
2924183844
2828958464
3842645613
981159980
4220456197
1832632527
4064263335
2036096255
1814258272
849217220
867176789
3545418877
1819677345
2897862614
1654873139
1676624878
1429824475
1451508666
3150318131
592717089
1434983208
3711620759
1423219535
3568384063
3170220475
3815152181
1459553187
2388663689
3962153485
560456385
2292419178
3147931565
3130592186
3893855789
1455470160
1058117728
1980391892
1026176881
3007314942
3049454534
330581386
1006164353
2983767557
4216247961
3539141955
2115237114
2370766460
2994151141
3156827215
2984831166
1576846548
3719742496
886088972
1636537158
2714757862
4208818899
612395305
1412613286
203806194
4025720222
1970414969
3540201007
2975846586
1668321055
4237186310
1714956083
3964022161
2422648855
329852163
3477515959
3800567032
737570844
4149795037
3828405967
1664081949
2366695820
2682281639
3249005126
3223908542
1649148854
2314434227
3133355478
1426426307
3711923084
4068483993
3345363495
1462436616
1242744414
2050619406
3341259854
3337268253
1788963994
3836337126
3353354995
424194312
1042364188
2681560020
1613409073
341410943
2792577419
3413037712
2366941582
3628227320
4154976883
1564151129
2470485686
184120859
999360363
853779149
2307299534
2206881276
4275816281
425761190
2730822190
880078877
1889911018
3088383770
387074127
3508415139
2176020082
302951576
1562709816
2815328620
3319712705
1351600578
3017164509
4013222411
3519967280
2161262061
4086729577
598603242
1272255939
2545080672
3915292538
1121002269
987176309
33677119
9797863
1544960915
304099244
1423562389
1109309412
1838561232
1848245088
1499125376
3003709525
2760264319
464764132
2508958976
573783454
3254703422
3067153504
3916493898
724194566
2071122664
2667247059
690454317
348568490
1583228058
670115584
1548121479
2842375843
4123584421
3553061237
2278356648
2529530265
2462687216
2070223836
669739563
801974267
3219834527
1827461132
2860767292
4272990792
1247756220
1050191778
3576516603
839312997
1315497099
3417616428
2376587487
1644860901
3828648571
1189001717
2117410585
4288286189
727283189
4130934599
3321171207
3985444756
497236253
2907621649
2912304337
2350276617
2053798937
130200779
3967922330
2311956462
1573563250
4190627086
133256543
2418610228
2966548033
2282211632
2680092380
4273989945
2346179633
4090453840
1513682258
2406892261
4255274107
806474849
1334793457
1601421738
3274153096
1630142015
734881184
4043541485
3599356728
2601244751
575144306
4207545130
2015172056
2647644868
877493836
4294941384
2985634887
975943430
2863623958
1887745754
388335500
2808866852
4032557087
3960986603
502550602
3445673237
4034834677
2441287894
2049392324
1478765949
687498693
1869159245
4026803128
1813607487
633385930
3178636158
23809374
3684307444
2376227163
4173988895
885758222
2770728749
3135928123
1772445880
3398444274
3722424526
2688989570
2105796567
3184374863
1859855114
1907627384
821768097
81997833
1286018649
4268138262
3422709914
3544591943
2871144775
3878134922
4035526116
1760255599
2856957458
529204423
1026634821
2088878572
3998937780
1834400210
4159562439
722339103
2527073640
2337586375
2680120689
191687423
848467142
2871738162
855712254
291362763
3458468396
1470507684
19576709
4010913688
3901021985
4010951660
3715517247
3361471084
3028378312
45935159
3080352537
4132544649
3296504679
3975332573
827696183
2823529096
536345168
3794502997
3287067621
3768766882
4165529236
276345069
3996074068
2481997869
2036911506
2699488915
1191611664
1197436715
2729528453
4188603141
2831580641
3205844585
359180032
1607947575
3528693050
1635294414
2122390422
3540927252
613340610
1908852942
1703563787
3178670871
3333563761
2885663893
986578012
4197505759
3056905523
1101236461
3449369873
1493123048
4076744566
3899139854
3023220075
3829441373
2899018420
1014758994
1988428738
2193388522
1358164641
3541163343
3461236890
316306009
392778536
3742773442
1122272117
948148940
1220229733
4153641696
4096718209
1202722372
2359666199
1880930581
3424799880
3148234243
4115315964
2195194345
3279643704
4268406520
4010632692
1208030595
2935586507
3005722779
3967421289
3453198981
3849624914
407655667
1688116360
3746868886
2596246973
65788259
1325235122
2139614397
1751903182
1993125161
1216336013
3536958725
2143364285
3399262630
1193703179
2000642600
49098513
2654322378
421540513
48802945
4076169596
3965084832
1504207234
4255519128
1396192032
4174880770
3572518317
1454854159
239159399
3221293608
1350139235
3687638369
3075705377
2189468017
3012567495
788754630
553156220
1571483171
2473105054
3036163068
1013109899
3553996244
2969069937
1752803125
1941498430
76199956
4189642033
1027944465
1922194522
531557738
2045778626
769919427
4100010288
2208958400
1177350504
691120480
4045322353
473713005
3266806379
621756354
3071154951
2081307455
1211463152
2363866985
1751944049
157857727
3198856571
360222477
1180840933
290383876
724621644
845199290
193435641
2836767133
4282473634
4054081069
2408987601
3128791574
2340716256
3119518215
1156245100
2663967982
3152326334
2171786622
22661736
3575134170
881122298
801799019
2002374084
3329371001
1205186485
2852274234
2692617090
4245300849
2133586446
1359804529
3489207908
1553712062
2573219879
625876906
1723727851
541508622
2973308744
2610034967
3384976998
2719859346
3641438568
539259860
393566349
2271025661
3974335636
4248600139
2498532766
3976912581
1444079522
3835716263
1867159643
2791576188
591068069
986661412
2136082894
836206389
2981591744
4114310237
1962347173
1257283069
3659214279
3030027474
1234311390
2464753912
3157029270
3751947011
282257784
3447025350
802133635
1365772334
766845759
2396699311
2529615850
4201944729
2619442289
3570202965
892124307
3622789802
4135217253
1705311437
2166268947
3620856885
3772117415
1297169303
2092599936
4126169891
4250586692
1765483106
485886427
48098699
156369721
2417049771
2358974305
3266401678
4066143793
2372978767
2692801207
111105826
3333026510
40387003
1225587532
2273191490
2609160384
3992998841
2825230474
629128281
1988063274
3858049384
2732095633
3199506806
2712268011
3821693802
3309024146
2214165456
439494965
2351628722
968880964
991207098
2886987323
3549706887
4149073961
1541389564
773847217
2687499619
1551493996
3842437198
436200639
4294279577
2825010570
2052885493
2477114256
1463795695
1441838098
1804149925
2237132541
496954980
3817968806
4176288252
1258988974
604759532
4170066618
4032782097
3191042287
3143452548
2977452836
1702131284
3421982451
154583579
3974120085
2303202995
275587413
1472040982
2276821166
2903804267
354925718
3538936796
4136763164
2715948736
2530276937
2515255865
4113435051
2270746393
1180989357
4264190746
3862362155
2912276500
2168325674
2783328353
2206820392
1919212346
1100538436
3719003192
3562384786
2695228296
2965548153
3559326386
1583950137
2982995667
2352705340
4030055709
745691134
1767902056
2569494034
2805548013
1529481146
2571758444
2663027723
1240071921
2004678499
2014118756
2963284794
2044792780
2725983000
3688208468
3197935499
2785876305
4200780363
1439373092
4105795824
3199176410
1180545496
361612147
4152105716
1902216083
3026367186
2092062543
1520135548
1924258655
3393803887
4287929682
1116016867
3402784380
4001456733
349759263
2941284596
932112645
370521921
879293831
3967132401
92385531
3900122476
3859314909
2856579150
3665715647
2588010577
2756247203
2238453892
171677216
1407247186
943671511
1699079536
508668258
3424023408
4272945862
3114252308
4189851263
1402307325
1769725893
4164147865
612175045
1109204415
1309313711
790562198
3466749683
222036432
450351731
1286468012
2071562747
3841371794
3594398709
3837673368
376536203
2610521884
2218493021
1174323448
1684792301
1728904028
2394432260
139969736
4105556282
3591826071
1816111151
2976808034
2140418429
3273094949
811608469
2274010393
2041122163
2633806371
1914368887
2550889972
1739444792
3032875677
3267234734
545385390
138437429
2685826201
1078862851
2846753953
3079845834
1066965269
964534543
2292716147
2529268489
2251276396
3943411857
1772606925
2068088188
881752042
1746553528
3215166305
3840877333
4201661484
2280054011
992242785
3428331448
796420261
3288595685
1453484935
2002167368
1249149977
2495524286
3258721519
1623202468
1708882005
2666202503
1632996668
2777816392
1308201776
610944282
2971363196
1791734280
330608280
2659042412
100426751
3845904423
791246902
661263333
2437095353
76353202
4033240550
2156890981
3568347497
1192099580
4133705942
505761078
