1608637542
3421126067
4083286876
787846414
3143890026
3348747335
2571218620
2563451924
670094950
1914837113
669991378
429389014
249467210
1972458954
3720198231
1433267572
2581769315
613608295
3041148567
2795544706
88409749
242285876
4165731073
3100961111
3575313899
4031053213
911989541
3344769
780932287
4261516219
787716372
2652062880
1306710475
2627030329
2253811733
30349564
1855189739
99052376
1250819632
2253890010
2627888186
1717389822
599121577
200427519
1254751707
4182248123
1573512143
999745294
1958805693
389151677
3372305070
2655947709
857592370
1642661739
2208620086
4222944499
2544401215
2004731384
199502978
3693415908
2609385266
2921898630
732395540
1934879560
279394470
56972561
4075432323
4046725720
4147358011
2419304461
3472040177
1655351289
1308306184
68574553
419498548
991681409
2938758483
1035196507
1890440558
2934594491
524150214
2619915691
2126768636
3578544903
147697582
744595490
3905501389
1679592528
1111451555
782698033
2845511527
3244252547
1338788865
1826030589
2233675141
893102645
2348102761
2438254339
793943861
134489564
4164334270
3617585553
3329170137
1931679275
4035117217
1697157321
3843254205
3979969507
2567960845
3123609438
3959419695
1402481934
380072391
2450038221
841739990
2236966139
194249720
4128202429
1397283111
3627245268
1669356239
3209715436
1165435217
2317960046
3559400500
2520077079
1532243865
4145739992
1206604539
2607192251
2330861947
1185407468
605264936
1272485020
3445409806
709816108
320192576
67157848
4238647110
1818495496
3316766039
1696003200
853477355
1260522119
23717335
60472382
3502380170
854021618
3035929168
3055190407
3131061922
3393778082
3312580896
2602578298
318019332
3978431977
1539598566
2796354553
497653800
3929721883
3707000966
3650887880
2677045063
1930375947
1421196193
409783328
272981039
1592652278
1335658902
2872651325
1396651735
2860114724
3133634658
2539604651
2738288487
1179921109
3810549722
2410522146
2028147648
1644658402
513653348
4173471662
3063363021
3646057090
3267546880
3099804676
2410667225
1013547510
3311278846
1099805069
2120835942
173660954
2245120392
3052273870
1836274702
476272473
109174313
1886935931
463390156
866377394
134987326
3847275359
2733361894
2041699568
1350148659
2419250172
2184294495
2987218819
3897968349
598424036
1070701974
2595952870
1762581228
2318599822
3245067434
872141340
982680611
4049525260
330626207
2572107590
1244473018
2984078578
692440149
3781580571
3993020993
2681580201
3470850604
1269737021
2720448440
453094388
3742894725
1960801051
3451745307
938194539
801312299
1788896595
3833511709
3793659837
2316457290
1393051263
3467929081
524363766
3848682843
1530287576
1365814502
3894798525
472669408
1168799104
978974072
2781807898
1834414013
2235000
3513346675
1514271692
3696809704
1309025538
29859174
707191493
2193642951
2293896602
1792766600
2082328893
953945764
2973990112
514817842
1157117161
1450046123
1048511127
4049766350
722804538
1388146037
939585183
2228188767
2397029847
3019443432
1734463155
1561777264
278710077
4173772272
1090558393
4133679667
1060324619
1081396733
2990604070
2135666049
3059178882
1292262512
636028516
1223380592
4285262775
158428240
1145815738
2618058864
4194529281
2158989953
1765390555
221099573
141951830
1196777444
1482069727
3900972256
2724518272
1028910482
2923607677
622318721
2280346676
2102183595
1923214041
4233336479
2374657733
1039619487
2545613046
2886800195
347262390
3271131338
1587653815
1020645498
1040069008
3127665406
3449458981
1579616535
2019925828
2715732851
4223770209
2720989381
1712937941
2301134730
3506548222
387791599
3428866191
3587596896
647326920
1377739899
2182697146
801090885
2988493263
175127900
3686622978
2537865875
1399982843
2910116794
945928099
71244178
3054363993
2199422914
3476780542
972791954
1497509011
2770996063
413075142
748898099
4039516648
2967554976
1707558823
1661015679
2223725094
4023224657
3597937511
590647936
2902066954
1464868827
3157729208
487365080
897955761
3971528854
2325501342
3768143837
2988371241
1107850850
981614854
2834609915
751425679
3509942617
4218380911
2384569336
2218934259
2274831931
1120252784
1038747649
4278877056
399873327
4146444541
3853512331
2397852100
3867266084
3790894239
2719150074
810490870
1456121864
1197743336
1499843682
3008013970
3117955887
3636381903
3853059202
3677884819
3810007191
1737349173
3349539959
3812943520
2757504919
3654709875
361378378
4018521712
694190023
3373012387
3859260837
2873282663
2604592979
2494030077
39501026
1598942319
435816957
4037842392
2849718370
4181854360
21739356
1219431313
690665343
1311527789
2356793681
2085695169
2971667253
1925967010
2800152271
4271162300
963229352
755593187
3058786464
77633091
1018977056
2121257357
1397581076
768037679
3206156179
1573971447
2790152063
3196188039
3647386758
3096413378
2824425872
1323111039
2440866848
2330192559
402330059
2185339834
1579327346
2733027797
1139035510
1075725333
1047927533
2533475997
4179048485
4204312805
1688341868
2090541618
3831310773
3891664647
2710719770
1865709594
3413688545
1503575316
2158809885
2770697824
2477783323
2873006958
2115347391
3711571424
838562244
988638203
3102908220
2144019247
1205908114
2456739331
104436258
3300914367
2772282416
187276799
760684560
4271561899
4039238875
2018396317
4097092060
1200702509
3929312628
3794577925
1589819490
3211427707
66385640
4093412388
3987097879
1420561756
1839036912
2374107437
4151750836
2457977438
4138716258
4210492091
3663647712
323609715
1264648382
1312958716
1653982164
819956639
3655604182
1153090720
1361169663
2084261186
727965823
1600677905
2391443224
1695186921
4020754142
3625867829
2989425209
3994391874
2448394087
302434989
417369879
897299057
2641435935
2882539438
4252248917
1540376214
601656257
1091624574
2226208922
1268263401
3768288641
1385344985
3181576976
3645008999
2993659808
586784136
3017146154
3044749557
1544002735
2374343718
1260967388
1273501353
3476179702
1802945049
3479410530
1100400433
3724047256
2626431383
3922338316
350444347
2196198905
22268806
2153996088
2696785955
3428651692
834400275
2791573824
304688903
3014924799
1704173549
3417903503
218049165
3822543819
3807991666
1451678166
118613134
1613116507
2486205793
403649345
1883232031
2483694294
2886330302
154370901
1409404978
1999728280
665898681
2330640958
4216974525
1230685308
3603191957
2537609529
3695409721
130997589
1074821424
160409267
166793897
3533042501
1302515470
1547007029
2306751466
545720763
1402956388
2243017696
3555670279
3307097140
1166267963
926944235
4145725035
2675294212
1963938918
366564547
3616461573
221971308
834855903
2282150771
1766751581
2322010158
3004382050
2737740598
594221991
3118538547
570137231
4191252748
4164129137
2217493115
3069162601
1387087517
176383634
3415298704
1712922743
1163215678
1861957394
1885367899
3195638841
336967606
1077437785
108880612
791707097
4134543476
347346749
3590507286
1839596670
2989186440
2957084555
1756439540
249939584
744293433
3930813049
671891968
1899888366
1074785057
1029878879
2358910589
403182709
3069166127
785403480
2835526119
4014136556
1202306932
2741351296
4101115151
2219193532
3169243110
2822271679
2380932542
1871200836
2627320597
3135495004
1802168566
204939202
1063996491
2431111321
1528891023
681381298
3254924260
516103253
61819576
1468362012
498528205
394274011
197579844
404401198
174928880
1337509981
3674175213
4206965693
3022187507
753037764
2036561099
73706383
420194521
3278625241
2111474095
3465664852
2033545766
1487365731
743896352
1995758845
1863378653
2790756708
1711564822
206411513
2645056009
4076549877
2727706436
3808263267
194579233
1120529587
1608948958
65732489
2688047865
4009078418
2160953785
2151949919
3678595840
2316608503
2829067588
2937602028
699798019
2645060623
303090455
4053983567
2759169782
4055529729
113865200
3724591067
2515886975
2733332639
4038258138
3440051027
2471642775
2908415883
1667177137
2462592674
2762901883
551904800
1968181152
3484095420
2343406258
3524619690
4043560548
2688390411
1658298178
3523706432
4128282016
2798105767
3888451401
887702570
840916523
1176654108
297904524
921653259
432838238
1620315437
78262145
167345404
405629426
2655380209
2933491746
1445489366
305752912
2816307289
1369989895
1655265884
3628711833
2927508425
99952217
1462971389
3498115489
1119674482
1210557032
2130464646
507514051
2975941433
2992463348
1496094321
2701288940
4022873162
3768713628
168303991
3157106083
1795064536
3450924308
4155726844
1211329272
2353521315
762097033
1818793828
3223865800
2441776023
3465328831
2473577186
4254187184
3142403170
1772179439
548423203
1597805521
1073812464
3334668262
2493417567
1463740055
3724237462
3997572285
2413199071
3686854692
1024765707
1842515312
2919911094
3224966668
3177883926
3240736984
1023216482
442913640
1622333213
3876435216
2294919024
2170042429
2132714067
3549607791
1673396952
1374602581
1278333324
3846243002
429431826
1671608496
229717603
46547339
4116904380
3888585960
3638452114
392073291
1524306184
1371441606
4109428507
4080485069
2906704606
4082826623
2072411699
2462896978
2117529081
2713720174
357703823
1926058868
393866308
1259330658
2587464075
1411603480
2378136499
2888444794
913659348
3231423971
4063874612
3399806102
3355640975
3391384120
487326758
391727212
3998310068
2123519017
4184364217
247212966
4277492109
2360208606
239964793
1896359044
3165543586
3812660438
2344690396
1507168490
3031523146
502798993
4160328430
614144587
2955066376
3270663241
3594732473
2655226347
3723172752
434318588
3601247461
361235974
1830048941
3010639500
955958439
312514729
1703605640
3529862065
3830668058
3033287289
629662913
349390340
2204719132
364375204
1001706917
4237584722
2496687751
1607480815
3707151724
1591895872
3781117269
3490947571
1016555152
4068401662
3898514758
4234842328
2542142764
3235734659
1504175907
1616022597
3041615099
358632862
2068743954
3337820604
1623444331
2398327989
3028314278
1822019674
1068262089
3892762457
1418423826
477589542
1865956477
2115808706
1089556652
48763532
1740329713
2012882139
2454457981
241820729
3182458515
510319067
3295076807
504771388
3533857662
2788337000
3196364710
3204238336
2925042050
2505549772
1020082523
4132499645
1718944248
1610056894
2051769851
1227124080
356015512
3730604855
2269332384
960336805
1874048116
4137009285
3445033017
52203051
4200051372
4165597855
2388023468
185370428
1385927470
3827430548
186404943
2266458997
3971312852
4264751306
3947571963
316953828
1086584483
2378786018
2986768018
4163122707
323988920
2246688145
713889838
2703246568
931188016
2988217869
1264841870
1952239006
4277063168
2695341428
2993270325
2509610869
1650134274
3870444175
3165823446
195190712
3930987466
1206727691
4117595465
4081986271
248523535
3823653831
1694458213
1957030859
458513815
2663449243
1441649012
1191343111
728769657
807974235
2778192547
1991569497
1667600007
1517636281
985242939
2506783921
1142194715
333867739
1547670372
4184993832
1116476131
4235742911
1946654618
2998581749
138795966
2302516368
1201575112
1329410976
1766119412
3495222995
2588928460
2940898011
1163754223
698434460
572025740
3912402477
327278114
3532770556
4039553413
4079359569
1789451122
3116941567
2496074436
2634598190
3947833240
1796340161
355401737
4006038327
3765232413
3719716081
2369051898
194212716
707957764
113245302
1766327287
1616897824
3339776373
3481300032
2063173777
4240318687
4231771374
646035632
1618081546
2551771988
3219414297
1635913790
1687876824
4165750613
3561233210
3616873242
2444186288
3600594380
272781216
2013021793
158148712
1781636194
574890494
1174274432
58720660
242130927
323664694
3713954309
2970890715
3491383248
2294999748
4293754718
3220842116
4280522597
3922017026
2385561012
2513198102
3302775780
3118665268
4057737892
3251638985
3649207753
1622855762
1062352016
1035451476
1935072333
880662984
554735469
1079937024
4097617970
1179964076
2603500236
890035971
982013373
3771929024
2884932464
3251286503
2654840607
201418785
1538297179
1153939550
487726151
95282726
2884384921
2139603193
2234704545
2045309365
3317082229
3570713346
2234085242
1321893169
3660091659
3506350016
2370421813
4157415659
2409210244
379710429
3765198557
3400831738
1732945720
2533841296
575591023
2061781758
123620654
1806187414
3243289806
3370124516
2664209236
2746036109
3023999553
3457640522
914674098
3879004262
585711013
2651127487
62468859
4211055329
1505762085
2611717425
2533677153
2734366545
1684675357
2382914894
1878940506
390850994
3883332030
3119851489
1495745843
2351263992
2207568037
1936645600
3365764055
3910444366
1703138299
1279726109
2671842038
2248854633
3703823922
2996349008
4078160004
3420820252
631675779
1972879497
3979663543
3616755088
2113623369
3302476560
1109151227
284481363
1971973079
196972612
4209207841
2666340101
2115778612
1492129217
1411977420
898209917
2720435946
2489577514
1031417583
1467002826
325830514
2307528814
553534200
1976196758
549952694
2511551311
652417118
1719277514
596258165
2996459407
2752536071
773383043
781168999
2991451011
1484629687
1768071448
3851676866
3755165535
2035649730
2212922010
2867138652
4179477151
740108209
2585292860
825875065
961424434
175529362
3529563924
725570564
1482118609
1196536411
1493013161
760254268
136600085
380974484
2356714309
518127104
2295331460
1979029736
1528971787
886196569
3840633901
1564527137
552970160
2162160717
1417766617
2965223212
1381187482
168844360
396385049
3433441528
2066503726
2696811640
2954012885
351152366
2197550135
3751991645
674213994
3955116862
1620430895
262327868
11145552
1189180441
3729324835
3462608128
362997767
3213750896
2565289826
792511740
4235941555
899148494
2304639278
1591165566
3968729143
2081010389
1014112781
2655384025
3263983643
1584472022
2281769037
1986571479
3094592897
3210363244
267754137
157553165
634534586
1084208439
571732850
3063813126
2951353346
3844884078
3626845078
2197637869
3219577194
2285410030
130876923
460300268
3724659985
1921621497
1521048357
2287573730
1705805682
1041402894
450409663
1156390872
3167131254
1620423140
782903323
86205129
2422211622
1383319480
3610821904
908162278
383129685
1406590425
2299248765
514374443
1001656856
3824785552
1472859660
2549460179
2035685400
2916722243
1525161353
3389464642
2786672872
2140792940
2059789457
373319790
2509117667
2306855022
3164628437
2520463393
2395484782
3201638151
2519150503
1853963632
2424330987
547953234
1626816041
1218808232
1449323108
1559426565
3863956147
2774193433
2609429823
2451474145
1049488826
1529423799
2139957562
4237050732
1418835909
2601783012
4010175864
1018881312
32359860
437152405
967797012
656524997
1569195589
1056380406
2095127151
690121219
3654233437
801299274
377474493
1224474429
3461163357
744633950
239029911
3851578166
3617711240
344601334
221772674
2252759282
78350878
1762640935
2993426660
4219284003
4283179927
481203422
3850911749
1708776769
2473894355
4163843803
3940184138
3717324803
22763342
3509297797
4187881589
1107684208
2107749981
733956599
3104815077
2871800754
3525573181
3991639480
3085750465
2391278414
2297965258
2455057799
2047065113
1202501042
3601684652
3304946987
880801412
803346757
4157502873
1390191733
3053517635
1827235602
856875731
2180169952
3162157587
1041141872
2275645579
493220398
3037530112
2622593113
3297587853
1239658815
374908453
2496399140
2173699965
662982794
4002971134
2066480995
1377147724
2287454186
2550708482
222580384
1585832837
1445704369
1951066103
577306633
2356232452
272193430
2357601929
4251846827
866425729
1384499212
2940212391
3478384257
377390675
1093673280
596247870
2927031908
11643208
3265153808
501205768
2558248906
2032233358
2025404311
2603187749
1768843254
3411447202
1498377821
458269790
3992297264
3653846596
3567483197
3203936187
4144759019
1754572721
533852493
4006938484
3139051895
4256009674
4030141576
880476065
778390091
1628774370
285599266
3979069952
3183088935
3099233599
2467343253
206564923
3615627071
3356579164
600317767
3555979018
3415647080
3223381220
865982733
3433985851
702896925
3543917858
705516244
800603300
3498571780
1012288338
2857000314
2721972301
2246548889
3899255357
1541165187
1358053976
3767547628
2526757929
1685538904
2933385617
3507267879
1941104455
1886070054
3065672295
1618963981
3864042271
1987194546
2680495740
1294408101
2318341984
3210957846
1884394046
2159167630
2480284640
997345944
1526270096
3863643360
1681402862
1648800246
2284310465
2334541773
286126900
3893268071
983656551
2681081778
2331520038
502073266
1853399237
4036548229
1429432898
2695985542
3137684658
1438408647
2979494441
598169023
716103155
3410312206
3773683310
2663192220
2127828256
2291197939
3184550365
3839239398
2461664154
3386999203
4285057180
651438629
3231546808
1338836064
3036457980
1067252708
3343941018
3195225014
614730016
144020733
878512323
2447657557
3066881857
3274735113
2121634308
3765679738
3241133897
1469229920
442020981
3527273253
2304169868
475159710
1627026222
3635484899
1962801004
547559639
2593979315
1706335927
2157312014
3424357532
2318683783
643890436
2088889500
984627246
1756449091
3102051147
3315207852
3092533377
52411802
2753708126
2570291826
2980485874
2428839843
2330983715
3075965721
1081468714
2572811546
1484752964
3551073939
779956234
4119194877
3901765449
1471130471
2505648677
976465029
1721643719
1819334678
1984299822
1236648281
4068550957
2641191274
658639243
3916376281
2517837964
597499495
2172775357
432909521
2626175960
1099578336
77782638
3118556775
3745743675
2546756266
4003417547
439000043
2427228515
3946003439
2992092483
3393387652
3962104695
98881316
3037566791
2797600894
655150185
3312479216
2475139675
1608187678
2605821305
296015752
1821627381
332091442
3163003932
447737293
4013075751
3609660712
3975286485
3911367434
1936340374
527468288
486353709
1013208676
4229860756
710905177
3603039853
800242083
535422133
3596995542
3954985784
1426557952
3736176446
1337642933
2228392502
976656754
2539508647
2610886542
1713703572
1629105582
235199432
3196527924
1439661192
882958537
3448229299
3383531832
19894388
2592964249
1432368040
490774306
1710121534
1780283635
2308096536
3708782169
3950749770
3964084005
1487544705
2000166790
1490152657
2065179098
3167543713
3944733018
1942261264
2521438847
964670378
141075386
1943212907
3920229114
604976306
1066124469
757576343
2480910360
2140473286
710874291
1799271109
145509876
3929233239
1337767072
1556469936
3352203548
2493607998
1192227818
2715554453
945310361
56240283
913457009
2849871316
2212654128
764658630
4189918032
4127765587
1971342696
638501552
2393608339
1780797045
3696386389
366574043
2298106942
4281542332
792261991
2156911152
1286754630
2557159168
1331168991
288091276
1706468317
3221055702
1833044402
901537658
3435037623
3857113810
1500605757
881068063
2011040413
818997532
2684251440
156979628
1622320604
2027512093
3593018511
2425974183
2523094034
282216465
1262912256
3330865741
3066860914
1946860718
2266229745
2252239041
2295470581
1893061595
2066257008
1721264241
2134650077
2403636901
3287180210
666751806
442302083
781375360
1436077319
3701341084
324284470
4063534950
3235167874
1603351327
1169527561
1162839497
3854434258
2765956973
2261637281
1755499899
3439194080
109033558
4204478518
670670299
3606865695
3075077297
3723709830
2830056796
1752280071
116376384
2369630520
953363190
1090443074
992458711
842299350
2885757370
2171139838
84656124
2555715911
447142965
1457158904
3435613422
2445741284
766843458
3811613746
2803523168
2391101019
1022987246
3095868679
427097505
3458801442
1044416607
4246557783
3102112845
2590713119
3675188343
3465394989
3565767146
4134547343
1705890243
4056208883
2869403812
605941941
880400852
1745441677
1259059934
1391526710
3849733039
373340113
55842822
2719748425
367256326
3160686240
892864662
3642682452
113954962
527322735
779259260
3764298642
2504144419
2761344284
1810004667
3023425617
3833995777
3911100288
3510893358
2683329220
1468094355
1442532874
1114215145
3543809022
1630766465
1559327426
2535297494
147008630
1151324555
3567633939
2680699140
1482588964
1758409637
3323593983
2371024605
1558033288
1873149153
3698258996
1264720811
942790498
4073575923
4185648633
3279661909
3349038443
601781527
490648144
3730041545
2429992093
2093501047
4232120378
3842072557
2023210710
3435352191
782144223
1826278096
2082107249
96504946
2200988880
1153960461
3185521160
2326301223
3001520065
2720768236
1728939288
1107619174
936402120
598529781
2770486549
3585998058
1811204589
4227975171
568122009
2257822137
3867928604
737356908
2968775265
1169551062
2934252324
78987338
3532970821
3926883473
2274879615
505737044
3500632105
2476119395
2139283496
1177058213
288516129
2380176400
1740527268
2797829272
2136595429
3563713913
3093246539
886572630
457752180
47226729
601375061
587919316
1132513306
3865550648
1144601886
3753329285
3144708826
2565869735
1076879969
2579200267
2719135468
2856310776
2122890036
753213894
2462280585
3927369388
3599642000
1798605721
1736805332
1645567451
3311039165
2228734585
1812631085
201717311
1519865985
714181627
4117272373
3169830250
791867072
355617586
387994292
2590518563
3311359346
1053766425
293130268
1672011924
3595226890
1239930151
1877731338
1527602687
3932101283
3088278640
3098960058
1276128038
2621668071
2432689378
4077241653
2044620897
1703596086
2850445934
4097772183
4023653109
579826069
3146373188
2077711671
923161888
1159259897
133930531
2318607086
1126415507
695844306
2555840226
3614342387
220872170
3635294032
2131876797
4102708730
2563420524
664311786
1435566561
2677192904
3311042713
2036833729
457836020
1479116872
322714312
1509853479
3127546896
1772934784
2128119000
3027632188
2956665770
2569619047
1867569193
1974317080
1058288678
326131490
3518017666
333999601
3433465060
10047595
2983698603
4156237234
1168854493
22564965
2535021409
442784267
1550371090
1351181924
393341995
3467886522
3939831802
4132182832
587631548
3393082384
4081238345
2965933624
1915580214
2238969328
795139886
372396043
2327446845
4115312207
3749273815
3257270610
3144881927
2744266718
3464153748
3260034128
2829453014
3110000100
2973305205
2736888783
3647267525
4211545287
1072315928
3879918033
2102064216
2777404683
950087310
2977164858
4242001817
221602280
4054703980
2877273625
169336878
189689119
3030422281
2526573583
3973911238
4292190608
775565206
2387171097
2439306196
2032421973
3931992313
1343701382
145796877
517640526
2995397236
3139722758
1277104264
827206514
3970251439
495132487
4170663409
1811456826
4055593686
3415967196
2036734545
3200027870
3702445021
235719027
3627312038
1954827234
1370526097
2243839418
3560164841
2768306790
158946576
2792447501
2560959646
1566362775
987880418
2408090219
517830843
2066145068
330511457
3801038978
2990537508
2277471402
1459751847
1894218713
3112849590
1737251798
280703339
2458558502
1354161678
3453054839
2317097456
2312416771
3396130140
2841787349
1369031576
3169066380
2688182993
2234104992
3805245455
1833165292
2645112233
3765249131
1000553341
1793174977
104800566
1984029410
3737046185
4253483553
91351453
1020154
3756815094
796600076
2271767692
1649112337
4033265055
4005443167
3430747874
300775290
4286094374
40739629
1506295795
226275356
3295048637
380291056
1726280156
161476925
2061050100
2060645099
2695115448
2494333199
3752414647
1166886635
4226606318
1710631288
3299709193
393845661
1794294680
1444700158
1809714534
2244202835
3167891844
3145083456
1025540061
14372528
474482690
2007084460
1523090573
1275617655
1233682077
3662841841
1272633667
3073278097
1003337661
2530201892
180788888
1190846895
76767936
3909876660
4242235373
193705934
1837271624
470159758
1650670384
1682038648
2919062871
534455235
937393291
4107774138
4080052217
3427338020
3377326140
1112322020
384017322
2527821179
1793495749
4219077414
3775784375
3797605694
4057593133
2580409687
2007474186
3881464893
2634581836
4248516833
717405336
3192676038
4257036851
279114499
995022394
1724773959
4049002131
3598434140
2790211134
990287157
2610209652
3567582450
2201980396
516851053
990719305
201628778
758182113
1649656632
946981081
157762472
800746224
4111444473
3348289794
3548526455
1503776517
3439279620
248432388
2704875573
4162264110
929104598
3795831472
2225911304
3984665698
2565272595
4273096569
2254993136
746874428
1117693818
1701846505
2212972962
3256609457
2109629265
2989385789
4279229584
660977879
3854458882
3503976607
1990205154
963964901
2675495692
961289335
3212084092
2306287598
149744728
2546657608
3843658307
2491451277
3694216548
392932961
1964655882
3768665704
1680061367
1140743490
1172351610
556262363
2047311388
3817143944
190596290
4104491928
3660143329
3702809931
152137897
3476845064
1413264846
2814242855
4001146392
2365914372
3157714314
373605306
1208564961
1754293207
1085119611
1600685006
21827621
1115633991
2988070138
3107065732
209523887
2129770073
2287510417
348090821
4132282404
945679675
470165167
2934574028
3841762075
326979524
4258354124
3655905872
264213617
2126638119
3792053548
2064103647
2216542525
2544372060
3893446770
3541977785
2453796162
1493829175
2843749415
2912057185
2335512615
2429800282
3712968652
1146877676
3152119072
3773687045
2238795991
3424918674
3728722255
2828029095
1053493339
3653220704
675772986
3725000250
688913199
3042395816
1434557196
3594944874
1025165868
2995617112
3994707636
2921182377
454553955
2656915646
3002142362
3232893349
812700347
681203718
3786602628
3783311082
4128817708
3744539449
1999178488
125616114
3775583262
3546855958
22098345
553491849
3521645215
1439324522
981937588
3193343645
3902842406
690458526
4810833
3513141603
2388782337
3573989069
3249726028
2179557340
1111057931
27427110
829499329
1232819423
361199116
2649680941
1402021530
4214162544
2404513000
2713618448
497545575
1115847902
1617894241
2723033787
38965695
2319219543
3516201324
3349410466
551683055
459478341
1216948690
3268589981
79146438
2324722249
1856460008
4136019167
3608294369
1468329790
1684276635
2717090363
770935118
4003030237
3237111844
440275932
3387900181
4025365699
746265491
2954446687
3310793187
291357937
4068613443
1292628698
714586303
3041575952
3311352331
289268629
3043293584
2500403081
2033984373
1485556416
248766485
2666811865
320810103
196460538
3661093073
3743222065
4252654861
4181103295
2903622318
4161298716
1915376331
3219730083
2781307642
558716130
2552910771
3256715644
1647602123
105600006
281862172
95019914
3528371232
1389895301
1597012846
2098706510
3516657567
3308874674
1084516810
2934731321
4421590
1915137561
682634721
1175217581
2012361441
4282617116
4055753219
1830434768
438918242
1938692492
3668803048
702758950
2263551246
3413681014
3547302684
2979342492
1281508426
948198259
3607545631
353823873
3319248558
2922722253
988073043
2811104277
564080074
1173640730
3728264898
4083927888
4137069949
648788715
134442423
1856863835
3140781020
4052799508
3906378030
1802715087
3682333540
2742448058
4142583891
1707654917
3264579218
1177745336
1899658692
4226151810
1339823610
1758076160
1377579577
3840126843
3111371685
987647502
3203345569
915277756
860535970
133719871
3728559088
2798887704
3070575383
1582808587
2416994065
3712390414
2025216491
2032421071
2333167130
4158359111
683955259
796826029
874890200
3730708112
391548508
3335458100
659956231
3311084110
1948599322
3628316333
2277854769
3268573171
76716230
2689595778
3422220636
563692479
1263441835
139698868
3916305943
3955011387
4155429241
2648492930
796539795
3421101613
1984692750
2068122776
5290717
503834829
2569796038
537668880
2608361341
2944480491
1063176019
1848149731
2398364168
861247141
968687535
2111382520
690740155
275775294
2798254805
2499548149
1399839220
1155317876
2535164289
3425490263
1860780615
1332994442
4227757119
1955155660
642443984
49909831
1995435796
311157009
2922538973
1685747007
1698853201
2061321581
4186303982
2577068638
3100483749
1252681247
2821724170
2984924460
3251544792
3694197536
4091594747
3349434469
3899051432
170161543
3110781706
2063761621
3217624754
450671703
626730536
1039575440
441489995
4237683576
2452016173
612013727
78888398
2142708303
2071704885
2654958677
903444571
3017064083
1486129824
2403672777
3332055975
41965471
4042584305
1402140667
311025504
2223554561
2294552800
377383712
3790452456
1505931212
354371485
142606240
3541260876
337492083
1536745113
1704772501
1383386214
570009793
4198186149
2437569382
862683225
2961229485
2977245305
3438493681
3528061070
859638753
176881769
719332214
2879283627
449115440
4086876007
2733447114
533520700
3034290114
3849241210
135661445
2554546184
4021000965
2648296520
223214950
2632575198
2324850079
1283490344
3045391729
4016661195
3740783879
4068839239
3066980017
2685663067
3443395901
3364774995
1457927485
2629628014
3499647226
2080475518
344090630
2838200778
3843208275
2375123151
2351891331
2566139269
3510267193
3366535189
1942692249
2065466238
2764145154
175037566
2260882216
704372411
3142153065
1883803661
350598090
3113106385
259210229
2548112395
1061300310
2792992267
685239180
2058487320
3744281900
2644591858
941516921
1413119122
4191309366
2019418861
1446956387
3196654252
782190471
3744493276
3391729270
1862535476
2829128374
187525407
2139734322
694378283
2385268305
89597893
3088948113
2805743314
981205653
1427280420
4279221599
2329927991
4186704744
2118607930
2793127554
350153627
857028297
1731994354
2921558050
947302844
310089820
1797013429
131651518
874362062
1106739552
3609715590
1986950475
748154672
3729202013
4126521044
3123167390
1786308537
3189900220
3634595863
1827479955
2700524324
1485779459
3158305499
1593599339
3297348989
4241922579
2168292283
172267671
2333457969
3723871920
2207595442
2485391967
2525691496
1883838883
126248185
3114957940
1698724705
2090227199
2603560675
3751324225
2567203150
3868485025
3405720483
1811277573
2813243686
1188966313
4261180146
2544125298
1219145913
3918570741
1542541948
904787211
1648610946
2675621100
2000650769
2712530471
3590584340
3148696462
1012719328
565078882
3332895513
3074444807
1740793955
3904264943
2584949213
771733078
2716740905
1020240811
1601372685
4172110157
2201665537
777290102
1773955364
3669556036
296923045
2114317292
1877611048
1061849405
418301429
3739842363
1739551100
1912571502
2546565133
2211123703
2488568038
1542895576
2845936723
2546704513
409145062
702329669
2800848016
1679682426
1340665688
4163594232
1713889307
1108674625
3685022882
2820662500
38785284
1396680702
2527212992
3322041767
2571456971
562098103
1703640739
4165349676
1018026902
1949011246
1007917342
1013829002
3795504137
315666114
1898480245
729104653
1421158991
2232412105
1927485020
1447417609
2875009867
3560026973
626019688
1850647808
1930303620
1068219667
2524944135
2650617514
4074134475
3035585024
1084598584
717439551
1542970229
719919059
1629332763
157502584
2600766570
3162822564
1532152494
2851018724
2291416267
2038524068
3357763888
3625684464
3029608055
3460326955
1917138743
2514077851
3711780206
3729196750
2397194117
884081259
2318877946
480691132
146835347
1158565745
4237814093
245186177
528155592
2281355774
992699684
4022690835
222036249
168979228
2748791808
524458102
965084194
1942180037
773138916
4010962676
380343354
1357880132
443708576
2178556912
2511141554
178554061
2955830283
637129193
1706729747
4237544116
2061142257
4145153239
2946209018
21217066
74645629
4088000481
1387835608
2744999217
4179423004
3727680696
2491563046
1953092830
1091886263
2214468078
2240813482
2099580081
1471685526
2864160171
2285974821
599797587
540055702
128735615
570005117
1322549036
616509747
3026580815
4036495281
866953961
3147776891
2892370294
697424903
4165740529
808953172
403300480
3138888694
2888804103
670718620
1905892703
1007433061
3728642564
4137543150
760852565
1096533166
2974805793
2841689280
3599677750
4203189366
4057087193
1607592362
2934527945
75230621
2135349361
1048604625
2653633680
3568590361
3731918471
3713466670
2450750183
3300765552
130511435
485802970
3998394183
3416691032
2961494829
3945691075
2905602848
2579598336
926317714
4041028894
2829891535
3551245965
1691634740
2864620847
2797024324
2478991720
457813593
1497112509
2825424091
684134337
4292449265
2598257343
207069125
1366278718
4196931144
3721325728
1747656360
4266349656
3739857583
3231652620
3360320072
388615924
2435316300
1239895198
3171615208
468622282
3773195587
2793926241
1735769468
3286469733
1404596717
3975743107
2867291749
1881935890
3469671877
3871378913
3273989713
3770513804
3426583528
1362345238
1870816082
3731899756
3512571210
1613500032
516293975
1275043837
2338562869
2787754438
24733272
1410386644
1394085518
2706725952
1573940299
2619207673
1701548742
2419951758
2987008916
1633890194
1668844347
2355788380
1927124440
2561885600
1020244272
2343707359
1603104240
1908767010
976115627
62994533
314374105
2521410826
2591791970
723463111
2869952109
2759842765
2660690761
3261359041
1990691757
2149396232
1631167490
2329434196
3707989785
4086569287
2229439279
3638556097
2058070469
3926615963
110131828
3495099612
1465648281
467800728
1632927755
639915140
1712930785
2261831983
2491821348
1056861134
2291805483
2047391459
2610932494
1693786154
3285148591
2359716182
3491747141
3207806765
3084315121
3073010027
4103943034
2238683562
78308332
3532152852
840860054
1850538602
32482294
3851358543
2780882734
306146420
3857011835
4100233614
1045748504
2811885347
3981583050
1632407602
258846478
846770499
4013372180
2058076300
1510207957
835621650
435599137
714388813
2086803324
2651505603
1102846959
2246631796
1223519795
2878040557
1319800346
3992626844
3448969966
2286040219
2315680034
2495084167
1337056399
384942185
2621363619
3082222237
3075843729
1717579777
1170911152
4195002956
1776179843
3535505497
523496792
2244039005
778030538
529237254
2925378910
3691162731
779271753
3435033638
2255559564
792787102
3045330502
1268210622
459032887
3407658224
2436587433
795550140
1101928745
3941716919
4135739427
1823331411
2076812739
373829493
3461711622
3503613749
2363204992
1604211883
186455415
2261296812
2719364457
482343470
4086246266
11098252
2583903094
2740125589
3518389365
2212660500
3797637845
2549228763
979595144
3409103897
910725640
2777151246
2624143369
750646231
1765353849
1549506168
3607176828
3890772649
3865569863
3306887319
1517933263
2390737968
1017351321
1097986906
3352331556
1297339971
1180282929
3143735959
3533101586
3655765603
1819941947
2883746982
2867104969
3476904792
410321041
3292763026
2679455395
642973641
1940327392
1820829110
2519464177
657060420
721615534
1010329136
3164848610
3733441643
3705685217
2031055520
930890358
2299345556
411090896
766419605
101526959
1341197092
2757246606
988899746
2607449051
885562822
2348047519
2740020746
996205193
1103307720
1678928461
2714485836
2553256444
251060664
2133597437
608916376
4242506497
1179141439
586004258
2564296966
2985623124
2902716049
1736535874
1901454889
1839103349
1914657404
3082058918
3111776168
2973990640
67951050
4257412070
1464970519
551449275
3516320045
447147538
2590807619
3111011545
1448379493
2484152873
3889199391
1177511078
3318389356
341103597
1137717283
367899367
2771498724
3840520544
2558729891
824063874
1723088968
1388870279
1576064352
973481850
1475580997
1524697512
2650663910
298173123
1900136204
2229344816
3572824891
290393729
2875921339
3437505028
300353963
1003785754
2749501599
2319333524
1164569351
3779910885
2546108103
2795497009
2921144386
2289036277
991403819
1393002876
1962192953
1430232322
817439061
2875424581
224793729
4269796054
1625543851
2842577665
1558833765
2395661520
4275556130
3138120033
1917068758
1998042909
1432670323
258309383
2493121173
2415046443
381253049
4112969251
4130322884
752920396
2727132636
2963548446
3242003758
863003640
732197174
2301362383
1758693993
415222205
1815435933
1934328440
3529631798
3247696783
5311499
1492808336
1292154255
2855774091
4214378119
3416431571
2039622146
3982198415
1642937885
1007780076
514661654
1715048795
4184005234
654621799
86012533
4262684164
3166164947
3981438823
3301111031
2319098219
1046497600
3616505464
2884321565
2237497492
399127635
2678280133
1104009621
382786513
3384013255
3243861734
3713798943
548525216
2613429236
3547933455
2176854475
3358785061
684205555
3044035297
271051260
155307661
505298723
1301926368
976492182
1130059889
1467480812
1546774081
1635993960
376422740
1487440641
4024203226
1026734840
2378562504
2189248960
1312216906
3544576834
1705022643
1201317565
1920720278
4047521433
2579532995
3750952401
2214826294
694771973
3948758434
3377029525
2134441898
2467833998
4261286229
2433422651
3656842340
1679515891
895545833
2152435723
3996876014
1705869872
499789865
2318133925
3510919761
2697024940
1634764578
2896112797
3770870999
2286989289
3728275101
3098484173
3461423237
606784578
3393154895
910457862
1308586931
3516440077
347545672
1385247118
1730786708
98328226
745282113
660527962
2984792193
960416674
1486486993
4111670477
4190213907
2461194193
2752954111
4006048009
3532527128
2470307777
569189144
2058811644
3702324021
1347450144
3963211939
2604343390
2091915021
597850944
2603836525
3858004303
3284833077
3561955565
750926204
1363787187
2158504834
4092234210
1712244648
3544210309
628671512
2861766284
1578548340
522963425
292797831
2053999508
110861281
2173715395
580534808
998800462
4136547907
343448748
2360211387
3336002571
4148174623
524136575
1857564255
2552459355
1339240076
4022018590
2173862733
3762843155
1887688337
1192938460
453826363
3656944062
2752328069
1428127
927876956
75968554
2661110013
2587946113
2792592443
1566796438
652941778
1659836702
263494642
2424256004
3353345490
823699361
1974827785
909482328
249811585
2081347965
4272918282
3239494321
248165628
2660722590
2985153591
1277130190
4224868808
1848284118
1027270738
732999560
610956386
320532628
521344328
3361653915
1302556861
1139830253
433988466
763500806
2972810319
2970476943
267541243
2654511712
2187951363
2719528707
4280780390
983094823
3495975696
999204964
2642347366
948340091
1315349299
746261724
2679612211
2816311715
2263625851
3642200485
1830014182
3110919857
561396798
3402016228
3807936115
1738596030
1931810365
2809234175
835897340
1521433058
1579514374
2257025178
1778673755
2068605909
3554248205
759724486
3150849764
1662490620
3304139349
4139585156
47378941
1067644086
1787367809
574682685
2067357402
1797790100
82430197
3394474725
1115889230
2500307604
3265419913
2924764630
588881721
814733175
2299139494
2658362244
924284992
1389423628
52058324
3583305689
1035952369
2702817772
4191345876
854081204
3442575697
277526500
4121350316
183108255
2095317155
1595187664
471313378
1141821936
2353468091
2774935946
1951535806
2144622484
3626486067
1142544127
421261494
640971380
2096979737
546318845
644454083
3713688097
1394472499
1045729903
3166924539
2799075921
2044482279
3481869538
1614427880
2637459164
1694262707
3691804572
1973308837
1685318185
3371620372
4106943017
3831474572
571853424
4103131240
438728895
3379724304
2829061239
1354662280
4049428904
2955516032
3474128001
1879491131
328207919
1093802012
1199875168
3611515913
3995689201
165039929
1086877695
3873038267
3355101415
1982030612
3543915803
2736759498
2127950582
2831903521
1659355911
3844501434
1933269717
2734475463
974805936
2636824654
3819904912
286268347
1935396694
2226545495
3790134444
644970962
453950020
3167253919
4244609963
2199976384
1903843414
2921556068
205431815
178983756
163302599
364178936
3204935766
3076585514
2830536064
309599852
3445124530
306045335
452550114
52005527
152775696
4108142212
2184331411
3167574292
1664708839
1517203257
1984047006
1273610605
4258839779
1501963914
4169339315
3327111566
4047213778
2840565126
3366578674
795408923
1524032050
747793898
1770088889
422606084
2360582916
2835978589
3567118325
3282955615
295119367
1138365759
1822341257
89957925
354840174
352924639
2210437487
4156927195
3860749648
1268925662
3360747143
3303788287
978575719
2682909592
4191848776
1640418241
2866248142
883420081
44786626
521350704
1096992547
2641460605
1119755075
3327026765
297444968
2765547688
4122423512
2277630329
2054090870
180179133
3847494398
4159627633
1383905033
3430451348
537874083
1257661067
2037258074
4208940519
489440001
2585061749
2087420684
2501486260
3952646303
3212949854
2236682127
3486524703
2647846175
2819554171
672756961
550167050
187843081
1452847886
475916560
3986088871
2570673553
964716726
408072136
1598445208
1614877159
1855756090
2362626893
1887230075
1669251065
2632555480
703016561
4050479893
1175924723
1033767325
3987093459
521844436
2903321771
848129311
2130509234
3809313453
54610032
2773736311
4262391700
1227960290
2883876985
3504465439
1361171677
3699555958
3776430118
3635751408
1109955339
3946759400
2336533422
1083366929
2731903124
3242880396
949459965
1978002068
4202184317
3616356231
3213459757
3128843623
2395789549
3334816390
775647894
2818193643
231319263
762050762
1374646527
2340872789
3234914965
4229124330
1156769112
4026051093
2317376347
185429788
3126509324
707874257
463614721
565770780
2943332564
3118059982
394582451
3512361242
4145200689
917024350
2097636814
2172620786
647148950
3610792023
1470526507
3147358668
1775610133
2328891050
3256379812
2535524028
3192980832
2183391927
2628264450
1277960894
454968949
2426750994
650985494
2958739868
402682909
3750893350
2478938219
2732850542
3767280920
3268992127
1863159012
687502446
690837639
1982374249
2396773561
40078991
3486449223
1059477632
3185629035
3120129284
3785802242
4259791296
1193580419
425966695
833025506
1724404959
3778783039
3436278633
2824200033
876326378
1335429592
2384071689
3188360596
3148517247
3500906797
2645637350
2641311450
807560090
2954439745
1526365096
1611729007
3366360076
2313680264
2380384755
2251246499
22461013
3642337513
3268430425
3607617849
151661109
3576335371
3202902224
47380429
869647373
3219273336
4114894241
3258490292
1580293496
2913614867
1404160586
3248131983
639469298
3616235230
1312560118
2020004933
3765186359
2156289234
4279223396
535642809
1581877379
1655176814
1926767996
2763232387
3101271059
3351791497
3806181911
932905973
2547106018
591944857
1681590052
2847743717
1772197332
8074037
2987657191
766104422
13822356
124860617
2661115941
716766125
1526830851
778760379
3411051576
1665045420
399391763
1727981840
2526309494
3754928710
2065762819
2190904540
2758767117
3106999810
278544087
447266532
2491011407
968252089
2411557942
3019119091
2408016771
226791287
2591959805
2089921047
2905407649
2574270109
3457401425
2586195858
1158871198
98495675
3543560251
1383443346
2139991856
2733706558
330962797
639949010
251474325
2986787479
1435542636
3203724363
3371106845
4217525561
3039466469
901264500
3387075486
3543909219
2221653695
2234656786
1890640303
1604009644
633303779
525604189
1409577142
3158972528
1864098998
1013000672
380535953
1595245374
947521139
268616816
2569358074
3441844699
3159649018
3292472622
4287869898
3150855992
4007691259
1286100085
2759796524
745091232
1809246608
2738270405
2732360963
2131018387
3374348015
765588526
508250074
2945966478
1760528069
4256855598
3606923341
3209283707
1648549962
3178217318
2456172680
4081562201
2524450191
871605060
792319480
2429018611
1555789372
4207550601
1436715057
709932802
112513996
3007559274
103902832
2516035421
3572111613
2518908533
1172830188
2996472517
2225131344
3992674298
1283016556
3361163826
4040186612
241102738
1113671081
3662438946
1845361965
968692633
3748347890
1618833988
3616077148
1983127359
799299492
2065475539
3447326768
1869085588
1967897673
4025901759
2074335492
3032328547
573292101
2710857305
346180867
214069885
3126475494
3882278182
2132284401
3905801122
1876259456
3350989591
3133214008
30190179
3287852869
246016808
682505397
967328429
2620897083
564141419
581341371
1712987704
3227131422
3962635859
2821600919
2027484120
4108628515
57563860
296172445
1214383511
245048171
191533673
1211984285
155854165
1124017371
1184207750
1060765858
1183745974
3892333787
3380683021
1071792759
4186882953
1168015183
1594322319
3261590709
1842055134
1931617897
3628343000
3335946444
1151648325
280745515
671654728
2094102316
3663992035
144369335
199718506
269093459
2661588817
3893119225
2413740906
598054328
1485717012
2286729411
1353728689
1765642144
3315103706
1491828230
371190853
3864754814
1016980878
93730769
3145843359
2850954999
2355018954
4137747603
549705175
2405904014
3788743599
4023621830
1689845652
224445865
3555667609
1798703595
3383201655
1117369215
2681886861
3138852152
2123780260
4214638905
4207138836
1101788241
622620228
2809658498
3114520150
850822873
821157796
2428074967
1452828976
1992574866
1325850994
4174731096
4067488596
2613604735
4154763147
1501118456
786045372
490037672
94640288
649600177
3092410996
967728835
1795253118
1077893609
381565944
3653368134
2936701525
2410433526
2341210400
2247946832
4211287703
492928572
976716348
3694271841
1735071771
3104463801
2330216490
290633384
3400325542
3040128597
2357244080
2334478864
2632386145
351007685
971294189
1968386245
3637488225
2081754688
1840954185
711996244
605416964
4061742593
2852665365
3650616431
928101432
2873429057
419027785
1985544289
3702205583
1768519535
1976381874
2795909756
3218149030
2342612053
1248064075
267460951
3380010990
2201182119
480761125
3463477179
1528894010
1972420233
4200743522
223151807
3410159858
3377039166
2135697968
864850879
1459333151
1110768006
3745794324
707408403
2340103321
1418262910
3257410627
3250222957
3238867827
2230745301
77076110
879958391
542255847
3770251476
2833086542
3777775317
694151795
3739105883
1097335565
1025621914
4065779068
1938058216
2405964455
4230498361
3224358683
3315768345
2396509040
116683198
2373027905
280051608
404379383
1992570109
1476022146
3905071047
1213031467
2313706592
1678165545
2138088435
3428862178
453006085
1597438630
2820849075
1940023062
3530906200
1706740090
1633891505
401184170
3331227538
1894390468
4142395698
840135434
875170295
801970443
2247683657
403881991
1233248151
1531890171
3405283803
3253359912
2480744611
1187308004
2725510740
1341529159
3427015222
2760266632
1700680238
841129870
3930281903
3852404973
2289341543
2234201297
678410793
1922439995
2988863955
2395819461
3407031563
713111937
1360481030
2634847055
3681556866
1559505772
3891855618
3853386010
1189295729
725223274
4224192551
2177767909
604351392
2568874203
867650688
143381494
791239679
1562050055
3839656548
3146644383
2810165115
3523494575
653282922
1345020516
1891174659
3429931997
2642684869
4156479853
358475509
3680245522
3789949471
505277064
3451450891
3177117578
2169846573
1372958582
4153777167
4245214336
1794269758
2084600940
4226721654
525849588
2868694548
3114648221
2725892364
1387322529
712770819
4282418075
3787850853
4208133625
1836054238
2818074170
696787190
557600383
54148890
2950045508
2404132376
399562882
2265164128
126118083
3089600280
3534579603
3823629217
900882073
341048701
1627909117
3141753476
4180967650
804928188
1446718939
3685842396
1273413896
3517850995
3943673317
2322691505
475660933
3050469586
3262381627
1350123435
4243709304
2023650698
3871036865
3528903598
2798892395
1972529003
1348880840
1536731860
1092304599
2122626273
3518673877
3557303426
3778806347
1439707611
2256725789
746300377
1049432047
3058076948
485087387
3547549431
374432985
432234685
3088414112
1030251476
1804396194
609765043
3888491041
1494396968
3176864050
1934242734
821457233
3216184633
2636153930
2796657592
1870481686
2666867887
2479268735
1513438869
3169982736
3613989700
3462584939
2024162954
3623824221
4205223694
1090813786
2723619746
133640480
542302931
3175246716
2904160527
456742817
1396311105
1352569314
2947752871
16394487
299106459
2927748142
751110054
717826501
3675363528
2814416531
975728763
4259502080
3595064263
312119030
1199481686
331047551
2761156798
1461921346
2981353987
3721101753
2201835416
925693742
1311299365
1547810958
913300670
294228500
142547170
3277727032
1305439860
1753662388
2805312813
3260948467
4029988493
3880966115
3741794763
999710096
3290223142
3467739528
3386355554
253806331
2856088396
3860520142
1117923537
2795029618
3896372960
3754775173
2880773370
809178
2407074198
726197690
476696154
1674003809
1920088951
1629952557
1977223717
973799565
3713272419
1639010804
2347836231
553401021
1633807906
1772795538
4195325469
3446085630
475541325
2057590266
1814831699
77309808
180494616
1810088359
3177864023
116715789
3943108761
4149983845
1202751190
547410581
3686549423
3039498232
1255067730
4178042477
3911728050
3547810690
3238241705
3003536658
3457048264
3605457179
77337555
4216793260
4135238982
2668654285
3121028158
2401680456
1308895994
2698262139
3562222966
2287825528
1209124347
2727686930
3748449198
1932057587
483529101
938206327
3022308261
516457908
2322282300
293522083
414612391
1130932688
1038926109
198099208
53274943
2435979936
2013343095
1219033907
1293924440
3541350029
2569925834
318862132
1276626658
972172264
1288142778
3136383309
3191990493
2571862056
206771907
276987898
3877904451
3767714779
3660445447
3767810561
2868199272
1419091580
2547867245
1462031957
3832410024
4247844471
795987070
2689406206
339169974
2281987087
1028688348
3599836221
3412687728
1225312687
148907677
1843325195
2503136290
1150092042
4275371583
3389420013
3675186737
2462516692
2239592190
2829632148
273335620
1083651375
3570722067
945860452
2572593090
2097553067
493633440
3167820788
403113980
2255887560
3906817468
140212104
2874193219
3730400290
3561759696
277828065
3775185623
4105234911
2455743552
107983879
2222415148
2982642006
1848671662
353076647
1361275211
3911326133
1866575435
1994725549
3323787822
590660110
2585241448
1463792274
3833358361
707916595
1904302684
732643733
2607429863
4072094228
2711445298
1912317477
2541319955
3387879928
3017789084
2747084978
1019768963
2905229110
2200585670
565619035
447642139
1005814531
1651463573
3379066955
2094514092
4169409090
2801281877
1128183275
4082499777
1166378967
2579776673
2031077722
3193711542
4225561960
2174396160
1155169863
2723456086
1747931045
304651525
3828877525
1092603544
12545745
1554147216
170793532
2029343499
2594468101
196059865
3897168154
601398919
1025881554
1188908411
2017096041
4172701120
1934733752
1423124572
2031396460
2070350576
2673701730
842233255
2017534093
2623280418
1921861039
1205525228
2037053267
889026359
2537756336
2218662540
2306429628
23647205
3668486192
32916781
212587376
940893373
3579069575
157717034
3624628627
463967099
1223670624
1455395417
1987933990
3447079252
1883508468
2456930224
938492607
2201891133
1704229481
1260524906
190644021
4001851773
1193236712
1705166600
3507623255
374060580
1222185776
2650280488
3514170896
488932183
2283202324
1482722098
3778981434
2179317670
2468659382
3754757160
127424038
2119766412
2900907711
3016178442
192644589
4264115858
1935299466
564741452
3991857278
1179962925
709545516
1694691328
1674488999
1811738219
3134726162
1765322059
3789271623
3898159559
2881678268
3066746868
1108845676
2610933003
2897418684
1328745711
1274435488
3538152748
3085630041
4101953638
4097541083
3527019769
3098361284
6722055
3706043544
2733323098
9035949
219624790
3081948829
1106414572
3563051438
255656662
174198448
2593281710
3743483731
2948881233
1102493329
491720641
2857407811
1648575453
3437498016
1959520894
2846122403
1585070673
396360164
519798418
2561181422
1799367067
2360443815
3226285139
3866850416
304975584
1736196427
344370553
1379032818
1523731086
3220584488
4044681126
1772427009
2871497662
2774961948
2914865256
2776481993
1554434497
3814098738
2549753674
2571364300
43513097
2156733325
2732011729
596447794
3922537589
497089224
2630983032
662806054
3752506907
738083586
3109440595
2739661253
517794458
3182490228
3876007425
2276296284
285374117
3560604034
2293372815
4257443165
610474279
3521927425
50279504
2984497064
1812623357
2287038731
1267190178
1927809258
2087356224
362462518
2479054636
1715275726
187857881
3908998500
528295124
3470430781
2399350832
927933566
1473892574
2004065176
3131776278
3507799447
2801571320
289414437
3631843099
1663838484
2974234037
3658630250
1846539921
1734728099
2890369634
333352364
1182753142
2330167368
1315606452
3701155813
3388665465
2535257117
1917357243
971861355
3429017441
1650296607
3532277186
1933265090
3683202203
2487930027
3936918350
3261387816
1851067454
424658966
1369522535
3821026378
2500524591
52869791
1594173433
1589362682
2581593912
117769333
3030468195
1687811451
2956677024
2258347927
1608692390
2197654817
716659127
711368347
1849109412
2773434374
612437187
192321956
3822937655
3272364864
1485532352
4065806894
663399571
1459296018
109297308
2221526217
2773786043
1627407249
2735474651
28820898
1462883754
1657318382
308000222
3400412634
1759342717
2559752586
1336668976
434908016
2908210981
3638436415
2601802052
2280994183
1565918113
3615174319
935841395
2492032439
4243582155
2403843557
1949922112
452084766
2956115331
718804592
603670380
4174816689
2085591876
981343133
118269303
4198124887
2170913210
2284547650
4140423242
583209516
1650155267
426499737
167486618
897064365
132954101
3975582058
1666390463
1778761690
687301865
1698377266
100296497
1345210629
3247912762
631625852
1969341326
2095304948
1242296861
558550953
3865827812
3588360313
498813052
1590842916
4105640105
1609769083
1348476772
2035842082
3815664726
1907513989
2589619907
4272882449
3550681083
2342394056
4226304368
378823452
1238691916
2606518330
4128045486
651049597
1672812019
132876176
1655761004
4169305823
1461951471
3322324245
2325327939
4209536068
662047908
2052472296
2378172720
2286028684
2326604449
723001708
3272343381
1060459316
3580499322
3601541462
1891681202
1529805698
1298511401
3551143265
1113834911
3045190764
835903026
760943353
247594480
2179465556
1470802861
2909356414
1160705003
1009477140
4150731051
3567779978
2395341158
2340016963
1491543538
709709184
2493089371
2503899070
597845271
4293738108
1907153378
646484876
2689655918
3507944289
2099800202
890385379
1725626802
3360332284
4268546320
3154988130
3780923131
1290592081
2677508199
1399399637
2445457144
3403853463
2665716473
1981893394
864628900
3138839526
1697103700
635587079
169477403
3661707780
2042454672
3053226596
2332272803
3895289717
978177682
568535038
4140472383
2546977882
3906077812
2573203297
3101581578
1518102325
2290878124
1969098286
3736489099
163129589
561147540
3203444469
3395213706
2359322086
536101339
247995908
3411108816
2923824311
1184412691
2004813736
3767075373
148009977
4054629899
4164433477
639073808
4076405618
1987176594
2202899097
4213308719
402319979
2076219115
3241073459
3708908383
2112827973
2528582654
1299002038
1612029689
2110624995
1227431013
2243880522
872836512
2416828349
3271898327
1895041430
1660178830
2601699226
2195911370
3945935551
2114521848
1555929586
2479394545
3116928464
3717625522
3841644468
4212243405
1958416090
1750560849
1904628315
3554166706
2586072750
3283621886
2540072686
2463288067
3464274822
4106191212
2046480546
861031471
4278315518
469286216
255428423
3667738739
13605804
1886134096
2749630800
3637703536
1281768160
3835793247
1032434503
268253330
1339596350
3794452261
1099715906
1925515706
132242244
2192290828
4172702638
2691194349
948094652
3978783006
3152633846
82102991
3275326577
2048027103
3991130133
2953743708
131208917
3104002730
3745419074
2974404149
2264419209
577394473
2716756287
1285894269
2767978772
1540671439
3521004747
3455031489
1431973544
1197264535
3148430882
904970935
2270225693
4112207928
3407601373
38067502
4254362786
4285607954
861789553
2906925319
4271983385
3558248560
385740263
1265380678
9953821
61483654
189674050
3169125440
1467944227
3582623768
2718311972
3180320768
296479630
613537316
24334476
3235948263
4024775303
3302498180
3530148027
2828409983
3475415240
3290442878
3798573312
3633204899
3006624290
2635409601
448412350
380554343
1714122262
2094345480
3105903393
333501357
1204027341
1750383999
2952387843
1748509085
105220062
283510117
1314849866
1498172770
2358496839
476733186
2714805133
3471343803
2478370764
4070289068
2996840415
310596897
26150956
4102188604
433539154
2244449402
3732087141
1286624783
2928088129
330120103
485037712
2150164854
3616682145
3412418281
1040375163
3036913295
2054110565
215719099
623614273
313110977
3049899481
1730327564
2864117943
1268263022
906721182
998083067
3708278049
1206905126
1723596226
3450932103
1256342742
3991004109
654250615
1739902845
1143182902
3891717146
94604917
1380813532
2505071846
2046281268
3617353510
970787136
2357853072
2750823656
941774493
4204691892
144608012
2591983124
921820562
1536799796
1787227922
2782354744
3262506264
527940309
806778910
3816761680
3091480758
2160729110
3723450911
1929942461
1949686857
2516270089
3528023523
2683426247
2382235189
308274739
2736284307
2931818655
2260348785
1039088653
1989311665
3066403227
1007828845
3532760051
1302208564
3452975511
1245412174
2372973589
2419307549
2234112702
515197187
613647564
3937590330
3330086358
3095190279
1165694417
1724195851
2133290614
681285534
1220947917
3788127521
574788433
3538099959
2703929697
3099770494
233354314
1166285672
3215406795
1728495152
1364024910
441300408
578526
811918576
2195282937
3363030876
201227417
3071067921
1186139231
2549001941
3036440869
3847117008
269249878
2505110615
3604931377
2005612295
16406440
1461881221
1060100420
4039195563
3182158712
355260223
1358369948
3998130843
437624458
3550712440
1547192896
558044778
1161330322
2426589320
3619420058
3721795233
1345819051
2455901635
3388439139
3896393553
3830561678
4050084658
1863231628
1814127698
3908176048
1620549829
1620568687
4021468727
4140685259
2899704498
383495588
498313616
2950725305
181641686
2120915161
2425063324
1664938912
3995053883
2717476826
3626020568
3023043191
2902743990
18740105
597498030
717058070
1091915476
3062509460
3760292074
2862103564
785151076
4149142432
1195888151
3268632427
556630538
4083537680
2903862723
3017388462
4054373144
1280124509
1155208904
452538900
2041855827
3357907922
2724468434
2766599819
4292674852
206957353
450147216
1546404964
2141345269
4109423919
1654078310
2149206555
3718669311
1858557480
2044265826
1965804846
476644847
897144465
2724830975
1583585229
3310477538
1588335851
12374888
224863099
3689190854
3296677864
798962700
1788872913
2371119844
3531235724
1785836643
3652216862
3090889601
910507535
1594126984
2823311688
3735604389
2028434890
3137457973
3780244407
2781906901
926599136
3419827299
2911185516
3238504278
2610275500
154355436
1268310177
1695371144
586696407
3997786887
2798771462
539981603
3172251921
3165805570
1355609115
4185839941
2769534955
224191403
1697074324
2930000411
3063200231
2010706741
855623093
2487538752
3823444323
366538260
1234414843
184713450
1579628770
2864170508
249503032
3536087088
478941301
3358730293
2215609993
2335627828
1149301803
428924718
3588360244
2955128393
63107629
1038904844
1628196516
3913010277
1448888087
3600322305
83011541
3046776656
534158179
4075262349
1776581769
134955682
2116837272
3161956738
1736411246
1418381925
2280359952
3891523339
2556071093
1145361267
42622487
3113234972
1993273514
3769465240
4138197731
178914681
2229226683
1707883353
2910021861
3274092352
1339445075
1953861750
3324267675
1147841295
3319672494
944056784
2238949479
564866651
4191947449
3681343435
539234074
2471132661
72789684
328070825
3307804346
1643169966
3466706653
1579404008
516286113
780563876
1140669573
1870491014
75386847
1426355935
1259750900
1468035736
3320619040
3174094902
2224623545
958908934
1495059187
2756767544
1596608125
2450921483
5813775
2439938767
1287633450
2847594868
2776519139
2355282892
4184133254
3776371939
3638098542
2901594418
101339592
2349189279
3859288394
3563805447
3363811552
2603379670
3351689944
1250455031
1967076807
889465900
1709419733
654242874
1301013123
3863130727
282157250
3050008476
980263400
4026009756
1059154529
2591118561
2079095195
2033241292
3210249294
256480379
2034997718
2884681643
248440025
2500567555
4113675865
4252914791
4048970120
1027179126
3372363396
2279499575
4257720927
2795840467
2338533809
2768497994
4135058574
2410737439
324721179
3336880405
1570586856
880387600
968005178
3116545113
841096683
2661739718
604744041
3848613304
2673246233
3638672408
3355751817
1353546234
2483772716
1186430290
631200010
4216168908
3483750068
2264586695
2731404647
3893048387
1667159022
703863646
2895367579
2760886218
1116283370
3478323008
1482589232
4069031598
3940571699
1448864869
1247707351
3113770421
2018584251
2314184248
3823127086
260399262
3039640040
2963526317
267160817
2963942169
632661744
3996925809
33679364
2135940691
2709788467
988920168
1922742730
191400183
576706101
1785169568
4114295729
1296722341
2274871194
3268849377
1038923790
1521568479
2150075964
4076229753
2918947092
4133090861
327444932
2666782085
1179843877
3988565565
3465890389
3267844541
1974245585
2348744269
2347530953
774416685
1858930572
1969663198
188548829
2408937474
711889885
3710686725
1913586780
2067311111
898444715
3855483372
214658282
2896306795
3623447712
588406480
4214189807
4273412426
3406522700
2264447025
3666978314
1683018590
1039283867
2830872043
4125861445
467693224
845789455
2733912643
4086359906
2139907323
4272716335
1746651831
3056826175
4093189818
4213980249
2244291005
2446154744
941102411
1114723466
1971233124
1876883032
3948738833
2549324818
756324310
313882934
918938469
2672943989
55961553
4214126745
60945797
816506115
3562209899
3404170098
3144442652
3899395642
1524889724
4053167457
2999223568
4123751018
1697396522
2239652084
4092660559
4197505473
4153459617
3252622582
1687036423
694373516
3668855145
2048270343
3320392157
3085208927
1331439587
1062318574
996603485
2751421248
1968102826
2863027238
3355867728
698790074
4123889235
2427022935
3279547121
3314112341
3673086044
2142740565
2590141483
51982472
3588049316
38819913
3369061923
1533429348
1619140571
3977973247
2370780315
982159273
3456388350
2724571306
197812180
953808599
3470674089
1381562107
764023655
3642313025
2210549302
3130436039
3471516591
409736794
1090153237
1841261156
1055734938
125283192
1729859932
2065407426
3842461547
2845132428
1901740
508964873
3871410915
1240751368
660596149
1708695287
4252388598
3949355674
4101036577
4265997810
2124613760
192892575
2202116696
3268504156
2068238662
1596542704
2729209666
1685595091
389646739
3239543412
140093021
3944611490
247832162
4084207216
1908534630
2478722650
1183469401
1533823693
2671639568
3382497553
4262507180
1078042739
1659245404
2422679507
2464629428
1540082778
1785005137
2820208963
3639004096
1032505457
3875075840
822885433
3768213657
3943806828
4184896915
437243507
118194006
2173072649
3606982970
948555466
3228836904
167202920
982235012
154699641
4107363520
752571792
636419349
3722750305
2918644727
1213236972
965896104
4082191068
1852765763
2498048708
3088768255
1875243658
2419460919
2491462578
1836106388
2219202658
1401612875
3258919193
3606310770
1213311378
617677932
1516339899
1847277766
3840105774
3881609206
4064999750
3632896153
3833508391
1722031748
1801515412
3277525453
3351644291
3535448854
2045846377
3817742419
2136917390
2338634481
879094387
878152812
2538885340
1096544135
799447592
1269998959
1424059538
2550362223
3672326758
140916269
889383835
2731781613
305622520
1564889562
296385347
1268053881
4040638734
3777408994
2177206692
1975695232
1758411458
408249710
3482696983
3550850330
3589845031
204617662
1426749628
3121364131
2979066849
3323901916
3311947287
1514416663
2811703273
3542436867
651095874
2214740257
3761889208
1989831088
2315393494
195005620
1213209847
1245665907
1826341142
3998657388
161366596
1682871134
549183741
2348060852
3287998269
2285015720
49976
2535882236
1789136632
263414459
2244164149
1555535173
234653028
3105812280
4179338889
861399719
971200902
874362470
1306523557
43338836
1305423164
1878970579
989632002
3791315327
6330034
222912853
3132512046
820848579
4152569819
1331802955
963333157
3142733810
2847766014
2751508899
3186420462
1786465448
3643959236
3260176268
1815178582
2618345273
1301078321
3848465949
1397131965
3513398116
3060685336
1085826159
3508041114
1165819826
780026061
538401976
1593179517
1447252463
3873803642
4293008430
3464722293
1742687971
4229934630
946990607
3239471607
3274839061
1688760532
2329895221
2536770196
642533319
2839034608
1635049743
336965178
1780133878
2338596638
3237673897
3046509769
88782879
718639546
1155430561
3352787710
2223059197
2507285000
1154687952
4089761418
2699103711
182202377
2069605077
1139567096
1553533712
2583654211
4076820015
1273715123
2715104366
3068428440
558093946
3259902868
2405575524
440302693
3353217776
2206988096
3042940094
2185668312
739117618
1586048803
4176512080
4006881768
1927639934
3554112599
683007169
2994491495
773934862
3068009567
421916070
1983055738
3451083973
3955641344
524116974
2983264662
537408889
3130949798
3652747772
3700934269
1480063288
1177128528
132533665
3466343162
222888616
838552028
610617416
1483232396
916517445
1441435909
2856781139
4202734899
675711220
3678799362
510561616
3011501630
3284443696
3122685003
2882160495
2414084270
1869703276
4067723446
2359267519
2131415104
1339961168
1634311106
2072323545
700231438
2176142435
3376727583
1663171423
3154412671
3893697987
1650792337
68985200
108204882
3359399978
3603466099
534220194
49039847
3425439821
3022367545
2645321504
4167222541
3621851809
1879741116
418820854
1009203075
2400803543
3027397946
2152156060
3509538642
3033076613
2346900344
2294760416
4153384880
2322437287
221915474
1845100532
2168080576
1326433732
3085736218
2071309647
3705012613
508920807
769896972
4129668335
3435988799
3068370877
2373858786
4090815122
1703185099
973786703
565711738
3776740906
3716416969
3473726552
675483283
2908347486
1330528707
2684479915
1245736086
1359570433
3742694775
3506457621
2889237362
2153992504
3421720548
304476999
1075751430
1343737037
2683813815
4017070454
2455630274
3653643889
3576979215
4217252854
3891614290
2697211058
52212945
1063047667
2894893519
699285319
222633083
802791392
2357330032
85021707
1235373181
1677966900
1317595466
822175620
1515945242
1768046731
2668430736
4015770501
1434733664
1849156100
3146918456
3770914715
1737431885
2600623172
293574773
1061421943
3366222906
1528384544
1227322685
360431665
1858719599
1432210920
2943959058
2910016213
1427888324
309714810
243033537
882192349
1605978670
1638276774
4056375747
4217870624
2756228236
3370955859
2883980981
3150301574
2715631182
499036374
854664717
3354351830
1796730258
3372703871
3225261877
2581716444
435393271
4253571475
1193368604
1396954903
1186781521
4042734398
1855507145
3928740200
4210651704
49309063
289921241
1933235773
2227803804
4196630729
770365456
442902849
4169024005
2352717369
486634820
4204590491
1733453117
2385834664
3169191876
815250513
3026038233
2500457939
1815605672
878065584
1488309978
2232112816
1707732171
318008902
1135057914
2600528258
881898249
2219595873
2074639704
3178968866
1153343695
2708837889
1234638459
2360540951
2820745801
2962577573
4159836181
618225817
2592602026
2557050294
330624294
739209434
324629148
3975087598
4086331621
293492755
1276854234
1848445480
395424693
2988427411
2572876907
1967190418
2678551123
395546082
2785306990
2376744769
1148482973
2755788084
64899873
3022764949
4144709442
1603138693
1077577422
2420901146
2903510793
1935683656
3034952160
2886458719
2619961903
2506358085
1343927016
2258105786
1164349539
1071699002
2566965755
8669441
3719852444
747675075
4066190400
502794834
454861977
1928804312
664983817
2629628724
4057611342
915193146
3163394709
4033219506
3792429615
28699540
870300538
3317007607
2523662101
2685234019
3011371617
1604405661
2921058328
216848364
1752998171
2695034304
66120560
1656197420
2503648323
4021236742
1087062832
2327829640
1933827235
4035772498
4112779136
946970249
1713843619
3116969032
3606920428
2651064365
809775721
3175734175
2888195871
921991429
4196212911
2856129701
437627536
2139067209
35733873
3190408986
1862223925
1404646065
397823394
3822765811
3214286330
362071380
3927956606
3466851736
1864105883
3699339630
1111158030
3510071939
1865748060
2202143098
3107184712
1882849178
38887321
4278913938
2531685623
984286043
2634067728
2348814378
2738850168
2880529448
1039476905
3010203569
3066833107
876279276
392523431
2808883238
855859568
3514870516
3768705174
214828142
3172791775
3914954163
59036718
126718975
1066767934
1528883936
920868856
67917165
1163104324
331335978
1063261103
3913437985
268548391
1524115658
1971134524
1824379825
3147066306
924897085
2605892921
2564506784
2889961802
2554660367
348533073
1598588509
4086621487
1430373878
3601294985
3800892753
3457836581
1646193278
3534688530
2119570595
4005961146
1216784702
2337552972
3379149303
860204717
1707026818
2649065417
2205942629
3190651712
1088160758
3169331063
4241965658
2239606509
1251964679
294027954
3310313965
1593917929
1836079824
3954662472
885697020
2510188933
3434765930
2312118104
1432830246
1154717040
3715977147
1582476059
3930999648
3845482165
3692915236
2862437000
150357841
3381801527
3381742778
1951398740
1766689537
2706891196
3752611385
1066799466
2739992698
3029931195
3580469989
1836533753
2145043111
1900718499
2297917041
2788818171
620140138
4021294628
3367200078
274905179
1801264657
3542245217
2147827774
1255775893
3371969023
1906619530
2572021433
94117048
863712460
1292983043
2535029973
2158784767
1750769798
241274428
2016596842
2109240117
121595991
3981909827
902069211
452660430
1207049344
3283247926
3062139906
1759523789
49359781
2813949681
1755684984
1117707648
3968665189
685014053
480523604
689181679
2218025884
302760580
3378087920
797346505
4048141147
2852800532
3207381233
3786832326
3094805442
3496643180
3549739310
2942629459
1916419666
474301218
3461075907
1242050628
34206848
1330610371
3970959499
1073556923
1903986970
2211932471
2376749801
2300186134
1094710936
1532813588
3189145660
1519512894
329148281
3558619187
3747942231
3389986968
3556734700
1321973046
927971117
3924691487
3476021814
4092309343
3377380740
1403348515
2715349613
1522243561
1604256944
2171682153
1166078265
4042083110
995502927
3763763296
1368415088
440526036
3880753980
1686765704
333464581
2376711154
3559975020
2160937506
1498471462
832635541
2240252328
3688589941
3412289796
2907438505
3798368342
3598789072
1480824907
3688364502
1983602639
3214163906
1780332957
1886395192
56912766
2622278357
1271065032
688764188
1972202734
2893285028
1765633622
769886860
3100662431
2980490797
1652718963
986116590
2101855855
504878998
1845154860
709891472
3180965110
8556135
3706438228
3086963137
2284446180
3145638533
3390585451
2211621905
1274689117
693047957
2325164789
358863136
1482751389
82158288
1778979453
711882986
3145693599
3826195369
3786711538
1037392845
521818745
1521583753
2725754862
452455419
2500288626
955034531
508588705
2230052552
910079209
2610277915
1335745546
1053780173
716963494
247957750
1046810158
1679473397
1149336702
1005895826
1441708149
942976910
3218607485
4122579355
2456344215
2646990407
4235897194
2391774716
1781276808
1785740462
3237825824
1842301885
3742928352
2323169298
2916190402
2991143241
1768945575
3015694510
3236664297
737419712
874743708
2147967921
1406825825
1769346546
2347995276
3738884853
2471364480
2711923617
95096924
2287087535
4059234542
495616204
2991991343
2601194928
2129031412
503386943
4007750972
1448291228
1885901094
613501567
4210938711
2972433689
2200246288
885846086
490853644
1683023172
3284795161
3846893872
2915843522
877532166
3319952697
2181006128
4086412390
1800758068
3334996160
77842160
2625670717
3404870160
3682113706
296549912
2891571450
2036909820
1752857986
2408094926
3803707932
2699071092
953055210
2957650335
3069360921
1087796603
3786286223
42858520
3140980533
3107166875
2994775112
2300627575
3232556855
3591098176
1997397084
3527836152
3754534485
3622058319
873753000
2083465714
547120491
1432923058
1226250869
3399716584
2283107526
1938293453
2192846236
787878226
3524444818
3672085441
1737609128
3790565804
2080243470
2002785154
57413770
325127860
1759816621
1665700381
2782169144
3451167975
66607761
3873089970
1206378879
873908783
893165761
287649503
180326023
3768191509
2058406405
1672481483
780495598
2326845624
3191510887
4157810979
3641822542
285893339
2343270515
2784504632
4216400944
318280364
1934790737
1612626753
2204899660
3452357164
4248657909
1861749070
994492947
4282865599
4048203996
2401141370
183985897
1379380956
1917217090
945370962
300662786
1505474229
3132039373
1600018239
2613096487
295123002
3034971062
1587309117
1608381059
1993889274
1586912827
3104135027
194644810
2820631673
1503002078
3044125290
3991263327
35921754
1628765597
934874346
3570697089
2841912381
3617760511
2078718512
1603058568
22821211
2714370718
3455278203
409617889
3319191868
445296119
2355442382
208983087
285457816
2495440803
3292157063
1829960904
2507030777
2353781049
3358492516
2237992303
3228728748
1504110397
3448867622
2909726175
2224827705
3257740787
602689232
62827874
2882599396
890098898
2664914623
3063324715
3187953180
1660521018
729633350
2845346907
837412104
1490193278
3824279771
1678280581
3221130140
681520569
3900811664
1109093775
3258657494
2600223710
2564762498
1860421396
2809478719
3325604697
3818775331
3661824489
2485956068
2326353652
2716100053
3256733245
672062377
1318144843
2035476137
1782287804
3076902156
3061356810
1163690037
1658767887
868675079
2527609447
1347875898
796170040
1037237287
2575998188
923042746
3700173185
1824720477
3730778845
3899136715
3111035529
2177804587
3202986378
807111886
2396280143
330590800
2511130329
2989967873
574024881
1644108171
1906360690
3529737049
1936069398
2832577169
4116716861
3419831007
1851503984
1167999359
2359408701
2973658917
2290297336
1134137582
2734870722
4033268389
3213635522
2733206749
966547516
1393767552
2270854109
1157544620
3547289567
820023451
1989062548
2983460217
1195966061
939376396
2811954074
2556808035
3538054022
1136598805
271185481
2843134950
3336289716
3500139470
3528950990
3341592963
1982225887
3267831574
4223265654
806261573
3378886615
379610451
3322855417
3001962340
3211942227
1582039243
646856864
1856912923
932999559
133784320
1992822436
1114872382
1133890069
144639045
1783446396
3776074132
3815924319
1045380770
3540457038
2393744900
2706000699
167414903
3685599021
2864087729
3366276783
1387391877
1842476248
3856533559
863568237
3814438586
2208476663
1397112551
3162078974
3869597596
1874407878
4278464615
2863763532
3545133285
405133201
3628694785
3212655879
1069484362
3490578400
2476917941
3035845500
288861951
4154365477
407669423
3550443546
4290211091
3878758027
1402904874
4009657276
3213425438
3441763418
3464600031
2895919676
3685181897
24561090
4284780908
2000706394
1037219490
2453123422
173305486
1305800079
1766054140
1366248204
558692208
4128148258
96318451
3829869002
1548021434
3647196052
3366130162
1743807413
2431727562
58834845
1343371262
344551931
2810377519
1340873204
996510498
67615317
61767845
73657758
3282872781
3936781207
2678956145
3032927664
3274064863
1326955875
167237535
569704118
3595401422
2197458687
2660844778
22961593
2419764578
4030456322
2682696911
1781617348
3712712532
1728015484
2520873097
1677586770
2495162904
297762883
4254934588
2741573148
3250131326
3148226578
1899637418
2903936449
3038246985
594575932
1671732138
2486099608
983012627
2445917231
2563459282
3729795926
3986511767
1628340874
3990623853
1595519969
1468471990
2656553499
2266357444
2719026366
908969274
2015564676
4276203058
1902925460
4213869323
2122348081
2789619587
3698161397
3454932080
1980696745
3071331795
4036976293
2547595160
2164679693
229127882
4076785951
1953197962
3576985788
2898185105
1556630682
2909976118
3709311669
1602549457
472718199
4044536278
3973047370
718792980
2712888235
2149027460
233606486
2967324072
2767061562
2994175486
4184361816
2785883112
299791541
1182353865
2382365589
670902098
3211752256
2731342911
3480034118
2573982979
1777375424
770328206
876888679
3028549579
181858709
1954948821
2489904881
2868009902
1945238224
3596464220
4074826157
728978061
260296113
82226579
2943750577
3346220143
107229088
2618630518
736304186
3004929066
1948106958
3599848203
1953662247
3448046709
2945061395
4127120605
3909335205
2301823618
2744622235
2098072759
4095402073
1726092381
3786510348
660097996
2510407489
2459329316
3581109168
1189759717
2759849793
3956985635
337403317
2504785433
3180701258
2546229191
407628651
1524389799
2551566122
223292565
3017816723
136338439
285733916
1818210599
991255513
363205533
3932782288
2606387839
2647050579
3783750259
1057790390
3792090255
2966447021
2830578493
2563135210
907233798
2154251215
3706543148
4192691130
3805742318
2935411639
844620719
1612507290
3167220916
3436289238
1230592087
3799256319
3447313918
537818184
4283104162
861368498
128960723
928687908
3854157033
2968732112
2674177774
2590035166
4180646518
2658548536
1997200647
4040590542
3639503454
3332514676
267980509
549484909
1440012563
1492531579
287833830
1870001460
4189066870
1700642059
3508876208
2874658576
3661663295
3830651689
4028530013
1314481052
365516690
2370294253
1656129034
3390487649
305092529
1787642950
905349483
722061881
985118497
2039898874
2014800147
237178929
1153465701
4047506135
433697673
321354655
719368755
1883157262
632543716
2275822675
4179332994
4231847716
3261136509
713058296
4156503847
491479623
1888671015
37392619
1195583543
668174230
3428643175
890230666
1401249901
2708324543
1285841799
943633500
998605661
88136247
556966971
3550298761
1101500454
1570221595
1526086704
1519115683
2894783100
1299137548
268713951
4189196323
904120420
730640153
3474730069
3857903107
631024862
3336344913
1471649727
328478885
3713681790
4237969239
665399166
1165507959
355352022
423410453
2081074817
3561877534
1298881910
3035148298
2419820507
2650934573
3452315743
669932733
589048260
2055125183
2494083557
3352462601
2171143591
1304054911
618813677
1338697623
2680053090
13490091
1175276655
748369723
2095232445
3759838550
353356944
1897286720
1973898486
4227255006
1316250590
1699552745
3532100408
3071702454
244721769
1210833076
1797904567
1562550497
1968947976
819161877
3113877388
1490621528
2466546351
2350367249
2865655154
4259632075
3337401255
2852724624
3703133582
855754857
1348085006
193107918
2310789950
542696950
3608236710
2416156172
4249660240
3286338591
3820456328
4039069735
1595439763
67960025
838233818
2245237716
2101924945
2022359884
3185325775
2817734856
2115568062
2403372875
2075245995
2950810661
3600172242
2826443195
1552217414
502561528
3692789986
3434762287
1747213329
529279887
1409750454
3000166182
1949871811
1787330746
3274684760
2206972127
541174589
3879635431
843614092
3822021484
4086424400
3512666096
753730788
2191070597
2438370258
3162125900
2488136696
2202876091
2102921049
3734929677
2769159774
1729909045
987098243
4167129083
2373666342
4004295751
1598471960
3185158988
2841839263
1200082106
606550501
565447870
2451899813
3670923383
795730139
709967924
1196762845
3669022146
939351451
2107819650
785282284
1746148085
3546401505
3879174863
1227104661
2593520223
3981966332
2476538277
4165802695
2399881462
2453545031
1594160957
614185144
3374311429
1608672461
1085761055
3426233954
4032523145
1577931138
3839637247
373736122
1449466955
2391372976
3133023034
3629766430
2461974876
3418477822
1450192708
752148157
4245668147
2889502040
108393598
947058600
1085106462
937194237
2233701076
3754109689
2241771091
1072319974
2529448318
1130638741
3228424579
2806284
2677816876
3739495038
2578189225
3404168817
229842864
2694357267
1617185267
3222366924
996671824
653043637
1139755939
1968484832
2380861312
1508475790
856868812
402767120
1262501783
2087914553
1018271047
3954546673
4073789146
172052588
4057308438
1251815085
2619679047
891381511
3970793786
1022832089
3375039598
3901696698
2533806860
2010341286
27639012
2002740720
3317932187
3266647512
3017164476
663538959
2642494326
2092788737
3265997557
1846772433
2202983934
2563711888
3024014621
4293067622
4016533516
3304757855
1614070257
1708820188
3041360109
3554313309
2043063633
733186828
2896524458
130840532
3276601949
878099092
195217007
1462056502
2777127760
2192927655
973845970
2641959539
2877767822
3911021768
2011462835
2189806281
3322383723
2152962526
530002484
215792086
2690034047
149943987
1196022685
2367213984
3663529784
1881962803
3987376776
3604252341
4279498094
690113536
3418825771
107252450
3237263178
1928606817
925568719
1019962632
1443139359
213092110
2000091275
3112125920
3321646316
479288269
3929748472
2612712376
812346247
1207099463
3961538202
745159869
2987685131
1631020352
2623240298
3442183399
858311721
1684029117
238478194
3224531082
2441538150
538959530
2798238558
3319027984
905299424
1017620895
2389961209
2909381340
3678611156
2430013268
3586580903
3990646166
3982960183
1663537541
1571467605
284177329
1366012517
82272164
3218760172
3551330495
1851613682
2253722421
376018631
3329647848
1214621616
1006850274
1797797234
1482123402
1256348503
129295152
1426812052
4129578098
1261757889
2868470846
178237543
4008085330
2736300902
1140298395
2565351418
2626216208
2806260741
2914135186
825964727
1363865573
1269826587
3642601409
2661230117
4068027510
2575380772
3800423794
2174672115
3174268483
1505013461
1191701721
3921008816
1209531690
1459302051
4137601081
1956869388
44171571
2912476729
3075411231
2332259280
3033304168
1489863907
2674431222
1871080123
4252485101
3412269138
1339511993
1194555643
1460168034
610981613
339042151
1345025719
1901803514
3648721691
1121194880
382207913
1474834641
4259302191
3584458535
2323589728
4017875390
4229880267
797717447
4032958935
1599913679
1944820081
3988437891
852512677
265465323
708174746
396685448
1030746478
699181967
3049996471
2556419659
1172311326
646273495
1466410358
4157856397
1927490284
1918624280
3922304510
2154003233
813438530
1059390713
21588887
2022758909
258112117
2842897385
3885941832
3226281241
2781062035
3237838783
1172700519
2482023433
761035986
3884195650
1263866007
3510739972
493049026
3251496889
4043853082
238823887
3368139888
29540622
1985954978
912454091
3714986088
2849812148
1071414827
1766079769
3080009390
1728321697
3677061078
3799271774
1532309937
3846413139
3253285003
3904878038
1267326083
1348096086
1283581615
2968062134
459807087
1166655616
1890034933
818663000
3134088769
792990365
4038217602
1469341049
2593288340
1846653912
3707138899
3568899504
3532587635
514928341
744502740
3156482493
2086569980
2282581472
502182771
1236715813
2929825532
2116643982
4079788025
1288241401
588794733
2560152499
3152004046
1863345453
2715442200
706116372
2506564567
500720504
1675553657
2348040068
1525278789
3875834480
194343786
1477287023
935910763
3148211502
65184214
2828928963
2497167450
4000997905
454636180
3526086619
3749589730
2433551061
2246882151
2821924502
3005145279
3858540482
1764617767
1715920113
2407671945
1403572568
4048690355
46433264
355339975
3550009846
1090654410
3440185916
3350024383
448628740
424073081
2477583596
324961972
1992786230
1552808484
509851703
395858362
4211508460
2512892773
922111836
971844804
288768584
3846993466
2554850031
3365107201
3173408192
3005210983
139343547
2649754418
2829170717
3708557066
2286176219
958044267
443519819
3749973926
740984409
3390843596
2439431034
3213326279
1272846270
2410574783
4030035388
1057610620
3516462517
1819124443
4224388985
3408360029
1115277768
136487526
4164931294
3358882489
1852135380
1031095991
1492581870
619803297
216249590
496933406
226625075
117037912
2972165707
2248786816
1966790070
937419029
972902951
4249577060
2636982382
2467187072
1086017344
592212728
2480909502
2958212585
1542789813
3855779241
3537129876
3200521550
3524863184
328306709
2050204325
3847793250
1506756588
3409900751
1557182471
679910077
3460517550
222418704
1409520144
2393630709
897903193
670168716
363733648
3584540837
2004431696
1539035631
2070741581
3920843180
3611675397
2429612194
950212973
784571917
1636345070
599572551
3472076220
2475930254
3537436469
3272265212
1651891994
3356541196
1971922672
1184369054
1302602996
877233143
4005292706
71967803
509571077
2917138116
4010423253
328858169
2937184048
1807155606
2283085016
2584205217
140269593
4024852270
2042670084
1339179993
1751264787
1072763269
692429509
2809596474
2819257791
2659611377
4171061393
1426400643
2414582544
3986167032
3069841933
3628656077
293992460
961997702
1793866111
1027109419
499755894
2200313230
2631938066
3322466878
4030750186
189151982
2842313707
2977851810
329866576
2784151970
1523279762
994199443
2365081187
2926388898
1731764127
4038056057
3580473775
200943659
3498985319
1372895127
2627794236
1881954684
1603989648
3862293830
1096661354
4132881457
454726720
1907460450
1524273951
3221347491
1774562444
2283466693
2902637369
2309760127
2826774925
1194428324
301112175
931819982
1697625838
1236973565
780734275
2389410599
673505466
125220559
3553235675
3896604559
180024509
671233411
1800376748
945273689
722429211
2225979231
3776694508
3049919681
2392470814
411153154
993772277
1364488327
2157908759
4160425742
3141709994
1126754462
4115085512
1344540134
946808364
3592733633
3806121735
215669318
4012805623
1995498347
3935996274
1630441574
2729083881
1359729788
2705059128
1227070415
1731776482
392448797
3231524297
1352166629
2281890449
184908657
2909574340
3354214260
1840212700
1710375334
3141753403
1906552417
3541078186
3837959549
628938924
2826324630
3577405892
34613597
2320555909
4050905015
3627812473
1018527740
1852426733
462199403
1627966467
3299085404
3930155926
2149533701
1078763807
1863030377
3625864337
1071607566
2078852519
2351372153
2208023135
1178472904
1324861156
3872269513
2461197523
924296197
1396771439
3798276471
168660858
2402628030
1168225090
3558329449
27397770
3061650218
4202001808
2992282719
4147852675
1393054654
1697179075
1004579664
3128329000
905749458
1485225860
3681610143
2882323157
3523706359
3459295685
1892248866
4066287125
568673472
1718898643
1641760917
3364239215
2660059894
1142153994
1951646668
4253444858
3350887401
110679554
4284757384
2592136507
820906059
2832556630
1974185229
2955133152
1851061777
517060720
1307785466
4030954728
850813768
778176278
282145481
2674705490
3810148476
956386478
1803236420
1319484462
2134150003
2347021567
3938236118
1791832093
3334142232
688163739
560498657
734166252
2428460279
1795918191
1899459054
3252505624
3423995465
3856728781
3110555113
361325560
2965269997
1688368441
1462628957
430551414
3457292926
71264168
225018904
2842060109
685583714
2587500659
1441490991
700161761
329885449
1004218466
1009292746
101824010
3565471316
3586070932
4072709333
4186264236
1308257158
581794294
1136086736
994178495
1202129789
3729790527
1192794369
3979131723
154318968
1802285865
3981075409
217421877
917826554
169186634
1803903759
2465095920
41604850
1687471633
3684889058
123061236
3140296890
2505049945
4066286223
48544005
3357012920
3381736811
1347359210
1316118958
1064607982
172906799
2996668713
2526953547
1563852475
1708041548
2431874947
4182440934
26875637
2337315457
265797081
1182143290
2299387802
3047016730
2431259214
1166049278
3227465799
3883695366
566786750
1609418606
2204104566
2361667501
835146302
217209831
400274299
1830176779
1763065996
3574974205
701525546
3460235280
952546366
963440892
1363886544
971002231
1114064675
3510299604
376201735
3996030788
386187353
409572047
829999907
1932987163
217150069
1449355100
2690612398
3739578443
1234058852
358736797
1201499798
906779023
1425921805
3231826889
2846688326
220305388
3739344051
2115423355
3260253564
1898835236
3124714268
1436242114
2080444302
1694675171
2979872174
2276077485
2374096307
693067538
928788940
2456703593
895880212
3459305535
1272993956
3264866330
3911867702
660995059
2351128860
641021587
3152099608
1151800133
1488458558
1550804131
1751125889
1754303381
539300063
2919277327
735706257
243440580
3553469365
148918115
2511862813
1683243052
1449690898
2994295254
3448219681
830798476
1058794922
2755240765
4192028533
1115953372
1480980323
3805710869
1448739507
3846959027
1339651438
1276838819
524464968
987815654
477330418
1766537106
2783589925
1033075269
3758603379
2887866606
3395259726
3547920824
606052499
2890908680
2343257375
3540558211
453512241
1705068369
194539012
671376275
2819155798
3169475197
2298461770
1548226212
352289045
2883086265
150062915
1162406876
4250971435
348878625
128940620
4263106345
1909234312
670880361
2167322206
4245235846
503714371
4197385362
726114793
3409422813
1510991006
2832200063
3271372962
2481662392
2177902420
3719877820
2739767710
1243133266
4231292510
2008675508
3298558239
2660259649
1865568442
1766049651
1917453449
1836040321
2657605825
1418561851
2857721815
2423357200
2150537055
3653189775
2769657871
865557805
101071270
4013359348
1845216158
2959608938
1198029911
3535931520
554800010
2388820854
427549012
3347998723
2590690630
69580185
2248847214
3514917169
1089135499
172395102
2022715088
3822148832
2114121674
4260447579
837557215
1263010112
2800718382
903311323
3354023092
3287210601
3399310022
1086739841
2587588201
3717562135
2197470979
441705579
262023698
540973465
1236225994
4205423911
400597809
2894116010
4139588938
3637352940
580164802
1392984075
651870402
2905475561
3820702490
2552249200
4054141109
2590510017
3289210672
2931454607
23213953
2471148859
5782197
1842808861
1623930451
1185078949
615878427
3301031704
78967903
971832700
1993151241
2973639099
4050420009
1002156839
1390794464
2685772620
2839577591
3208676712
2801329525
939369001
1078380846
257454500
2793555189
562527951
911967468
2602737173
524017848
3648344531
3012418289
193259882
487224602
3153155624
4281692495
1465952417
787922079
2055263705
2551819864
3989421377
1766840331
1425806759
542825544
1998606923
119588697
58765512
2674614793
350463839
3464997368
1110642401
3616429743
119624467
2073238566
2711736379
3339145793
1831366976
2889856434
2354265723
3110649507
750103959
2115696629
1271018394
2720482689
2851104414
3459707448
4145943629
1708899521
216538396
3461653006
3824171531
2542692964
2477685915
712539475
2422016124
106017638
2148679959
1558014868
298045321
2348042861
386018125
3607000932
2580897425
547546839
1464405901
3436860065
3939636351
3706595641
1746293067
647197845
615389175
3657569733
3069693987
4258260652
1259943331
3121749013
2256877773
3370560126
2997168975
4270981052
3866604899
2600522167
3402435288
1322361951
2904948640
3597167532
2919002275
2639196307
4062715409
2496215333
1270554818
1089356438
4776415
3248430956
1168035962
350758287
935836346
3969782724
2842557891
1399401108
2721770599
548787954
2548897229
1899949798
69765086
182406861
3130077893
2940447115
1389552527
3877090640
2856393708
3596017238
2390486157
547047740
1472018118
542330413
578000671
3493674510
405526059
3969641872
3571344040
1978561845
3944487406
2143064619
2790818401
1366925060
444246124
3840839450
1726693747
2769836886
3130770023
1238031103
3349305210
1283262669
507745102
3827675178
131936
58557684
3058605342
1386100066
1531568912
2380943835
1092989010
636589165
55394229
395561149
2320568278
3501585183
3655664551
3841437580
4112996602
3537362643
2429856034
3860264580
2209594568
2375597852
365314373
3488622078
2357390744
1649450590
1631997717
2861598657
2607626156
4247016260
1669566971
969493210
1032076888
1674606663
407872758
2061787776
1352564435
592772011
415086422
348058207
759766602
3563632550
4240576494
4195299893
1907410263
1738280906
2284371868
376453173
3752163033
282659343
4275935842
3828182547
2502739501
1992067010
3489548480
1374506878
1404201017
2046385588
1313160302
1367105664
1729599312
2100392641
2888396700
3691766611
2929990981
2543915015
1353943068
2983515247
572132274
1566248608
2716121218
3171858619
551155362
2863098564
2484606426
513514859
2978225355
2459482323
3009103468
1102704915
3236138056
3453564582
3748902659
1829388530
2147307509
4272135954
3136396389
397286362
2659326636
3351568554
801612428
2893526924
110336187
3296382392
1222095957
1320830427
1902815283
2113357934
2650449844
3420978028
3650547541
998757418
842868946
970805191
539232243
2366745799
4138114857
2248688473
464047855
1212308082
2055103513
1280225174
2514977066
1193335884
2325185435
3313619080
369505299
2799892919
244928722
3575204591
453047846
4189624754
2515079947
2036520142
2337943518
286448054
1003909069
206554890
2739219097
1269871657
3522163098
4005248522
178580261
2247182945
2139451818
1167314194
2960565695
1714408325
1083671469
2570946419
1321865957
2804397424
2635554729
661079259
3856602688
4196319074
3478598887
2339778887
2504525242
582776883
3136278389
3838134190
1566900599
320569606
2752925962
3898693990
2002234684
4280216899
815769496
3008331659
3013942937
3309045605
2389997421
1448704651
1540267946
4044041778
3914172020
2275104164
89911341
3145584436
1356235351
3969012431
244303736
4188366092
3292209752
3578585468
3015528565
1301450293
1423146936
4151289971
2901950069
2697752835
1700537418
3997079007
3248085296
2903848966
1950703981
1319581305
1770727946
1589243227
4014634421
2364258280
1077517526
3393087916
517317398
1365724657
2510593563
2489926378
4163205486
1484448056
1622807065
3503702936
266445877
2004581916
1457305042
329522016
2172959907
713190157
695454029
262442530
2826527517
2144489819
4285301008
456715202
1940206287
490227437
1523547549
4041771507
1721011292
3748025004
494549070
1941697133
3793631223
4234001624
1781662642
801125
1663330921
2637021690
2833348142
2647538868
1898519103
1964702965
2784141555
1704878585
263909797
1955855679
3494915158
1782241496
4039433705
3137441286
2786426133
581347152
4099829457
848854000
650396840
775319881
2050486921
1127302584
2584740230
2255967727
2498539900
477637937
1724265189
3728758746
1452061491
1277158048
544705024
698095339
1682521012
2901771451
698622881
163579395
3154076560
2662744707
896922026
2998739445
251536089
923059459
2372394496
180234310
2556492253
1561844913
3744838088
423459004
2478117154
500268551
1483828988
1092043671
3448909778
1269025059
2320480177
2276205299
340506234
2913670954
2430309658
2545931807
3899909965
637202808
1702149777
739103899
1272709627
3774285212
616196623
2398104930
650453550
3736354554
1858739386
1595780126
2558425347
2638827940
346240528
2249117222
4035416367
1370624941
3243274201
2018271151
2519530534
2158181864
3558116995
862304797
344399517
1352959253
2048007370
3399078977
2706229355
3933280523
3559037149
1545303843
3364976145
1318435929
1190003380
838365438
4041049542
2914097404
534061312
1387702654
3758670265
4242351961
4170156630
1398805593
760868588
1692801413
3101250117
2591300651
173024967
3443207831
1741277781
2016567314
2217419876
1815293841
2493852254
4276231933
4019819876
45069853
2887294712
3844276137
2067073056
640554953
3477527780
3375523339
4082507381
2653995869
94773402
1468222886
4219896712
3753264373
369934740
55436107
3497764598
973628956
1204028576
2434786026
567707325
1509862516
1889165582
2621551361
2765772467
103552486
1636175732
500187307
234356661
545874193
2574665986
812967046
3875792554
1972813521
1645897451
3230368165
929142180
3889259705
1900855200
3587897707
207716282
845626974
3523967353
1894727178
3549106755
856466298
2525442769
1135897795
1516565360
2162717793
3435043420
292526039
2382362645
937051585
3547352235
4017418622
2712094853
2001954217
3368995864
1912920566
2570808504
62565460
1778722358
1062573818
4114346127
3720697694
2324066189
707073702
2598839707
1782948063
946987227
61550770
2687149686
2054435248
2455036168
90284985
793874860
3520196245
255924639
3542719940
2595703510
3383326916
3280033321
1217039412
2247991775
3595906490
973981001
2332159226
2862690086
1605493625
344051470
2685771718
1897661340
53004410
701654894
614012290
792245586
3188126473
868845915
1048666140
1660894158
2568429602
219688453
1654003083
1708509806
3671362853
2197766732
4090592604
2075733138
3794881602
1644045191
1162304007
3604107254
833923193
624173395
2037682350
2171950979
31499954
266465876
110850498
305611308
2376365191
2464735062
2235313167
2431030604
4271697090
3771125231
866904072
2396049211
1108547917
4122271052
487653364
209142776
3940817222
420939790
3340673862
189261413
3531919585
795757992
3877340949
2324737431
2254428272
2772711396
1937860011
195786752
1419020553
4062914026
2530657487
3617072749
1951110855
1273940919
1939459440
331517912
4024074545
729659403
4226383192
545222096
3420874427
529499801
3250251245
2227205487
2922975053
1055906728
713286051
1538198392
253857558
4249893034
2966646917
2939107310
3130112964
4075840938
201747480
612275729
3985951933
1641276556
391446058
2382554957
1227933467
329673361
2887892282
17984955
729597246
2879493560
238009435
2756593842
1422263351
1764324506
3289822879
2103005294
1776736392
1784314087
2804497375
103100883
2489445083
1440410080
95427651
760562477
4245746936
422728673
177932271
4109082946
4156681113
2574230407
2361648645
3129554895
4136736535
1354476975
492862950
1688554077
2106288556
1017580812
728014532
416464408
218935443
768935029
2652267345
3425296750
892422993
2910037057
2524139465
2349041654
482601772
2040495473
1425871022
3961825086
3357086283
312394222
1877121996
1205171313
2696146030
1502971640
2780810678
3360493258
3623900306
4262817826
1395532774
1033671988
2951911961
3755121389
4130108429
3567497589
3136371244
964896171
2103977687
1715120360
2708910784
1759531570
3176913834
4201425782
2629704405
776924822
71622071
3432357365
836545810
1435346769
3480934475
3139064246
1171025627
1803933531
3142035387
2484036282
1598244128
3576040338
2241476123
3453864826
291943091
3721259260
778357885
256054448
4111129636
2972334489
3823113826
601241185
2801500286
1785927138
1974158503
2356169295
2902372645
1729752908
2656910973
2231715158
2441913339
4280047925
254163605
580753935
2717866523
2901061615
3302486434
1700811195
4269548204
571272749
47582023
681769195
3136071094
4077096950
2455816405
3777859668
1864239897
3895715559
547909716
4258600856
1757007336
894707776
1522038405
1526600342
1300644466
2874273855
3139104086
2077916074
3009593194
1796969366
2529822047
1536787613
4031534668
2550268394
1502613137
2472154966
1047121358
693456096
2817083284
2026107192
853899878
2377143190
1352959834
2449363756
964660139
902403537
297012311
3188031346
3554080046
108229287
1093243314
1523991209
2031637638
3350987825
186037679
2421901651
3003640154
1121684101
1419748698
2984800904
3198619892
2436925548
1771257656
3419840286
840763924
3156909145
2204070183
2620393583
560512812
2096707148
1892101296
572012886
1362816659
1122416740
3916836597
1800018548
261686875
2573970832
2980782107
2206358440
784910273
1237743128
1370288185
27764209
1784619304
2131331205
3899895114
1226754296
1041865724
3155118629
392168325
102848428
1368761418
2511816333
449579841
4043601063
552317698
749082102
2464669556
2025719138
261571808
392654487
132847122
2687283345
3068385215
2364515568
1553262451
1749621628
538483031
2239297260
1089258530
3850758845
2757740544
843077603
1183420568
96913836
2123952048
3700822523
522677373
2478698986
2525842913
3825348952
1357543311
2563860193
2692808924
3479615378
3472029590
1845433042
2627001368
3220623887
1270226101
3921483250
1098410824
2457249408
1406262313
776466322
707039712
1154476961
778127183
853171947
3395992423
1060242870
1652413841
1316044321
1872585048
2384281468
2551423020
2525404805
2532542484
1831802489
289381445
2643212127
3571440488
350361647
761611754
377047590
3105569054
738001897
3318596617
2225125917
3070470136
919100147
2486690065
1216697275
62745175
1719330547
1547800956
3486938440
2597765598
59537422
1664090627
2789060798
3708617895
2872802824
1326295660
3430200456
1260722329
4006143363
1142451408
86491407
1429282958
660495970
2394036088
3806076723
3036607556
1969322230
2845707524
2424898323
3469121614
2847680145
3804971630
2916568833
3505032796
4001794572
81369859
4281865129
3160743532
3093052745
895069372
1233605726
570921576
3778507783
2742288450
211402223
1373286590
992484717
245316351
3854242312
591115229
1100334196
3991818
947689058
3879315940
593243644
105733417
3689856908
899605667
2147733879
1787835020
2898644235
1531462180
1026782281
3915832827
3255758839
173039688
3264198963
2199945414
1342598273
2922637045
1763868471
4001612347
900612886
2664474214
4194297639
3452102463
2772841958
359595860
4013835414
1657597596
1303030989
1606090713
3358195890
3806578884
3289337846
650134238
2970638424
652346142
4147387825
1411146515
1690307307
233929910
561426640
783651308
2884967553
4145543832
3132361740
1839036025
2469866342
2714501851
888276073
3118624118
2166621765
1576087234
1340844729
632335458
1835954769
887258698
2771192693
1345469267
3200672959
2731893060
997397458
1710601941
1740859194
29268923
1156040146
2248016765
853116270
3957869885
3364622479
3487846783
3905210583
3544255848
1590135107
3414748174
3226718424
1390413291
3852565430
3286482466
3634075830
614873357
785177520
2824869330
4107242341
2755516003
1617812998
109821469
1457027538
3384305968
268140504
3879421071
2088099950
1148539893
468209895
3489191602
1067470407
353930961
1361258203
2576842319
3473882611
2085837394
3760195113
2344723728
1299082942
3978021036
3688080332
3742270470
3681778842
3371908617
3284150817
1175525923
630050712
3916231173
2964914071
418792337
4058847446
3665021061
2931489052
1409436797
1424283544
230950326
2149971792
2874866349
2773367959
993339722
2192883225
1046130046
515193970
1314462589
1340304865
273523995
3446264706
760755274
3699762341
22074556
589699149
1913019314
4090469977
361874095
1412282388
2931970613
2844615863
1011992422
3229064413
4052620090
3487282503
3741997234
4061964051
1243139183
1343979231
3363884757
3687257146
3449910598
565590920
4237256300
3028127616
2567703196
3186770110
352040135
2910799159
2778144757
1083683523
2684267554
3749691770
2741694850
725241589
1319180524
230359655
3692295686
3081488666
4120901632
2042152666
935068111
3646848229
378610630
1646678187
835521622
722751016
3524244602
3592491850
2906166569
2357548916
2731802528
812589745
1725688382
3094025699
2481752228
2195216360
1322309306
2595504510
2049558736
1979543266
3406179759
3559277956
4214400559
3562944735
4005009410
3046801779
4010923694
452695485
1727537762
3602849907
2013437197
2881978814
3030680943
2993695996
3960784188
1558999454
609860702
3776476944
1306708859
3115447319
598060659
483572374
2628556625
1751393329
1315552757
3806974669
1400622577
202708302
304581710
4129252933
1502362650
2916981006
3704394289
2711739171
1001040118
1162043143
2985807438
1068552578
2704233149
4046109230
3708638156
1281070440
568172385
3330769879
4198716903
1688445279
2502371004
598091679
4275528959
46021853
3914925939
2337567472
951409420
4190938112
241213985
1585427901
1097961550
1534129387
2265868621
1477862264
737000796
2235718753
719234129
1892641269
1986824134
3779204572
142884854
2171195294
523505343
2180803324
1786110872
594301477
271140877
4220834183
1704050010
1073625397
2035841409
315096272
1938175332
2848191437
3733077592
2557079095
2276600925
1783037020
2009960787
1813301844
1763982780
3371823860
3511665685
840579362
3844238820
3522961167
3664648497
2786347641
2892860543
1799461488
589964202
1967217936
1189147471
1102291385
197839350
3230306433
3997858947
2202780244
2838108070
1378059745
3205604189
2560015749
1338190416
4276646886
3632054232
1869437252
1114987588
3954339475
7059903
1481836047
1616689970
235075176
2451401892
877213159
2056021704
1798281924
3702588841
943324856
452712257
975112
2378653546
3929901667
2203229525
3624434495
1208573653
3188120853
3531442849
720758198
3233460380
516957605
3147606266
290360173
3763218016
3109681681
3104336198
3989199808
995750782
1849137248
3030368768
511705303
1321573507
2200710403
1040132220
1498221649
313548058
1609860778
3195578426
2668594719
3053725856
3086870811
1007167593
475038824
3218558390
152858851
3942096571
4270616133
463980861
999560655
999166753
231200342
3222345585
815508329
1178997207
167322679
2682911344
1682814988
348597687
3446289425
1942194869
1465633740
3174373488
1907753188
2948554922
2901623078
3500708028
2185683369
3768628176
3699881038
3320797841
3719594902
2884447413
42566130
136247069
3341683449
2297664353
1978835769
161910467
4247037762
3470624838
2075465975
1377501329
4238685801
2415615750
3240850727
1200208453
1067749845
3360812537
2312388800
3807499331
4261190125
1712156464
3683065907
3706223473
418187626
1147078428
3033844628
2296351193
1484253005
3688352264
29988602
1399649710
1732937547
4097580329
1008262578
523468471
3517016754
78490821
1448823935
3883231763
3554187223
294843802
2568101
4260131655
1322073152
4086218421
1035796720
588500336
1003164183
2308908415
292859310
794226630
803692626
1838912469
2386067262
263818936
1251386294
961748795
1792696930
1560244797
1618630941
1883976668
3761982997
4198314442
3888229587
3469756541
2117234076
3167151602
1418009000
2306574889
458705505
3607762880
4094834206
1457380509
258672751
3044698513
1278398198
4268269689
1280184592
1351320869
1376113037
2894883286
705606616
3626304718
3363652717
3933363639
526124309
3083497410
2726903351
1218086774
531914642
1401371192
302948267
89155041
3905969954
3267980401
816596860
183565184
3527242547
3713653588
2339171804
509643461
334391204
738203968
4103618738
2046665600
1060690138
3169172244
3692148660
597009935
725033451
1890090874
3667656764
2073830453
56817319
911759897
2198080335
496319451
3304730688
3592400483
4014916169
2158073535
3904993450
61766928
3520262008
3448778426
3814752790
4212477318
855642027
2602433204
1220562246
2163411051
1241110350
3772767393
1619434285
4091028460
1689299395
3240711373
2338847309
1913205775
686678342
2543571551
2968881810
3010494465
719692809
834398641
1332764796
1920713808
2161850852
3564055179
3420686149
2812023957
3175996191
1766108008
2772548947
2849120384
669041077
507761390
2349541876
1724419129
375579845
3406461138
1620762513
947078021
1776039980
798698592
170988822
4083735062
1176769945
901503436
4104483206
1120636750
4095820843
4164468762
1513233177
3155549280
185113550
3004744227
769206892
3663290934
1684562623
497456346
4070682808
3032058948
606445372
2163326081
3279275574
3561174905
466787936
2182452047
4214469206
2663916325
1639030390
2051886799
3329606989
2053676956
1471417497
3298405922
2695817294
2699672130
824702806
2719844764
627155489
1933948512
4028954792
2281097896
3941265046
3202832966
3811650050
3547389241
2686216223
2991708446
3471485521
3968863274
296511366
3523265128
1437907968
2413186620
1347344653
2883667123
2730075871
3978463749
1528826982
2659306505
637831750
3542518873
2561806561
2958418589
3497752291
2370548628
1641207933
1038687163
568089808
1829645408
844769353
4156423794
1019983038
2825080814
1288050345
2424059698
2760783807
4007018187
2581041207
2519048911
2989640232
2259507231
1556934158
3261215293
3539042970
3060875547
876549840
829615935
2014514669
2024253626
3440005617
2029438393
773775489
1624461950
471858467
2221758577
3795393734
1774282764
1472871694
856182360
2937199830
1771100603
108871445
310427135
2963728830
2472981465
1357644768
3666418378
239405129
3115084312
2619125860
1547880623
1034244522
373967988
1661324453
868225064
346091948
2342863191
632061351
889303405
1279802487
2336346720
385514128
994710231
3911968996
3646100280
25971841
1706267999
2078163832
1054631931
529343805
3488914391
1321471624
1472482115
3977395536
478835984
694472820
2449890097
4148218223
2497799261
883880103
3069594553
3185002186
1031734612
2347960980
1905983377
3798807222
1212760988
2379382935
347693641
2295914348
3765027728
839485713
3130471977
713949679
1294773971
3936290916
2574287404
1408054353
864421392
1598081096
3823537165
3263417776
493519004
1455235806
16480387
4089077073
2156108794
3169375635
2504514935
2565939063
2486637102
3783415914
234126955
213055752
1348807884
1104075854
2144043162
1997315854
930200539
974865380
3747899638
3195048466
374131545
3947968435
2093300249
1820078808
2969609369
1469448345
1124212397
4129828955
2681093552
1910626641
3562182111
2100446900
817491074
1510324673
3939432416
3906480937
2377515794
2443645200
1285191659
3273514912
1850522187
3486683312
1340853943
1468230462
3114328706
1862702954
3420085296
3644158518
3577438873
1560169826
4233842375
3409925427
3398540131
4041531252
2582924917
2676668166
1456940077
3185264941
2339019619
3457866639
176386455
3629417660
3198999349
1696741181
1915364480
220174896
85999128
1726045449
268465269
2893760975
1664155791
1934240185
2505776327
3216772252
1993740774
1533227867
2659462277
2726205327
2062848147
800666959
2841996358
3218517224
941139277
2343746346
484657817
876449881
2561664333
1253748934
2081725600
3215249945
115395704
2072756524
1634157267
927847998
455805890
4154398131
2282160195
3071438588
1699852185
4110862794
2633467393
1834402189
3460035179
2040540445
1287067184
3856688267
4132197081
2255069739
2300532640
3037739788
2655538765
1083074263
2923465597
1918675553
2863590123
530213145
2194602644
884677531
1841528623
4051939
230991783
168642113
94857961
4197402056
1537431638
1040901198
1433062604
2848897814
1665138000
3603905789
594286895
2365068667
3170408577
657750611
3680634131
3127236282
4031748653
2578060162
2114679990
3140697355
3010195239
3306036545
3674564095
4189355619
1796546637
2463435535
1328917842
1467337377
4023201323
2785134076
2214813933
293950597
2135689164
3854292159
766291299
512737557
464522257
1408074251
3616821427
3503599738
2637681909
2565437149
1399405940
