Compressor is NORMAL_COMPRESSOR
Throttling simultaneous network copies to 1
Sending SIGUSR1 will trigger a save-and-quit
Sending SIGUSR2 will trigger a save-and-continue
1 itertime 0.000 total 0.000
 current 2.937383892,2.659722222 (1399.276528513 mSBet/h)
 average 2.933333333,2.659722222 (1398.263888889 mSBet/h)

2 itertime 0.000 total 0.000
 current 2.799263401,2.211111111 (1252.593628080 mSBet/h)

3 itertime 0.000 total 0.000
 current 2.446825397,1.207569148 (913.598636281 mSBet/h)

4 itertime 0.000 total 0.000
 current 1.420735872,0.978042436 (599.694577031 mSBet/h)

5 itertime 0.000 total 0.000
 current 0.813849578,1.107394815 (480.311098206 mSBet/h)

6 itertime 0.000 total 0.001
 current 0.705505879,0.568538082 (318.510990318 mSBet/h)
 average 0.765140454,0.645618230 (352.689671010 mSBet/h)

7 itertime 0.000 total 0.001
 current 0.278761231,0.520589203 (199.837608488 mSBet/h)

8 itertime 0.000 total 0.001
 current 0.211211177,0.417174819 (157.096498908 mSBet/h)

9 itertime 0.000 total 0.001
 current 0.251799556,0.369158097 (155.239413135 mSBet/h)

10 itertime 0.000 total 0.001
 current 0.220491372,0.329780479 (137.567962755 mSBet/h)

11 itertime 0.000 total 0.001
 current 0.271657747,0.409735695 (170.348360583 mSBet/h)
 average 0.237105700,0.349062089 (146.541947330 mSBet/h)

12 itertime 0.000 total 0.001
 current 0.260648008,0.377156309 (159.451079231 mSBet/h)

13 itertime 0.000 total 0.001
 current 0.452971458,0.366584320 (204.888944453 mSBet/h)

14 itertime 0.000 total 0.001
 current 0.121379799,0.388977611 (127.589352511 mSBet/h)

15 itertime 0.000 total 0.001
 current 0.295249517,0.377474900 (168.181104266 mSBet/h)

16 itertime 0.000 total 0.001
 current 0.286279833,0.321268289 (151.887030478 mSBet/h)
 average 0.054403614,0.251018906 (76.355629869 mSBet/h)

17 itertime 0.000 total 0.001
 current 0.216069759,0.365906950 (145.494177202 mSBet/h)

18 itertime 0.000 total 0.002
 current 0.209681404,0.346032905 (138.928577286 mSBet/h)

19 itertime 0.000 total 0.002
 current 0.157252763,0.231937648 (97.297602639 mSBet/h)

20 itertime 0.000 total 0.002
 current 0.072271783,0.210916786 (70.797142119 mSBet/h)

21 itertime 0.000 total 0.002
 current 0.194113648,0.216811364 (102.731253169 mSBet/h)
 average -0.005777282,0.192390296 (46.653253606 mSBet/h)

22 itertime 0.000 total 0.002
 current 0.119894200,0.224038429 (85.983157026 mSBet/h)

23 itertime 0.000 total 0.002
 current 0.130639329,0.256815267 (96.863649158 mSBet/h)

24 itertime 0.000 total 0.002
 current 0.071433304,0.267584342 (84.754411633 mSBet/h)

25 itertime 0.000 total 0.002
 current 0.054119100,0.245698302 (74.954350289 mSBet/h)

26 itertime 0.000 total 0.002
 current 0.096153061,0.244212411 (85.091368056 mSBet/h)
 average -0.024476744,0.163564456 (34.771928064 mSBet/h)

27 itertime 0.000 total 0.002
 current 0.034818708,0.243504267 (69.580743783 mSBet/h)

28 itertime 0.000 total 0.002
 current 0.118863762,0.235336119 (88.549970282 mSBet/h)

29 itertime 0.000 total 0.002
 current 0.012113603,0.234876936 (61.747634768 mSBet/h)

30 itertime 0.000 total 0.002
 current 0.033808811,0.234706754 (67.128891314 mSBet/h)

31 itertime 0.000 total 0.003
 current 0.118935847,0.208795276 (81.932780736 mSBet/h)
 average -0.039696110,0.145466794 (26.442670891 mSBet/h)

32 itertime 0.000 total 0.003
 current 0.011078441,0.227007899 (59.521584827 mSBet/h)

33 itertime 0.000 total 0.003
 current 0.052032277,0.191229706 (60.815495829 mSBet/h)

34 itertime 0.000 total 0.003
 current 0.021068125,0.206278985 (56.836777614 mSBet/h)

35 itertime 0.000 total 0.003
 current 0.089597485,0.195220126 (71.204402792 mSBet/h)

36 itertime 0.000 total 0.003
 current 0.069457505,0.198415237 (66.968185548 mSBet/h)
 average -0.041937872,0.130026523 (22.022162780 mSBet/h)

37 itertime 0.000 total 0.003
 current 0.008507884,0.199063206 (51.892772602 mSBet/h)

38 itertime 0.000 total 0.003
 current 0.037791420,0.186055944 (55.961841090 mSBet/h)

39 itertime 0.000 total 0.003
 current 0.064069571,0.199744932 (65.953625601 mSBet/h)

40 itertime 0.000 total 0.003
 current 0.012550326,0.264246073 (69.199099679 mSBet/h)

41 itertime 0.000 total 0.003
 current 0.039273445,0.237338361 (69.152951459 mSBet/h)
 average -0.048546916,0.119694016 (17.786775109 mSBet/h)

42 itertime 0.000 total 0.003
 current 0.043452671,0.249958245 (73.352728987 mSBet/h)

43 itertime 0.000 total 0.003
 current 0.021512193,0.246723993 (67.059046478 mSBet/h)

44 itertime 0.000 total 0.004
 current 0.010227824,0.214797978 (56.256450679 mSBet/h)

45 itertime 0.000 total 0.004
 current 0.019631588,0.209688331 (57.329979692 mSBet/h)

46 itertime 0.000 total 0.004
 current 0.019782733,0.193687924 (53.367664192 mSBet/h)
 average -0.055390288,0.115731903 (15.085403698 mSBet/h)

47 itertime 0.000 total 0.004
 current 0.093349694,0.173767326 (66.779255071 mSBet/h)

48 itertime 0.000 total 0.004
 current 0.016934502,0.175285163 (48.054916255 mSBet/h)

49 itertime 0.000 total 0.004
 current 0.000248422,0.142371530 (35.654987820 mSBet/h)

50 itertime 0.000 total 0.004
 current 0.010350996,0.132700345 (35.762835404 mSBet/h)

51 itertime 0.000 total 0.004
 current 0.034870515,0.155320776 (47.547822863 mSBet/h)
 average -0.064828799,0.111335200 (11.626600121 mSBet/h)

52 itertime 0.000 total 0.004
 current 0.021126137,0.134259989 (38.846531408 mSBet/h)

53 itertime 0.000 total 0.004
 current 0.003154349,0.141551890 (36.176559892 mSBet/h)

54 itertime 0.000 total 0.004
 current 0.039229402,0.176621109 (53.962627891 mSBet/h)

55 itertime 0.000 total 0.004
 current 0.003855903,0.166417264 (42.568291954 mSBet/h)

56 itertime 0.000 total 0.005
 current 0.008611709,0.150991732 (39.900860224 mSBet/h)
 average -0.064320619,0.108443504 (11.030721295 mSBet/h)

57 itertime 0.000 total 0.005
 current 0.015944233,0.140323678 (39.066977818 mSBet/h)

58 itertime 0.000 total 0.005
 current -0.006238008,0.175007507 (42.192374916 mSBet/h)

59 itertime 0.000 total 0.005
 current 0.008158806,0.166833562 (43.748091958 mSBet/h)

60 itertime 0.000 total 0.005
 current 0.023630869,0.164606821 (47.059422633 mSBet/h)

61 itertime 0.000 total 0.005
 current 0.003180137,0.149687224 (38.216840096 mSBet/h)
 average -0.067419583,0.103933234 (9.128412563 mSBet/h)

62 itertime 0.000 total 0.005
 current 0.060520370,0.143890888 (51.102814568 mSBet/h)

63 itertime 0.000 total 0.005
 current 0.051103529,0.162953061 (53.514147337 mSBet/h)

64 itertime 0.000 total 0.005
 current -0.017315250,0.164179329 (36.716019880 mSBet/h)

65 itertime 0.000 total 0.005
 current 0.096177375,0.162086996 (64.566092815 mSBet/h)

66 itertime 0.000 total 0.005
 current 0.060574637,0.234250634 (73.706317787 mSBet/h)
 average -0.065891712,0.102374337 (9.120656347 mSBet/h)

67 itertime 0.000 total 0.005
 current -0.018948103,0.197177330 (44.557306720 mSBet/h)

68 itertime 0.000 total 0.005
 current 0.108446389,0.297144267 (101.397663972 mSBet/h)

69 itertime 0.000 total 0.005
 current 0.002141595,0.262906153 (66.261936971 mSBet/h)

70 itertime 0.000 total 0.005
 current -0.002993105,0.233683746 (57.672660083 mSBet/h)

71 itertime 0.000 total 0.006
 current 0.056345825,0.227823480 (71.042326415 mSBet/h)
 average -0.067681145,0.102493195 (8.703012502 mSBet/h)

72 itertime 0.000 total 0.006
 current 0.052970719,0.228761575 (70.433073391 mSBet/h)

73 itertime 0.000 total 0.006
 current 0.002017466,0.184726280 (46.685936358 mSBet/h)

74 itertime 0.000 total 0.006
 current 0.017273148,0.183382760 (50.163976898 mSBet/h)

75 itertime 0.000 total 0.006
 current 0.040571046,0.154132888 (48.675983514 mSBet/h)

76 itertime 0.000 total 0.006
 current -0.014484538,0.212293866 (49.452332086 mSBet/h)
 average -0.072529219,0.100315931 (6.946678045 mSBet/h)

77 itertime 0.000 total 0.006
 current -0.028278898,0.157043150 (32.191063066 mSBet/h)

78 itertime 0.000 total 0.006
 current 0.005172812,0.183850827 (47.255909670 mSBet/h)

79 itertime 0.000 total 0.006
 current 0.044856619,0.181097677 (56.488574019 mSBet/h)

80 itertime 0.000 total 0.006
 current 0.041394111,0.182631578 (56.006422307 mSBet/h)

81 itertime 0.000 total 0.006
 current -0.008323527,0.187511463 (44.796983912 mSBet/h)
 average -0.072841304,0.099749517 (6.727053235 mSBet/h)

82 itertime 0.000 total 0.006
 current 0.031297391,0.172338872 (50.909065697 mSBet/h)

83 itertime 0.000 total 0.007
 current -0.005287192,0.181536919 (44.062431701 mSBet/h)

84 itertime 0.000 total 0.007
 current 0.045894117,0.184699059 (57.648294140 mSBet/h)

85 itertime 0.000 total 0.007
 current 0.003928080,0.169296818 (43.306224495 mSBet/h)

86 itertime 0.000 total 0.007
 current -0.010685188,0.159527498 (37.210577373 mSBet/h)
 average -0.075040988,0.098445120 (5.851032915 mSBet/h)

87 itertime 0.000 total 0.007
 current -0.026253183,0.167758026 (35.376210939 mSBet/h)

88 itertime 0.000 total 0.007
 current -0.011797410,0.177014610 (41.304300019 mSBet/h)

89 itertime 0.000 total 0.007
 current 0.017523297,0.167397820 (46.230279119 mSBet/h)

90 itertime 0.000 total 0.007
 current 0.075515618,0.190974804 (66.622605518 mSBet/h)

91 itertime 0.000 total 0.007
 current -0.029375884,0.167913288 (34.634351085 mSBet/h)
 average -0.075851177,0.098208582 (5.589351252 mSBet/h)

92 itertime 0.000 total 0.007
 current 0.038095317,0.150096061 (47.047844457 mSBet/h)

93 itertime 0.000 total 0.007
 current -0.008866120,0.150083207 (35.304271710 mSBet/h)

94 itertime 0.000 total 0.007
 current 0.000440753,0.156524687 (39.241360068 mSBet/h)

95 itertime 0.000 total 0.007
 current -0.027986701,0.149235275 (30.312143430 mSBet/h)

96 itertime 0.000 total 0.008
 current -0.011448560,0.156833095 (36.346133683 mSBet/h)
 average -0.076219810,0.098171340 (5.487882435 mSBet/h)

97 itertime 0.000 total 0.008
 current -0.029054290,0.154644970 (31.397669859 mSBet/h)

98 itertime 0.000 total 0.008
 current -0.008166001,0.163084873 (38.729718020 mSBet/h)

99 itertime 0.000 total 0.008
 current -0.033021158,0.185918658 (38.224375049 mSBet/h)

100 itertime 0.000 total 0.008
 current -0.031453506,0.143223543 (27.942509046 mSBet/h)

101 itertime 0.000 total 0.008
 current -0.028190243,0.145524874 (29.333657729 mSBet/h)
 average -0.076886862,0.098435223 (5.387090374 mSBet/h)

102 itertime 0.000 total 0.008
 current -0.012210998,0.144762114 (33.137779023 mSBet/h)

103 itertime 0.000 total 0.008
 current -0.024640678,0.152185515 (31.886209171 mSBet/h)

104 itertime 0.000 total 0.008
 current 0.026121465,0.155883816 (45.501320255 mSBet/h)

105 itertime 0.000 total 0.008
 current -0.006329544,0.174618224 (42.072169854 mSBet/h)

106 itertime 0.000 total 0.008
 current -0.047157657,0.150719428 (25.890442683 mSBet/h)
 average -0.077532876,0.096274432 (4.685389089 mSBet/h)

107 itertime 0.000 total 0.008
 current -0.006696719,0.176059602 (42.340720715 mSBet/h)

108 itertime 0.000 total 0.009
 current -0.038521718,0.165667450 (31.786433017 mSBet/h)

109 itertime 0.000 total 0.009
 current -0.024268146,0.141804542 (29.384098974 mSBet/h)

110 itertime 0.000 total 0.009
 current -0.031367185,0.150551189 (29.796001151 mSBet/h)

111 itertime 0.000 total 0.009
 current -0.048361932,0.150192374 (25.457610625 mSBet/h)
 average -0.078683686,0.095357038 (4.168338043 mSBet/h)

112 itertime 0.000 total 0.009
 current -0.037720916,0.127507598 (22.446670436 mSBet/h)

113 itertime 0.000 total 0.009
 current -0.001881601,0.128260475 (31.594718550 mSBet/h)

114 itertime 0.000 total 0.009
 current -0.033648940,0.147809156 (28.540053835 mSBet/h)

115 itertime 0.000 total 0.009
 current -0.028398393,0.142376876 (28.494620793 mSBet/h)

116 itertime 0.000 total 0.009
 current -0.034697003,0.126614989 (22.979496494 mSBet/h)
 average -0.078944920,0.094757842 (3.953230404 mSBet/h)

117 itertime 0.000 total 0.009
 current 0.012224158,0.148381677 (40.151458930 mSBet/h)

118 itertime 0.000 total 0.009
 current -0.039352450,0.148259363 (27.226728216 mSBet/h)

119 itertime 0.000 total 0.009
 current -0.024005416,0.125269935 (25.316129609 mSBet/h)

120 itertime 0.000 total 0.009
 current 0.015449010,0.165700413 (45.287355711 mSBet/h)

121 itertime 0.000 total 0.009
 current -0.042758032,0.140967987 (24.552488533 mSBet/h)
 average -0.079385802,0.094146898 (3.690273956 mSBet/h)

122 itertime 0.000 total 0.010
 current -0.036909335,0.119459654 (20.637579925 mSBet/h)

123 itertime 0.000 total 0.010
 current -0.011379123,0.154453808 (35.768671405 mSBet/h)

124 itertime 0.000 total 0.010
 current -0.017850487,0.129992323 (28.035458938 mSBet/h)

125 itertime 0.000 total 0.010
 current -0.002714218,0.117086238 (28.593004968 mSBet/h)

126 itertime 0.000 total 0.010
 current -0.020936338,0.153149534 (33.053299080 mSBet/h)
 average -0.079248927,0.094233737 (3.746202638 mSBet/h)

127 itertime 0.000 total 0.010
 current -0.007469095,0.122875593 (28.851624528 mSBet/h)

128 itertime 0.000 total 0.010
 current -0.014563597,0.130465729 (28.975533161 mSBet/h)

129 itertime 0.000 total 0.010
 current -0.009796532,0.164324031 (38.631874567 mSBet/h)

130 itertime 0.000 total 0.010
 current -0.021349421,0.119382881 (24.508365007 mSBet/h)

131 itertime 0.000 total 0.010
 current -0.032828587,0.127259087 (23.607625100 mSBet/h)
 average -0.079371344,0.093820994 (3.612412564 mSBet/h)

132 itertime 0.000 total 0.010
 current -0.013187950,0.121488357 (27.075101750 mSBet/h)

133 itertime 0.000 total 0.010
 current -0.023473655,0.135453327 (27.994917939 mSBet/h)

134 itertime 0.000 total 0.011
 current -0.047531117,0.143420731 (23.972403388 mSBet/h)

135 itertime 0.000 total 0.011
 current -0.019013773,0.138543705 (29.882482874 mSBet/h)

136 itertime 0.000 total 0.011
 current -0.030795578,0.153656231 (30.715163050 mSBet/h)
 average -0.079317788,0.093126541 (3.452188189 mSBet/h)

137 itertime 0.000 total 0.011
 current -0.038153038,0.149003350 (27.712578167 mSBet/h)

138 itertime 0.000 total 0.011
 current -0.020357526,0.145374281 (31.254188721 mSBet/h)

139 itertime 0.000 total 0.011
 current -0.048644290,0.144610837 (23.991636840 mSBet/h)

140 itertime 0.000 total 0.011
 current -0.048769645,0.125198584 (19.107234630 mSBet/h)

141 itertime 0.000 total 0.011
 current -0.014244275,0.152074877 (34.457650685 mSBet/h)
 average -0.079359672,0.092711634 (3.337990488 mSBet/h)

142 itertime 0.000 total 0.011
 current -0.047898444,0.132918954 (21.255127598 mSBet/h)

143 itertime 0.000 total 0.011
 current -0.040067540,0.117007891 (19.235087600 mSBet/h)

144 itertime 0.000 total 0.011
 current 0.007235329,0.173812987 (45.262079163 mSBet/h)

145 itertime 0.000 total 0.011
 current -0.038469202,0.159478434 (30.252308005 mSBet/h)

146 itertime 0.000 total 0.011
 current -0.014467732,0.137552223 (30.771122772 mSBet/h)
 average -0.080007927,0.091820938 (2.953252746 mSBet/h)

147 itertime 0.000 total 0.012
 current 0.007756890,0.183063209 (47.705024906 mSBet/h)

148 itertime 0.000 total 0.012
 current -0.050003741,0.149172008 (24.792066687 mSBet/h)

149 itertime 0.000 total 0.012
 current -0.029715848,0.124958386 (23.810634343 mSBet/h)

150 itertime 0.000 total 0.012
 current -0.016067297,0.152157582 (34.022571303 mSBet/h)

151 itertime 0.000 total 0.012
 current -0.027227661,0.128307740 (25.270019806 mSBet/h)
 average -0.080217764,0.091449506 (2.807935391 mSBet/h)

152 itertime 0.000 total 0.012
 current -0.012037581,0.130643793 (29.651553159 mSBet/h)

153 itertime 0.000 total 0.012
 current -0.019217938,0.159758697 (35.135189824 mSBet/h)

154 itertime 0.000 total 0.012
 current -0.021904696,0.118828468 (24.230943021 mSBet/h)

155 itertime 0.000 total 0.012
 current -0.005537791,0.135099769 (32.390494502 mSBet/h)

156 itertime 0.000 total 0.012
 current -0.030914577,0.127501056 (24.146619807 mSBet/h)
 average -0.080665003,0.091264215 (2.649802973 mSBet/h)

157 itertime 0.000 total 0.013
 current -0.021099135,0.123521621 (25.605621430 mSBet/h)

158 itertime 0.000 total 0.013
 current -0.032804580,0.129609113 (24.201133295 mSBet/h)

159 itertime 0.000 total 0.013
 current -0.027130731,0.130341782 (25.802762725 mSBet/h)

160 itertime 0.000 total 0.013
 current -0.018138020,0.187738717 (42.400174167 mSBet/h)

161 itertime 0.000 total 0.013
 current -0.027823729,0.125407250 (24.395880401 mSBet/h)
 average -0.080655406,0.090402883 (2.436869329 mSBet/h)

162 itertime 0.000 total 0.013
 current -0.025621422,0.121224656 (23.900808427 mSBet/h)

163 itertime 0.000 total 0.013
 current -0.030225323,0.158768129 (32.135701520 mSBet/h)

164 itertime 0.000 total 0.013
 current -0.010399627,0.129522221 (29.780648450 mSBet/h)

165 itertime 0.000 total 0.013
 current -0.011900870,0.140966900 (32.266507289 mSBet/h)

166 itertime 0.000 total 0.013
 current -0.016794973,0.133549257 (29.188571146 mSBet/h)
 average -0.080918222,0.090610617 (2.423098766 mSBet/h)

167 itertime 0.000 total 0.013
 current -0.016286799,0.136712228 (30.106357161 mSBet/h)

168 itertime 0.000 total 0.013
 current -0.014219364,0.119462013 (26.310662169 mSBet/h)

169 itertime 0.000 total 0.013
 current -0.011174339,0.126850501 (28.919040359 mSBet/h)

170 itertime 0.000 total 0.014
 current -0.008228008,0.143010535 (33.695631710 mSBet/h)

171 itertime 0.000 total 0.014
 current -0.008335002,0.131586526 (30.812880926 mSBet/h)
 average -0.081448322,0.090279571 (2.207812228 mSBet/h)

172 itertime 0.000 total 0.014
 current -0.029088236,0.146648691 (29.390113598 mSBet/h)

173 itertime 0.000 total 0.014
 current -0.030014722,0.137416712 (26.850497340 mSBet/h)

174 itertime 0.000 total 0.014
 current -0.002311112,0.141531114 (34.805000589 mSBet/h)

175 itertime 0.000 total 0.014
 current -0.036989199,0.163531061 (31.635465455 mSBet/h)

176 itertime 0.000 total 0.014
 current -0.037085132,0.127106853 (22.505430359 mSBet/h)
 average -0.081209159,0.089928885 (2.179931587 mSBet/h)

177 itertime 0.000 total 0.014
 current 0.002767246,0.129313105 (33.020087884 mSBet/h)

178 itertime 0.000 total 0.014
 current -0.035486683,0.132608732 (24.280512393 mSBet/h)

179 itertime 0.000 total 0.014
 current 0.002192544,0.149926323 (38.029716764 mSBet/h)

180 itertime 0.000 total 0.014
 current 0.035035709,0.137650560 (43.171567240 mSBet/h)

181 itertime 0.000 total 0.014
 current -0.038329200,0.144090923 (26.440430693 mSBet/h)
 average -0.081789686,0.089770071 (1.995096059 mSBet/h)

182 itertime 0.000 total 0.014
 current -0.035798482,0.140201168 (26.100671474 mSBet/h)

183 itertime 0.000 total 0.015
 current -0.001653436,0.129688973 (32.008884357 mSBet/h)

184 itertime 0.000 total 0.015
 current -0.025361667,0.156523492 (32.790456289 mSBet/h)

185 itertime 0.000 total 0.015
 current -0.016092737,0.134390951 (29.574553429 mSBet/h)

186 itertime 0.000 total 0.015
 current -0.018627866,0.139054187 (30.106580274 mSBet/h)
 average -0.081129657,0.089793616 (2.165989823 mSBet/h)

187 itertime 0.000 total 0.015
 current -0.032194789,0.144273400 (28.019652717 mSBet/h)

188 itertime 0.000 total 0.015
 current -0.038570234,0.146595212 (27.006244419 mSBet/h)

189 itertime 0.000 total 0.015
 current -0.012373473,0.127132436 (28.689740871 mSBet/h)

190 itertime 0.000 total 0.015
 current -0.001795283,0.164796514 (40.750307929 mSBet/h)

191 itertime 0.000 total 0.015
 current 0.018569180,0.132949651 (37.879707736 mSBet/h)
 average -0.081772484,0.089987932 (2.053862007 mSBet/h)

192 itertime 0.000 total 0.015
 current 0.008656080,0.134300115 (35.739048874 mSBet/h)

193 itertime 0.000 total 0.015
 current -0.027422414,0.143888654 (29.116560144 mSBet/h)

194 itertime 0.000 total 0.015
 current -0.007300118,0.128722337 (30.355554604 mSBet/h)

195 itertime 0.000 total 0.015
 current -0.027990887,0.126799520 (24.702158192 mSBet/h)

196 itertime 0.000 total 0.016
 current 0.001008113,0.135606026 (34.153534785 mSBet/h)
 average -0.082066532,0.090094562 (2.007007650 mSBet/h)

197 itertime 0.000 total 0.016
 current -0.032718233,0.149272622 (29.138597170 mSBet/h)

198 itertime 0.000 total 0.016
 current -0.035545431,0.118114759 (20.642331813 mSBet/h)

199 itertime 0.000 total 0.016
 current -0.027448887,0.141894933 (28.611511695 mSBet/h)

200 itertime 0.000 total 0.016
 current -0.037561557,0.131949761 (23.597050901 mSBet/h)

201 itertime 0.000 total 0.016
 current -0.015074480,0.125898119 (27.705909736 mSBet/h)
 average -0.082355132,0.090165384 (1.952563190 mSBet/h)

202 itertime 0.000 total 0.016
 current -0.023816575,0.136851132 (28.258639334 mSBet/h)

203 itertime 0.000 total 0.016
 current 0.002823599,0.128701786 (32.881346158 mSBet/h)

204 itertime 0.000 total 0.016
 current -0.006212253,0.125111509 (29.724813956 mSBet/h)

205 itertime 0.000 total 0.016
 current 0.014364624,0.146880326 (40.311237327 mSBet/h)

206 itertime 0.000 total 0.016
 current 0.001581978,0.156315076 (39.474263611 mSBet/h)
 average -0.082491970,0.089824976 (1.833251513 mSBet/h)

207 itertime 0.000 total 0.017
 current -0.033330419,0.127387253 (23.514208666 mSBet/h)

208 itertime 0.000 total 0.017
 current -0.032799291,0.148835227 (29.008984073 mSBet/h)

209 itertime 0.000 total 0.017
 current 0.000790432,0.134474612 (33.816261081 mSBet/h)

210 itertime 0.000 total 0.017
 current -0.024600793,0.150466187 (31.466348514 mSBet/h)

211 itertime 0.000 total 0.017
 current -0.005069929,0.149633762 (36.140958403 mSBet/h)
 average -0.082236468,0.090062353 (1.956471249 mSBet/h)

212 itertime 0.000 total 0.017
 current -0.022597925,0.134388736 (27.947702755 mSBet/h)

213 itertime 0.000 total 0.017
 current -0.059882440,0.142984806 (20.775591483 mSBet/h)

214 itertime 0.000 total 0.017
 current -0.053147915,0.141830859 (22.170735916 mSBet/h)

215 itertime 0.000 total 0.017
 current -0.040083602,0.136117079 (24.008369396 mSBet/h)

216 itertime 0.000 total 0.017
 current -0.026558215,0.114716367 (22.039538119 mSBet/h)
 average -0.082705394,0.089611348 (1.726488620 mSBet/h)

217 itertime 0.000 total 0.017
 current -0.032533799,0.120433313 (21.974878487 mSBet/h)

218 itertime 0.000 total 0.017
 current -0.044179496,0.147280832 (25.775333932 mSBet/h)

219 itertime 0.000 total 0.017
 current -0.033120127,0.115382919 (20.565697887 mSBet/h)

220 itertime 0.000 total 0.018
 current -0.032404674,0.133753334 (25.337164883 mSBet/h)

221 itertime 0.000 total 0.018
 current -0.049842001,0.121625065 (17.945765904 mSBet/h)
 average -0.082663393,0.089670863 (1.751867523 mSBet/h)

222 itertime 0.000 total 0.018
 current -0.022469250,0.136641840 (28.543147613 mSBet/h)

223 itertime 0.000 total 0.018
 current -0.052363592,0.150445417 (24.520456215 mSBet/h)

224 itertime 0.000 total 0.018
 current -0.056791869,0.134332653 (19.385196050 mSBet/h)

225 itertime 0.000 total 0.018
 current -0.000939947,0.142539389 (35.399860554 mSBet/h)

226 itertime 0.000 total 0.018
 current -0.026325071,0.134379743 (27.013667949 mSBet/h)
 average -0.082957482,0.089512899 (1.638854272 mSBet/h)

227 itertime 0.000 total 0.018
 current -0.032806965,0.125929779 (23.280703405 mSBet/h)

228 itertime 0.000 total 0.018
 current -0.021520783,0.129561052 (27.010067198 mSBet/h)

229 itertime 0.000 total 0.018
 current -0.021421084,0.109265686 (21.961150291 mSBet/h)

230 itertime 0.000 total 0.018
 current -0.029155859,0.110839732 (20.420968283 mSBet/h)

231 itertime 0.000 total 0.018
 current -0.015104209,0.116214540 (25.277582859 mSBet/h)
 average -0.082838830,0.089353771 (1.628735331 mSBet/h)

232 itertime 0.000 total 0.018
 current -0.052326205,0.124603372 (18.069291854 mSBet/h)

233 itertime 0.000 total 0.019
 current -0.038241983,0.118197564 (19.988895331 mSBet/h)

234 itertime 0.000 total 0.019
 current -0.042822904,0.136562947 (23.435010710 mSBet/h)

235 itertime 0.000 total 0.019
 current -0.030248479,0.127003449 (24.188742513 mSBet/h)

236 itertime 0.000 total 0.019
 current -0.046084651,0.139619215 (23.383641065 mSBet/h)
 average -0.083081392,0.089195452 (1.528514984 mSBet/h)

237 itertime 0.000 total 0.019
 current -0.030793727,0.118723604 (21.982469343 mSBet/h)

238 itertime 0.000 total 0.019
 current -0.025968245,0.134877116 (27.227217892 mSBet/h)

239 itertime 0.000 total 0.019
 current -0.002396035,0.129983522 (31.896871724 mSBet/h)

240 itertime 0.000 total 0.019
 current 0.007320774,0.158484425 (41.451299802 mSBet/h)

241 itertime 0.000 total 0.019
 current -0.035469172,0.127076226 (22.901763657 mSBet/h)
 average -0.082889841,0.088984638 (1.523699189 mSBet/h)

242 itertime 0.000 total 0.019
 current -0.015616566,0.144323889 (32.176830858 mSBet/h)

243 itertime 0.000 total 0.019
 current 0.037002585,0.127211742 (41.053581882 mSBet/h)

244 itertime 0.000 total 0.019
 current -0.031618494,0.167323613 (33.926279692 mSBet/h)

245 itertime 0.000 total 0.020
 current -0.043397087,0.120792809 (19.348930415 mSBet/h)

246 itertime 0.000 total 0.020
 current -0.007935716,0.161920320 (38.496150994 mSBet/h)
 average -0.083061666,0.088875163 (1.453374217 mSBet/h)

247 itertime 0.000 total 0.020
 current -0.033820392,0.143415496 (27.398775889 mSBet/h)

248 itertime 0.000 total 0.020
 current -0.025387344,0.149609289 (31.055486274 mSBet/h)

249 itertime 0.000 total 0.020
 current 0.034329000,0.147942372 (45.567843106 mSBet/h)

250 itertime 0.000 total 0.020
 current -0.033118933,0.153297757 (30.044705967 mSBet/h)

251 itertime 0.000 total 0.020
 current -0.044352697,0.134197464 (22.461191712 mSBet/h)
 average -0.083186209,0.088179305 (1.248273970 mSBet/h)

252 itertime 0.000 total 0.020
 current -0.012431538,0.143337374 (32.726459179 mSBet/h)

253 itertime 0.000 total 0.020
 current -0.023861259,0.149956328 (31.523767087 mSBet/h)

254 itertime 0.000 total 0.020
 current -0.039538414,0.138779763 (24.810337168 mSBet/h)

255 itertime 0.000 total 0.020
 current 0.033052155,0.140333931 (43.346521522 mSBet/h)

256 itertime 0.000 total 0.020
 current -0.008624509,0.145625735 (34.250306670 mSBet/h)
 average -0.083456226,0.088115254 (1.164756798 mSBet/h)

257 itertime 0.000 total 0.021
 current -0.036891109,0.116855856 (19.991186734 mSBet/h)

258 itertime 0.000 total 0.021
 current -0.016707430,0.127360827 (27.663349368 mSBet/h)

259 itertime 0.000 total 0.021
 current -0.055108660,0.123280265 (17.042901164 mSBet/h)

260 itertime 0.000 total 0.021
 current -0.042004434,0.123421505 (20.354267786 mSBet/h)

261 itertime 0.000 total 0.021
 current -0.025097664,0.129746106 (26.162110347 mSBet/h)
 average -0.083487480,0.088102807 (1.153831960 mSBet/h)

262 itertime 0.000 total 0.021
 current -0.026815205,0.121362590 (23.636846219 mSBet/h)

263 itertime 0.000 total 0.021
 current -0.016244731,0.170429079 (38.546086833 mSBet/h)

264 itertime 0.000 total 0.021
 current -0.039473794,0.136836760 (24.340741700 mSBet/h)

265 itertime 0.000 total 0.021
 current -0.022619731,0.109915351 (21.823905092 mSBet/h)

266 itertime 0.000 total 0.021
 current -0.033378711,0.141671523 (27.073202985 mSBet/h)
 average -0.083476018,0.088318735 (1.210679155 mSBet/h)

267 itertime 0.000 total 0.021
 current -0.048797587,0.112605556 (15.951992204 mSBet/h)

268 itertime 0.000 total 0.021
 current -0.021116189,0.119037289 (24.480274974 mSBet/h)

269 itertime 0.000 total 0.021
 current -0.048731831,0.135175584 (21.610938133 mSBet/h)

270 itertime 0.000 total 0.021
 current -0.045059651,0.122681940 (19.405572131 mSBet/h)

271 itertime 0.000 total 0.022
 current -0.010811547,0.133867971 (30.764106198 mSBet/h)
 average -0.083534721,0.088334284 (1.199890754 mSBet/h)

272 itertime 0.000 total 0.022
 current -0.031072843,0.137744222 (26.667844659 mSBet/h)

273 itertime 0.000 total 0.022
 current -0.020887861,0.126193297 (26.326359012 mSBet/h)

274 itertime 0.000 total 0.022
 current -0.002863362,0.129911652 (31.762072338 mSBet/h)

275 itertime 0.000 total 0.022
 current -0.012478170,0.131543085 (29.766228932 mSBet/h)

276 itertime 0.000 total 0.022
 current -0.032530128,0.107756753 (18.806656282 mSBet/h)
 average -0.083639642,0.088082885 (1.110810758 mSBet/h)

277 itertime 0.000 total 0.022
 current 0.002345904,0.128267934 (32.653459404 mSBet/h)

278 itertime 0.000 total 0.022
 current -0.053521974,0.133547727 (20.006438036 mSBet/h)

279 itertime 0.000 total 0.022
 current -0.050721696,0.129481129 (19.689858229 mSBet/h)

280 itertime 0.000 total 0.022
 current -0.020205188,0.128048159 (26.960742870 mSBet/h)

281 itertime 0.000 total 0.022
 current -0.051169777,0.135649780 (21.120000861 mSBet/h)
 average -0.083584682,0.087996361 (1.102919638 mSBet/h)

282 itertime 0.000 total 0.022
 current -0.044207769,0.129039122 (21.207838336 mSBet/h)

283 itertime 0.000 total 0.022
 current -0.020523454,0.131897374 (27.843479989 mSBet/h)

284 itertime 0.000 total 0.023
 current -0.029465575,0.131771515 (25.576485072 mSBet/h)

285 itertime 0.000 total 0.023
 current -0.011541269,0.123816094 (28.068706230 mSBet/h)

286 itertime 0.000 total 0.023
 current -0.020531321,0.147980560 (31.862309850 mSBet/h)
 average -0.083372918,0.087960988 (1.147017568 mSBet/h)

287 itertime 0.000 total 0.023
 current -0.045490600,0.113569724 (17.019780955 mSBet/h)

288 itertime 0.000 total 0.023
 current -0.033563302,0.130801552 (24.309562431 mSBet/h)

289 itertime 0.000 total 0.023
 current -0.025340316,0.143581790 (29.560368598 mSBet/h)

290 itertime 0.000 total 0.023
 current -0.011813462,0.132277362 (30.115974861 mSBet/h)

291 itertime 0.000 total 0.023
 current -0.021539071,0.128722988 (26.795979351 mSBet/h)
 average -0.083456599,0.088029075 (1.143118807 mSBet/h)

292 itertime 0.000 total 0.023
 current -0.034864672,0.140505294 (26.410155447 mSBet/h)

293 itertime 0.000 total 0.023
 current -0.023243744,0.127538181 (26.073609306 mSBet/h)

294 itertime 0.000 total 0.023
 current -0.017417654,0.140104551 (30.671724330 mSBet/h)

295 itertime 0.000 total 0.023
 current -0.051679297,0.126579057 (18.724939959 mSBet/h)

296 itertime 0.000 total 0.024
 current -0.003125033,0.125462759 (30.584431610 mSBet/h)
 average -0.083716995,0.088007575 (1.072645225 mSBet/h)

297 itertime 0.000 total 0.024
 current -0.038727360,0.162105856 (30.844623845 mSBet/h)

298 itertime 0.000 total 0.024
 current -0.048270790,0.118185894 (17.478776172 mSBet/h)

299 itertime 0.000 total 0.024
 current -0.013394281,0.131756425 (29.590536034 mSBet/h)

300 itertime 0.000 total 0.024
 current -0.049758935,0.121199462 (17.860131874 mSBet/h)

301 itertime 0.000 total 0.024
 current -0.019179681,0.126693993 (26.878577989 mSBet/h)
 average -0.083587127,0.088158136 (1.142752192 mSBet/h)

302 itertime 0.000 total 0.024
 current -0.031410180,0.130210902 (24.700180662 mSBet/h)

303 itertime 0.000 total 0.024
 current -0.045317632,0.119952905 (18.658818235 mSBet/h)

304 itertime 0.000 total 0.024
 current -0.041417967,0.140460197 (24.760557517 mSBet/h)

305 itertime 0.000 total 0.024
 current -0.041740654,0.122487988 (20.186833476 mSBet/h)

306 itertime 0.000 total 0.024
 current -0.005345372,0.131379721 (31.508587204 mSBet/h)
 average -0.083429223,0.088292513 (1.215822480 mSBet/h)

307 itertime 0.000 total 0.024
 current -0.042350365,0.134497078 (23.036678052 mSBet/h)

308 itertime 0.000 total 0.024
 current -0.024379234,0.135340363 (27.740282453 mSBet/h)

309 itertime 0.000 total 0.025
 current -0.025368747,0.127661012 (25.573066031 mSBet/h)

310 itertime 0.000 total 0.025
 current -0.039438923,0.129788881 (22.587489498 mSBet/h)

311 itertime 0.000 total 0.025
 current -0.027754717,0.135425256 (26.917634790 mSBet/h)
 average -0.083714130,0.088363146 (1.162253843 mSBet/h)

312 itertime 0.000 total 0.025
 current -0.011490126,0.127822144 (29.083004536 mSBet/h)

313 itertime 0.000 total 0.025
 current -0.035181359,0.119998869 (21.204377484 mSBet/h)

314 itertime 0.000 total 0.025
 current -0.041367354,0.127116560 (21.437301344 mSBet/h)

315 itertime 0.000 total 0.025
 current -0.008844352,0.128454740 (29.902596839 mSBet/h)

316 itertime 0.000 total 0.025
 current -0.036250006,0.119890916 (20.910227445 mSBet/h)
 average -0.083982269,0.088437990 (1.113930308 mSBet/h)

317 itertime 0.000 total 0.025
 current -0.018005965,0.138093021 (30.021764128 mSBet/h)

318 itertime 0.000 total 0.025
 current -0.034896769,0.149267201 (28.592608193 mSBet/h)

319 itertime 0.000 total 0.025
 current -0.009490509,0.138433287 (32.235694336 mSBet/h)

320 itertime 0.000 total 0.025
 current -0.019527182,0.148233071 (32.176472354 mSBet/h)

321 itertime 0.000 total 0.025
 current -0.025155734,0.131883178 (26.681861103 mSBet/h)
 average -0.083834176,0.088326922 (1.123186573 mSBet/h)

322 itertime 0.000 total 0.026
 current 0.010322800,0.142665844 (38.247160984 mSBet/h)

323 itertime 0.000 total 0.026
 current -0.022333640,0.134257946 (27.981076520 mSBet/h)

324 itertime 0.000 total 0.026
 current -0.023718796,0.123528822 (24.952506540 mSBet/h)

325 itertime 0.000 total 0.026
 current -0.017327794,0.121353305 (26.006377829 mSBet/h)

326 itertime 0.000 total 0.026
 current -0.034241044,0.133790387 (24.887335635 mSBet/h)
 average -0.083975462,0.088287036 (1.077893419 mSBet/h)

327 itertime 0.000 total 0.026
 current -0.046231377,0.111808457 (16.394270067 mSBet/h)

328 itertime 0.000 total 0.026
 current -0.052822494,0.133612312 (20.197454474 mSBet/h)

329 itertime 0.000 total 0.026
 current -0.049525234,0.107692038 (14.541701003 mSBet/h)

330 itertime 0.000 total 0.026
 current -0.045607544,0.130473448 (21.216475931 mSBet/h)

331 itertime 0.000 total 0.026
 current -0.047920794,0.113945409 (16.506153613 mSBet/h)
 average -0.084004451,0.088136387 (1.032984140 mSBet/h)

332 itertime 0.000 total 0.026
 current -0.039583575,0.127879969 (22.074098396 mSBet/h)

333 itertime 0.000 total 0.026
 current -0.047358995,0.150501366 (25.785592805 mSBet/h)

334 itertime 0.000 total 0.026
 current -0.043620405,0.123728936 (20.027132579 mSBet/h)

335 itertime 0.000 total 0.026
 current -0.023539508,0.131236026 (26.924129326 mSBet/h)

336 itertime 0.000 total 0.027
 current -0.040030183,0.121792018 (20.440458694 mSBet/h)
 average -0.084005195,0.088294192 (1.072249464 mSBet/h)

337 itertime 0.000 total 0.027
 current -0.029789681,0.120312392 (22.630677724 mSBet/h)

338 itertime 0.000 total 0.027
 current -0.028260688,0.114624918 (21.591057469 mSBet/h)

339 itertime 0.000 total 0.027
 current -0.044100659,0.114445923 (17.586315948 mSBet/h)

340 itertime 0.000 total 0.027
 current -0.034468973,0.131298869 (24.207473923 mSBet/h)

341 itertime 0.000 total 0.027
 current -0.019250684,0.113269719 (23.504758940 mSBet/h)
 average -0.083858893,0.088057352 (1.049614631 mSBet/h)

342 itertime 0.000 total 0.027
 current -0.040744650,0.124785741 (21.010272696 mSBet/h)

343 itertime 0.000 total 0.027
 current -0.029445249,0.140933722 (27.872118092 mSBet/h)

344 itertime 0.000 total 0.027
 current -0.052779547,0.133865758 (20.271552563 mSBet/h)

345 itertime 0.000 total 0.027
 current -0.045490102,0.123369887 (19.469946161 mSBet/h)

346 itertime 0.000 total 0.027
 current -0.029459679,0.139337460 (27.469445251 mSBet/h)
 average -0.084082279,0.088077946 (0.998916775 mSBet/h)

347 itertime 0.000 total 0.027
 current -0.011246710,0.107297626 (24.012728994 mSBet/h)

348 itertime 0.000 total 0.028
 current -0.021013039,0.112555245 (22.885551481 mSBet/h)

349 itertime 0.000 total 0.028
 current -0.033036879,0.111161348 (19.531117127 mSBet/h)

350 itertime 0.000 total 0.028
 current -0.052132527,0.112877186 (15.186164692 mSBet/h)

351 itertime 0.000 total 0.028
 current -0.015973260,0.123540255 (26.891748768 mSBet/h)
 average -0.084065382,0.087907979 (0.960649203 mSBet/h)

352 itertime 0.000 total 0.028
 current -0.043899705,0.125040651 (20.285236546 mSBet/h)

353 itertime 0.000 total 0.028
 current -0.031929423,0.127194526 (23.816275919 mSBet/h)

354 itertime 0.000 total 0.028
 current -0.037461155,0.120772564 (20.827852268 mSBet/h)

355 itertime 0.000 total 0.028
 current -0.044230127,0.125289353 (20.264806549 mSBet/h)

356 itertime 0.000 total 0.028
 current -0.024573378,0.121911354 (24.334493945 mSBet/h)
 average -0.083919204,0.087786414 (0.966802356 mSBet/h)

357 itertime 0.000 total 0.028
 current -0.024104357,0.123251866 (24.786877106 mSBet/h)

358 itertime 0.000 total 0.028
 current -0.044879229,0.125364253 (20.121256024 mSBet/h)

359 itertime 0.000 total 0.028
 current -0.037564411,0.130909591 (23.336294905 mSBet/h)

360 itertime 0.000 total 0.028
 current -0.052653133,0.126246054 (18.398230333 mSBet/h)

361 itertime 0.000 total 0.029
 current -0.045226879,0.117853410 (18.156632629 mSBet/h)
 average -0.084028935,0.087500485 (0.867887316 mSBet/h)

362 itertime 0.000 total 0.029
 current -0.033314655,0.139043820 (26.432291249 mSBet/h)

363 itertime 0.000 total 0.029
 current -0.038140569,0.116059418 (19.479712152 mSBet/h)

364 itertime 0.000 total 0.029
 current -0.053328731,0.137974641 (21.161477496 mSBet/h)

365 itertime 0.000 total 0.029
 current -0.047812273,0.124275488 (19.115803958 mSBet/h)

366 itertime 0.000 total 0.029
 current -0.042182133,0.136506388 (23.581063784 mSBet/h)
 average -0.083944531,0.087573893 (0.907340463 mSBet/h)

367 itertime 0.000 total 0.029
 current -0.053063410,0.123473144 (17.602433395 mSBet/h)

368 itertime 0.000 total 0.029
 current -0.041437437,0.117702349 (19.066228123 mSBet/h)

369 itertime 0.000 total 0.029
 current -0.048697283,0.132385565 (20.922070500 mSBet/h)

370 itertime 0.000 total 0.029
 current -0.050000057,0.107035132 (14.258768944 mSBet/h)

371 itertime 0.000 total 0.029
 current -0.045584793,0.111328437 (16.435910936 mSBet/h)
 average -0.084098750,0.087613561 (0.878702821 mSBet/h)

372 itertime 0.000 total 0.029
 current -0.052914891,0.117390194 (16.118825662 mSBet/h)

373 itertime 0.000 total 0.029
 current -0.050957689,0.105134207 (13.544129549 mSBet/h)

374 itertime 0.000 total 0.030
 current -0.041988697,0.107976628 (16.496982796 mSBet/h)

375 itertime 0.000 total 0.030
 current -0.044700337,0.125073673 (20.093333940 mSBet/h)

376 itertime 0.000 total 0.030
 current -0.055951244,0.116806040 (15.213698795 mSBet/h)
 average -0.084041746,0.087560428 (0.879670519 mSBet/h)

377 itertime 0.000 total 0.030
 current -0.046825444,0.122534606 (18.927290483 mSBet/h)

378 itertime 0.000 total 0.030
 current -0.039581514,0.112954150 (18.343158845 mSBet/h)

379 itertime 0.000 total 0.030
 current -0.042481682,0.125408572 (20.731722520 mSBet/h)

380 itertime 0.000 total 0.030
 current -0.036566012,0.117737351 (20.292834542 mSBet/h)

381 itertime 0.000 total 0.030
 current -0.029569740,0.106498584 (19.232210967 mSBet/h)
 average -0.084144459,0.087566537 (0.855519657 mSBet/h)

382 itertime 0.000 total 0.030
 current -0.025620950,0.111205805 (21.396213974 mSBet/h)

383 itertime 0.000 total 0.030
 current -0.039895657,0.113562738 (18.416770283 mSBet/h)

384 itertime 0.000 total 0.030
 current -0.034156148,0.128218432 (23.515571015 mSBet/h)

385 itertime 0.000 total 0.030
 current -0.065219872,0.118094449 (13.218644217 mSBet/h)

386 itertime 0.000 total 0.031
 current -0.042582360,0.120761039 (19.544669791 mSBet/h)
 average -0.084082125,0.087668022 (0.896474242 mSBet/h)

387 itertime 0.000 total 0.031
 current -0.041257178,0.130573101 (22.328980672 mSBet/h)

388 itertime 0.000 total 0.031
 current -0.039092134,0.129508045 (22.603977733 mSBet/h)

389 itertime 0.000 total 0.031
 current -0.058656852,0.138115124 (19.864568083 mSBet/h)

390 itertime 0.000 total 0.031
 current -0.038467469,0.116113356 (19.411471798 mSBet/h)

391 itertime 0.000 total 0.031
 current -0.036620600,0.128931932 (23.077833153 mSBet/h)
 average -0.084110443,0.087776376 (0.916483146 mSBet/h)

392 itertime 0.000 total 0.031
 current -0.043406900,0.130540864 (21.783491047 mSBet/h)

393 itertime 0.000 total 0.031
 current -0.040471341,0.115631144 (18.789950611 mSBet/h)

394 itertime 0.000 total 0.031
 current -0.026812211,0.152694253 (31.470510559 mSBet/h)

395 itertime 0.000 total 0.031
 current -0.025098155,0.115571066 (22.618227560 mSBet/h)

396 itertime 0.000 total 0.031
 current -0.047339437,0.123491525 (19.038021967 mSBet/h)
 average -0.084088735,0.087634914 (0.886544684 mSBet/h)

397 itertime 0.000 total 0.031
 current -0.007276821,0.136331441 (32.263655074 mSBet/h)

398 itertime 0.000 total 0.031
 current -0.036510583,0.125893634 (22.345762699 mSBet/h)

399 itertime 0.000 total 0.032
 current -0.045274639,0.129153951 (20.969828151 mSBet/h)

400 itertime 0.000 total 0.032
 current -0.046936102,0.137497861 (22.640439781 mSBet/h)

401 itertime 0.000 total 0.032
 current -0.033802712,0.144109969 (27.576814390 mSBet/h)
 average -0.084136320,0.087561948 (0.856406986 mSBet/h)

402 itertime 0.000 total 0.032
 current -0.043315817,0.121959747 (19.660982673 mSBet/h)

403 itertime 0.000 total 0.032
 current -0.040575857,0.115465600 (18.722435562 mSBet/h)

404 itertime 0.000 total 0.032
 current -0.038848474,0.131730235 (23.220440335 mSBet/h)

405 itertime 0.000 total 0.032
 current -0.033388532,0.138115695 (26.181790756 mSBet/h)

406 itertime 0.000 total 0.032
 current -0.053482254,0.126225634 (18.185844930 mSBet/h)
 average -0.084089289,0.087650922 (0.890408226 mSBet/h)

407 itertime 0.000 total 0.032
 current -0.029997333,0.136105093 (26.526939980 mSBet/h)

408 itertime 0.000 total 0.032
 current -0.045341076,0.120851298 (18.877555506 mSBet/h)

409 itertime 0.000 total 0.032
 current -0.006423815,0.145828415 (34.851149881 mSBet/h)

410 itertime 0.000 total 0.032
 current -0.034124928,0.134038598 (24.978417510 mSBet/h)

411 itertime 0.000 total 0.033
 current -0.050954416,0.138693167 (21.934687664 mSBet/h)
 average -0.084196788,0.087738651 (0.885465861 mSBet/h)

412 itertime 0.000 total 0.033
 current -0.035902371,0.132273718 (24.092836703 mSBet/h)

413 itertime 0.000 total 0.033
 current -0.054038229,0.114676958 (15.159682357 mSBet/h)

414 itertime 0.000 total 0.033
 current -0.041689229,0.106815279 (16.281512275 mSBet/h)

415 itertime 0.000 total 0.033
 current -0.040238156,0.113603382 (18.341306487 mSBet/h)

416 itertime 0.000 total 0.033
 current -0.007803701,0.108564497 (25.190199087 mSBet/h)
 average -0.084219066,0.087741629 (0.880640806 mSBet/h)

417 itertime 0.000 total 0.033
 current -0.014926876,0.125914669 (27.746948313 mSBet/h)

418 itertime 0.000 total 0.033
 current -0.045550015,0.127056194 (20.376544782 mSBet/h)

419 itertime 0.000 total 0.033
 current -0.042482508,0.115897226 (18.353679652 mSBet/h)

420 itertime 0.000 total 0.033
 current -0.045348450,0.133886206 (22.134438965 mSBet/h)

421 itertime 0.000 total 0.033
 current -0.049037654,0.121768855 (18.182800292 mSBet/h)
 average -0.084076093,0.087803652 (0.931889553 mSBet/h)

422 itertime 0.000 total 0.033
 current -0.028314088,0.117376875 (22.265696942 mSBet/h)

423 itertime 0.000 total 0.033
 current -0.025767458,0.128260603 (25.623286260 mSBet/h)

424 itertime 0.000 total 0.033
 current -0.038144263,0.121529551 (20.846322099 mSBet/h)

425 itertime 0.000 total 0.034
 current -0.005578388,0.125850100 (30.067928149 mSBet/h)

426 itertime 0.000 total 0.034
 current -0.059891369,0.132352512 (18.115285799 mSBet/h)
 average -0.084208026,0.087819841 (0.902953809 mSBet/h)

427 itertime 0.000 total 0.034
 current -0.021598512,0.127139216 (26.385175849 mSBet/h)

428 itertime 0.000 total 0.034
 current -0.004801296,0.132248821 (31.861881211 mSBet/h)

429 itertime 0.000 total 0.034
 current -0.043769747,0.122313263 (19.635879029 mSBet/h)

430 itertime 0.000 total 0.034
 current -0.005963389,0.154994928 (37.257884717 mSBet/h)

431 itertime 0.000 total 0.034
 current -0.020275631,0.120671669 (25.099009461 mSBet/h)
 average -0.084212227,0.087917822 (0.926398815 mSBet/h)

432 itertime 0.000 total 0.034
 current -0.018193034,0.104335943 (21.535727277 mSBet/h)

433 itertime 0.000 total 0.034
 current -0.036668767,0.130995365 (23.581649502 mSBet/h)

434 itertime 0.000 total 0.034
 current -0.050513276,0.120781977 (17.567175116 mSBet/h)

435 itertime 0.000 total 0.034
 current -0.029416149,0.119803858 (22.596927279 mSBet/h)

436 itertime 0.000 total 0.034
 current -0.040711005,0.156892082 (29.045269367 mSBet/h)
 average -0.084192959,0.087921232 (0.932068310 mSBet/h)

437 itertime 0.000 total 0.035
 current -0.053553463,0.121786414 (17.058237665 mSBet/h)

438 itertime 0.000 total 0.035
 current -0.002195154,0.132231642 (32.509121937 mSBet/h)

439 itertime 0.000 total 0.035
 current -0.034486792,0.143347302 (27.215127489 mSBet/h)

440 itertime 0.000 total 0.035
 current -0.047104981,0.125382818 (19.569459255 mSBet/h)

441 itertime 0.000 total 0.035
 current -0.021214154,0.123860191 (25.661509292 mSBet/h)
 average -0.084157461,0.087876057 (0.929649070 mSBet/h)

442 itertime 0.000 total 0.035
 current -0.032724414,0.147811600 (28.771796388 mSBet/h)

443 itertime 0.000 total 0.035
 current -0.027394660,0.107667335 (20.068168831 mSBet/h)

444 itertime 0.000 total 0.035
 current 0.014912623,0.131464947 (36.594392515 mSBet/h)

445 itertime 0.000 total 0.035
 current -0.046872416,0.132910022 (21.509401417 mSBet/h)

446 itertime 0.000 total 0.035
 current -0.045462205,0.130549300 (21.271773646 mSBet/h)
 average -0.084136734,0.087755449 (0.904678632 mSBet/h)

447 itertime 0.000 total 0.035
 current -0.035637826,0.140800076 (26.290562488 mSBet/h)

448 itertime 0.000 total 0.035
 current -0.019974343,0.119770239 (24.948973852 mSBet/h)

449 itertime 0.000 total 0.035
 current -0.054323815,0.132284424 (19.490152124 mSBet/h)

450 itertime 0.000 total 0.035
 current -0.051756437,0.112129636 (15.093299889 mSBet/h)

451 itertime 0.000 total 0.036
 current 0.020687920,0.157031175 (44.429773681 mSBet/h)
 average -0.084252232,0.087891832 (0.909899809 mSBet/h)

452 itertime 0.000 total 0.036
 current -0.040488718,0.124698152 (21.052358362 mSBet/h)

453 itertime 0.000 total 0.036
 current -0.035446630,0.117882884 (20.609063344 mSBet/h)

454 itertime 0.000 total 0.036
 current -0.019753279,0.144434608 (31.170332283 mSBet/h)

455 itertime 0.000 total 0.036
 current -0.022812960,0.115742524 (23.232391018 mSBet/h)

456 itertime 0.000 total 0.036
 current -0.007296047,0.128250068 (30.238505251 mSBet/h)
 average -0.084188261,0.087796481 (0.902055018 mSBet/h)

457 itertime 0.000 total 0.036
 current -0.040625877,0.153890728 (28.316212780 mSBet/h)

458 itertime 0.000 total 0.036
 current -0.032940810,0.115105798 (20.541246882 mSBet/h)

459 itertime 0.000 total 0.036
 current -0.063499257,0.126292252 (15.698248700 mSBet/h)

460 itertime 0.000 total 0.036
 current -0.051981285,0.123517509 (17.884056040 mSBet/h)

461 itertime 0.000 total 0.036
 current -0.032296802,0.121053411 (22.189152243 mSBet/h)
 average -0.084261407,0.087786201 (0.881198531 mSBet/h)

462 itertime 0.000 total 0.036
 current -0.055079899,0.138128859 (20.762240103 mSBet/h)

463 itertime 0.000 total 0.037
 current -0.050850284,0.128805516 (19.488807951 mSBet/h)

464 itertime 0.000 total 0.037
 current -0.012758442,0.144745079 (32.996659455 mSBet/h)

465 itertime 0.000 total 0.037
 current -0.022559218,0.123842435 (25.320804070 mSBet/h)

466 itertime 0.000 total 0.037
 current -0.036633949,0.132549140 (23.978797991 mSBet/h)
 average -0.084197707,0.087467245 (0.817384382 mSBet/h)

467 itertime 0.000 total 0.037
 current -0.056278509,0.127629734 (17.837806479 mSBet/h)

468 itertime 0.000 total 0.037
 current -0.055802264,0.111718829 (13.979141218 mSBet/h)

469 itertime 0.000 total 0.037
 current -0.058362398,0.113682981 (13.830145662 mSBet/h)

470 itertime 0.000 total 0.037
 current -0.044455657,0.106911387 (15.613932568 mSBet/h)

471 itertime 0.000 total 0.037
 current -0.042516504,0.118591935 (19.018857752 mSBet/h)
 average -0.084336961,0.087529170 (0.798052169 mSBet/h)

472 itertime 0.000 total 0.037
 current -0.040429567,0.114405164 (18.493899384 mSBet/h)

473 itertime 0.000 total 0.037
 current -0.053429988,0.122793793 (17.340951486 mSBet/h)

474 itertime 0.000 total 0.037
 current -0.063836428,0.115055633 (12.804801342 mSBet/h)

475 itertime 0.000 total 0.037
 current -0.018347913,0.121032949 (25.671258951 mSBet/h)

476 itertime 0.000 total 0.038
 current -0.037633465,0.122737883 (21.276104425 mSBet/h)
 average -0.084365479,0.087495529 (0.782512447 mSBet/h)

477 itertime 0.000 total 0.038
 current -0.050204251,0.121735303 (17.882762945 mSBet/h)

478 itertime 0.000 total 0.038
 current -0.006183251,0.124636549 (29.613324372 mSBet/h)

479 itertime 0.000 total 0.038
 current -0.033871840,0.136698356 (25.706629138 mSBet/h)

480 itertime 0.000 total 0.038
 current -0.032263833,0.126755454 (23.622905175 mSBet/h)

481 itertime 0.000 total 0.038
 current -0.016701205,0.120678777 (25.994393077 mSBet/h)
 average -0.084434252,0.087418348 (0.746023848 mSBet/h)

482 itertime 0.000 total 0.038
 current -0.033531755,0.136475707 (25.735988197 mSBet/h)

483 itertime 0.000 total 0.038
 current -0.010783389,0.117469662 (26.671568233 mSBet/h)

484 itertime 0.000 total 0.038
 current -0.041303861,0.130254866 (22.237751357 mSBet/h)

485 itertime 0.000 total 0.038
 current -0.049825836,0.148881733 (24.763974275 mSBet/h)

486 itertime 0.000 total 0.038
 current -0.041294260,0.121673831 (20.094892613 mSBet/h)
 average -0.084318009,0.087521965 (0.800988997 mSBet/h)

487 itertime 0.000 total 0.038
 current -0.040220552,0.125720310 (21.374939565 mSBet/h)

488 itertime 0.000 total 0.038
 current -0.044285295,0.133136790 (22.212873919 mSBet/h)

489 itertime 0.000 total 0.039
 current -0.046118644,0.136715858 (22.649303521 mSBet/h)

490 itertime 0.000 total 0.039
 current -0.044580470,0.111372380 (16.697977447 mSBet/h)

491 itertime 0.000 total 0.039
 current -0.036892541,0.124948276 (22.013933604 mSBet/h)
 average -0.084482253,0.087546148 (0.765973735 mSBet/h)

492 itertime 0.000 total 0.039
 current -0.053014418,0.136146627 (20.783052351 mSBet/h)

493 itertime 0.000 total 0.039
 current -0.025589096,0.132488937 (26.724960102 mSBet/h)

494 itertime 0.000 total 0.039
 current -0.028435793,0.121472668 (23.259218600 mSBet/h)

495 itertime 0.000 total 0.039
 current -0.031597681,0.116573895 (21.244053545 mSBet/h)

496 itertime 0.000 total 0.039
 current -0.054952340,0.132194285 (19.310486186 mSBet/h)
 average -0.084387855,0.087380945 (0.748272482 mSBet/h)

497 itertime 0.000 total 0.039
 current -0.029220063,0.133768730 (26.137166707 mSBet/h)

498 itertime 0.000 total 0.039
 current -0.000562101,0.131103942 (32.635460362 mSBet/h)

499 itertime 0.000 total 0.039
 current -0.030187833,0.123305412 (23.279394796 mSBet/h)

500 itertime 0.000 total 0.039
 current -0.016814617,0.111052173 (23.559388940 mSBet/h)

501 itertime 0.000 total 0.040
 current -0.000634087,0.129166598 (32.133127568 mSBet/h)
 average -0.084404314,0.087360820 (0.739126452 mSBet/h)

502 itertime 0.000 total 0.040
 current -0.040554989,0.120660977 (20.026497100 mSBet/h)

503 itertime 0.000 total 0.040
 current -0.038489690,0.143265305 (26.193903610 mSBet/h)

504 itertime 0.000 total 0.040
 current -0.022744309,0.127389873 (26.161391023 mSBet/h)

505 itertime 0.000 total 0.040
 current 0.003357177,0.115941642 (29.824704746 mSBet/h)

506 itertime 0.000 total 0.040
 current -0.046824343,0.137430908 (22.651641191 mSBet/h)
 average -0.084408501,0.087498391 (0.772472620 mSBet/h)

507 itertime 0.000 total 0.040
 current -0.046523642,0.126275892 (19.938062542 mSBet/h)

508 itertime 0.000 total 0.040
 current -0.030746940,0.119451519 (22.176144977 mSBet/h)

509 itertime 0.000 total 0.040
 current -0.051529819,0.121118485 (17.397166644 mSBet/h)

510 itertime 0.000 total 0.040
 current -0.032010127,0.122186366 (22.544059813 mSBet/h)

511 itertime 0.000 total 0.040
 current -0.021661479,0.111479319 (22.454459987 mSBet/h)
 average -0.084375983,0.087512101 (0.784029422 mSBet/h)

512 itertime 0.000 total 0.040
 current -0.028487448,0.114041876 (21.388607018 mSBet/h)

513 itertime 0.000 total 0.040
 current -0.021845420,0.121793647 (24.987056893 mSBet/h)

514 itertime 0.000 total 0.041
 current -0.029366456,0.133287896 (25.980360055 mSBet/h)

515 itertime 0.000 total 0.041
 current -0.025735699,0.124787168 (24.762867391 mSBet/h)

516 itertime 0.000 total 0.041
 current -0.011336618,0.137292855 (31.489059081 mSBet/h)
 average -0.084304320,0.087694388 (0.847517183 mSBet/h)

517 itertime 0.000 total 0.041
 current -0.033524881,0.127362783 (23.459475540 mSBet/h)

518 itertime 0.000 total 0.041
 current -0.043324924,0.128921680 (21.399188997 mSBet/h)

519 itertime 0.000 total 0.041
 current -0.045919696,0.140104331 (23.546158774 mSBet/h)

520 itertime 0.000 total 0.041
 current -0.048581865,0.118290340 (17.427118935 mSBet/h)

521 itertime 0.000 total 0.041
 current -0.027565793,0.107161777 (19.898995971 mSBet/h)
 average -0.084284357,0.087573834 (0.822369239 mSBet/h)

522 itertime 0.000 total 0.041
 current -0.029176603,0.109827559 (20.162738873 mSBet/h)

523 itertime 0.000 total 0.041
 current -0.015946472,0.123175520 (26.807261820 mSBet/h)

524 itertime 0.000 total 0.041
 current -0.022505720,0.128360909 (26.463797259 mSBet/h)

525 itertime 0.000 total 0.041
 current -0.020946328,0.131312482 (27.591538505 mSBet/h)

526 itertime 0.000 total 0.042
 current -0.027010773,0.120847708 (23.459233626 mSBet/h)
 average -0.084068935,0.087500534 (0.857899737 mSBet/h)

527 itertime 0.000 total 0.042
 current -0.012901378,0.124731920 (27.957635426 mSBet/h)

528 itertime 0.000 total 0.042
 current -0.025121071,0.129518573 (26.099375543 mSBet/h)

529 itertime 0.000 total 0.042
 current -0.033639046,0.122472175 (22.208282070 mSBet/h)

530 itertime 0.000 total 0.042
 current -0.051063843,0.118750183 (16.921585077 mSBet/h)

531 itertime 0.000 total 0.042
 current -0.035910127,0.105110434 (17.300076593 mSBet/h)
 average -0.084144048,0.087255866 (0.777954319 mSBet/h)

532 itertime 0.000 total 0.042
 current -0.035303424,0.107869263 (18.141459538 mSBet/h)

533 itertime 0.000 total 0.042
 current -0.044339943,0.115562360 (17.805604113 mSBet/h)

534 itertime 0.000 total 0.042
 current -0.053748419,0.121900317 (17.037974482 mSBet/h)

535 itertime 0.000 total 0.042
 current -0.031833938,0.124768753 (23.233703671 mSBet/h)

536 itertime 0.000 total 0.042
 current -0.036433634,0.116070427 (19.909198273 mSBet/h)
 average -0.084448636,0.087419848 (0.742802908 mSBet/h)

537 itertime 0.000 total 0.042
 current -0.033062945,0.119513656 (21.612677689 mSBet/h)

538 itertime 0.000 total 0.042
 current -0.046609017,0.134373322 (21.941076264 mSBet/h)

539 itertime 0.000 total 0.043
 current -0.057574725,0.123608077 (16.508338073 mSBet/h)

540 itertime 0.000 total 0.043
 current -0.042910975,0.112145400 (17.308606171 mSBet/h)

541 itertime 0.000 total 0.043
 current -0.044453049,0.140388608 (23.983889797 mSBet/h)
 average -0.084433691,0.087371463 (0.734442941 mSBet/h)

542 itertime 0.000 total 0.043
 current -0.049145738,0.113381884 (16.059036371 mSBet/h)

543 itertime 0.000 total 0.043
 current -0.057419117,0.130138114 (18.179749190 mSBet/h)

544 itertime 0.000 total 0.043
 current -0.038329279,0.115176076 (19.211699303 mSBet/h)

545 itertime 0.000 total 0.043
 current 0.007584436,0.127112295 (33.674182744 mSBet/h)

546 itertime 0.000 total 0.043
 current -0.022925251,0.117297620 (23.593092136 mSBet/h)
 average -0.084550159,0.087362594 (0.703108745 mSBet/h)

547 itertime 0.000 total 0.043
 current 0.012535415,0.125170389 (34.426451105 mSBet/h)

548 itertime 0.000 total 0.043
 current -0.028793734,0.125571951 (24.194554055 mSBet/h)

549 itertime 0.000 total 0.043
 current -0.002799313,0.137926939 (33.781906397 mSBet/h)

550 itertime 0.000 total 0.043
 current -0.037143550,0.119437407 (20.573464303 mSBet/h)

551 itertime 0.000 total 0.043
 current -0.001843238,0.123541931 (30.424673225 mSBet/h)
 average -0.084477726,0.087406214 (0.732122070 mSBet/h)

552 itertime 0.000 total 0.044
 current -0.036752765,0.124415690 (21.915731208 mSBet/h)

553 itertime 0.000 total 0.044
 current -0.025893730,0.122527641 (24.158477936 mSBet/h)

554 itertime 0.000 total 0.044
 current 0.018022705,0.127199774 (36.305619900 mSBet/h)

555 itertime 0.000 total 0.044
 current -0.035128473,0.121133808 (21.501333656 mSBet/h)

556 itertime 0.000 total 0.044
 current 0.022951116,0.143928527 (41.719910785 mSBet/h)
 average -0.084397397,0.087478805 (0.770351910 mSBet/h)

557 itertime 0.000 total 0.044
 current -0.024073293,0.128608838 (26.133886374 mSBet/h)

558 itertime 0.000 total 0.044
 current -0.049978799,0.123974308 (18.498877250 mSBet/h)

559 itertime 0.000 total 0.044
 current -0.046891279,0.128802556 (20.477819118 mSBet/h)

560 itertime 0.000 total 0.044
 current -0.039764144,0.123188835 (20.856172694 mSBet/h)

561 itertime 0.000 total 0.044
 current -0.049798697,0.125891327 (19.023157612 mSBet/h)
 average -0.084348314,0.087249542 (0.725307153 mSBet/h)

562 itertime 0.000 total 0.044
 current -0.037543866,0.121368976 (20.956277597 mSBet/h)

563 itertime 0.000 total 0.044
 current -0.019321394,0.138360148 (29.759688576 mSBet/h)

564 itertime 0.000 total 0.045
 current -0.030091338,0.122950117 (23.214694718 mSBet/h)

565 itertime 0.000 total 0.045
 current -0.042289967,0.133475535 (22.796392143 mSBet/h)

566 itertime 0.000 total 0.045
 current -0.022692273,0.122618663 (24.981597502 mSBet/h)
 average -0.084286221,0.087200002 (0.728445059 mSBet/h)

567 itertime 0.000 total 0.045
 current -0.041383342,0.118660726 (19.319345917 mSBet/h)

568 itertime 0.000 total 0.045
 current -0.044624942,0.108972397 (16.086863785 mSBet/h)

569 itertime 0.000 total 0.045
 current -0.046751855,0.120819368 (18.516878374 mSBet/h)

570 itertime 0.000 total 0.045
 current -0.046443442,0.128563123 (20.529920368 mSBet/h)

571 itertime 0.000 total 0.045
 current -0.039629255,0.118014513 (19.596314464 mSBet/h)
 average -0.084310665,0.087022857 (0.678048112 mSBet/h)

572 itertime 0.000 total 0.045
 current -0.057348191,0.128172435 (17.706061067 mSBet/h)

573 itertime 0.000 total 0.045
 current -0.031418326,0.126928712 (23.877596558 mSBet/h)

574 itertime 0.000 total 0.045
 current -0.028557131,0.126283441 (24.431577366 mSBet/h)

575 itertime 0.000 total 0.045
 current -0.012240285,0.116432191 (26.047976523 mSBet/h)

576 itertime 0.000 total 0.045
 current -0.040157731,0.127894574 (21.934210778 mSBet/h)
 average -0.084347087,0.087097945 (0.687714540 mSBet/h)

577 itertime 0.000 total 0.046
 current -0.060054283,0.113215102 (13.290204767 mSBet/h)

578 itertime 0.000 total 0.046
 current -0.015199116,0.118624305 (25.856297121 mSBet/h)

579 itertime 0.000 total 0.046
 current -0.030675175,0.105740061 (18.766221436 mSBet/h)

580 itertime 0.000 total 0.046
 current -0.048127528,0.110674402 (15.636718504 mSBet/h)

581 itertime 0.000 total 0.046
 current -0.020149118,0.129289801 (27.285170864 mSBet/h)
 average -0.084404418,0.087025815 (0.655349383 mSBet/h)

582 itertime 0.000 total 0.046
 current -0.029313750,0.140890992 (27.894310651 mSBet/h)

583 itertime 0.000 total 0.046
 current -0.024310200,0.121668699 (24.339624849 mSBet/h)

584 itertime 0.000 total 0.046
 current -0.014786613,0.123926050 (27.284859200 mSBet/h)

585 itertime 0.000 total 0.046
 current -0.041462386,0.117625815 (19.040857115 mSBet/h)

586 itertime 0.000 total 0.046
 current -0.019977135,0.125354572 (26.344359464 mSBet/h)
 average -0.084317981,0.087171277 (0.713323981 mSBet/h)

587 itertime 0.000 total 0.046
 current -0.047291607,0.126275812 (19.746051271 mSBet/h)

588 itertime 0.000 total 0.046
 current -0.041866772,0.113472450 (17.901419421 mSBet/h)

589 itertime 0.000 total 0.046
 current -0.033877672,0.110544585 (19.166728267 mSBet/h)

590 itertime 0.000 total 0.047
 current -0.033827967,0.118417367 (21.147349934 mSBet/h)

591 itertime 0.000 total 0.047
 current -0.035864971,0.133314141 (24.362292523 mSBet/h)
 average -0.084343042,0.087097292 (0.688562575 mSBet/h)

592 itertime 0.000 total 0.047
 current -0.025332757,0.128942358 (25.902400256 mSBet/h)

593 itertime 0.000 total 0.047
 current -0.031557865,0.120023972 (22.116526712 mSBet/h)

594 itertime 0.000 total 0.047
 current -0.029417596,0.108013785 (19.649047255 mSBet/h)

595 itertime 0.000 total 0.047
 current -0.036012110,0.108440602 (18.107123196 mSBet/h)

596 itertime 0.000 total 0.047
 current -0.044522050,0.117460701 (18.234662626 mSBet/h)
 average -0.084292475,0.086930699 (0.659555997 mSBet/h)

597 itertime 0.000 total 0.047
 current -0.039686886,0.119168176 (19.870322527 mSBet/h)

598 itertime 0.000 total 0.047
 current -0.039820373,0.120166734 (20.086590345 mSBet/h)

599 itertime 0.000 total 0.047
 current -0.043914647,0.125400059 (20.371352858 mSBet/h)

600 itertime 0.000 total 0.047
 current -0.043877037,0.132493264 (22.154056799 mSBet/h)

601 itertime 0.000 total 0.047
 current -0.043031059,0.133760509 (22.682362490 mSBet/h)
 average -0.084249744,0.087024208 (0.693615973 mSBet/h)

602 itertime 0.000 total 0.047
 current -0.028858420,0.132282210 (25.855947422 mSBet/h)

603 itertime 0.000 total 0.048
 current -0.037359882,0.112978176 (18.904573482 mSBet/h)

604 itertime 0.000 total 0.048
 current -0.038829107,0.112207728 (18.344655160 mSBet/h)

605 itertime 0.000 total 0.048
 current -0.033310616,0.115653679 (20.585765723 mSBet/h)

606 itertime 0.000 total 0.048
 current -0.030503051,0.115059543 (21.139122950 mSBet/h)
 average -0.084197918,0.087045536 (0.711904586 mSBet/h)

607 itertime 0.000 total 0.048
 current -0.033740115,0.119988184 (21.562017356 mSBet/h)

608 itertime 0.000 total 0.048
 current -0.044456427,0.130659283 (21.550713842 mSBet/h)

609 itertime 0.000 total 0.048
 current -0.032733573,0.139879198 (26.786406283 mSBet/h)

610 itertime 0.000 total 0.048
 current -0.031026903,0.126350112 (23.830802224 mSBet/h)

611 itertime 0.000 total 0.048
 current -0.029503398,0.128428191 (24.731198276 mSBet/h)
 average -0.084326462,0.087166994 (0.710133129 mSBet/h)

612 itertime 0.000 total 0.048
 current -0.044441134,0.124448511 (20.001844277 mSBet/h)

613 itertime 0.000 total 0.048
 current -0.047692267,0.110418239 (15.681492849 mSBet/h)

614 itertime 0.000 total 0.048
 current -0.046012057,0.108730946 (15.679722281 mSBet/h)

615 itertime 0.000 total 0.049
 current -0.045994115,0.111509219 (16.378776023 mSBet/h)

616 itertime 0.000 total 0.049
 current -0.043374653,0.112071439 (17.174196494 mSBet/h)
 average -0.084331682,0.087109695 (0.694503255 mSBet/h)

617 itertime 0.000 total 0.049
 current -0.045982891,0.114013341 (17.007612404 mSBet/h)

618 itertime 0.000 total 0.049
 current -0.039923605,0.122489090 (20.641371310 mSBet/h)

619 itertime 0.000 total 0.049
 current -0.029523353,0.126311934 (24.197145163 mSBet/h)

620 itertime 0.000 total 0.049
 current -0.017603627,0.131566770 (28.490785678 mSBet/h)

621 itertime 0.000 total 0.049
 current -0.024523865,0.116312885 (22.947254986 mSBet/h)
 average -0.084290019,0.087160103 (0.717521201 mSBet/h)

622 itertime 0.000 total 0.049
 current -0.033307545,0.120553766 (21.811555174 mSBet/h)

623 itertime 0.000 total 0.049
 current -0.030012074,0.160134852 (32.530694644 mSBet/h)

624 itertime 0.000 total 0.049
 current -0.060524113,0.124820281 (16.074041893 mSBet/h)

625 itertime 0.000 total 0.049
 current -0.050137950,0.119371705 (17.308438732 mSBet/h)

626 itertime 0.000 total 0.049
 current -0.040298098,0.122891821 (20.648430661 mSBet/h)
 average -0.084309837,0.087133783 (0.705986354 mSBet/h)

627 itertime 0.000 total 0.049
 current -0.040097781,0.121540213 (20.360607979 mSBet/h)

628 itertime 0.000 total 0.050
 current -0.044368986,0.130130542 (21.440388946 mSBet/h)

629 itertime 0.000 total 0.050
 current -0.021731548,0.149292375 (31.890206883 mSBet/h)

630 itertime 0.000 total 0.050
 current -0.025031448,0.125373914 (25.085616664 mSBet/h)

631 itertime 0.000 total 0.050
 current -0.025839391,0.126280844 (25.110363301 mSBet/h)
 average -0.084226797,0.087276622 (0.762456115 mSBet/h)

632 itertime 0.000 total 0.050
 current -0.042715388,0.113760520 (17.761282858 mSBet/h)

633 itertime 0.000 total 0.050
 current -0.025551823,0.115378448 (22.456656315 mSBet/h)

634 itertime 0.000 total 0.050
 current -0.049626287,0.131234447 (20.402039984 mSBet/h)

635 itertime 0.000 total 0.050
 current -0.035810922,0.113016736 (19.301453630 mSBet/h)

636 itertime 0.000 total 0.050
 current -0.024667971,0.129411947 (26.185994149 mSBet/h)
 average -0.084306447,0.087152334 (0.711471655 mSBet/h)

637 itertime 0.000 total 0.050
 current -0.023324245,0.153775312 (32.612766840 mSBet/h)

638 itertime 0.000 total 0.050
 current -0.045416204,0.120260500 (18.711074076 mSBet/h)

639 itertime 0.000 total 0.050
 current -0.032549281,0.127971342 (23.855515326 mSBet/h)

640 itertime 0.000 total 0.050
 current -0.022639741,0.144052736 (30.353248612 mSBet/h)

641 itertime 0.000 total 0.051
 current -0.039188582,0.143242378 (26.013449009 mSBet/h)
 average -0.084316636,0.087065877 (0.687310366 mSBet/h)

642 itertime 0.000 total 0.051
 current 0.007971983,0.133381623 (35.338401537 mSBet/h)

643 itertime 0.000 total 0.051
 current -0.028815777,0.125660271 (24.211123378 mSBet/h)

644 itertime 0.000 total 0.051
 current -0.042132726,0.132317677 (22.546237649 mSBet/h)

645 itertime 0.000 total 0.051
 current -0.028696190,0.121306617 (23.152606726 mSBet/h)

646 itertime 0.000 total 0.051
 current -0.051160318,0.128911333 (19.437753709 mSBet/h)
 average -0.084305971,0.087092968 (0.696749388 mSBet/h)

647 itertime 0.000 total 0.051
 current -0.035721057,0.135142504 (24.855361816 mSBet/h)

648 itertime 0.000 total 0.051
 current -0.045489454,0.117275571 (17.946529157 mSBet/h)

649 itertime 0.000 total 0.051
 current -0.047255035,0.112108359 (16.213330869 mSBet/h)

650 itertime 0.000 total 0.051
 current -0.041608763,0.130207655 (22.149722962 mSBet/h)

651 itertime 0.000 total 0.051
 current -0.042273420,0.119085299 (19.202969640 mSBet/h)
 average -0.084276431,0.087105806 (0.707343764 mSBet/h)

652 itertime 0.000 total 0.051
 current -0.029571582,0.124777425 (23.801460617 mSBet/h)

653 itertime 0.000 total 0.051
 current -0.036137464,0.120965315 (21.206962797 mSBet/h)

654 itertime 0.000 total 0.052
 current -0.032421027,0.132221890 (24.950215641 mSBet/h)

655 itertime 0.000 total 0.052
 current -0.031882307,0.125416602 (23.383573655 mSBet/h)

656 itertime 0.000 total 0.052
 current -0.027929451,0.124334268 (24.101204304 mSBet/h)
 average -0.084344126,0.086978170 (0.658511152 mSBet/h)

657 itertime 0.000 total 0.052
 current -0.051202787,0.140753765 (22.387744534 mSBet/h)

658 itertime 0.000 total 0.052
 current -0.050237641,0.126059481 (18.955460023 mSBet/h)

659 itertime 0.000 total 0.052
 current -0.002843075,0.131673610 (32.207633884 mSBet/h)

660 itertime 0.000 total 0.052
 current -0.039383172,0.130942561 (22.889847054 mSBet/h)

661 itertime 0.000 total 0.052
 current -0.035725934,0.121123065 (21.349282810 mSBet/h)
 average -0.084302809,0.087077774 (0.693741191 mSBet/h)

662 itertime 0.000 total 0.052
 current -0.001827528,0.138712919 (34.221347761 mSBet/h)

663 itertime 0.000 total 0.052
 current -0.030486108,0.130440576 (24.988617097 mSBet/h)

664 itertime 0.000 total 0.052
 current -0.032919961,0.130754372 (24.458602628 mSBet/h)

665 itertime 0.000 total 0.052
 current -0.031444844,0.112304393 (20.214887118 mSBet/h)

666 itertime 0.000 total 0.053
 current -0.013018204,0.124438616 (27.855102857 mSBet/h)
 average -0.084312706,0.087050720 (0.684503489 mSBet/h)

667 itertime 0.000 total 0.053
 current -0.036148074,0.124594315 (22.111560278 mSBet/h)

668 itertime 0.000 total 0.053
 current -0.048083738,0.118839210 (17.688867937 mSBet/h)

669 itertime 0.000 total 0.053
 current -0.034029035,0.125784958 (22.938980644 mSBet/h)

670 itertime 0.000 total 0.053
 current -0.030126705,0.127464880 (24.334543637 mSBet/h)

671 itertime 0.000 total 0.053
 current -0.040668712,0.124261340 (20.898156837 mSBet/h)
 average -0.084376987,0.087146874 (0.692471870 mSBet/h)

672 itertime 0.000 total 0.053
 current -0.045265151,0.125436188 (20.042759167 mSBet/h)

673 itertime 0.000 total 0.053
 current -0.060290286,0.130728568 (17.609570412 mSBet/h)

674 itertime 0.000 total 0.053
 current -0.042008223,0.120537609 (19.632346384 mSBet/h)

675 itertime 0.000 total 0.053
 current -0.050576772,0.117506863 (16.732522765 mSBet/h)

676 itertime 0.000 total 0.053
 current -0.048743817,0.117740856 (17.249259834 mSBet/h)
 average -0.084304644,0.086964194 (0.664887450 mSBet/h)

677 itertime 0.000 total 0.053
 current -0.050004114,0.138512703 (22.127147038 mSBet/h)

678 itertime 0.000 total 0.054
 current -0.050203271,0.121931344 (17.932018139 mSBet/h)

679 itertime 0.000 total 0.054
 current -0.047502365,0.133309008 (21.451660708 mSBet/h)

680 itertime 0.000 total 0.054
 current -0.038641588,0.126974574 (22.083246435 mSBet/h)

681 itertime 0.000 total 0.054
 current -0.040852965,0.126538862 (21.421474107 mSBet/h)
 average -0.084306973,0.086994493 (0.671880016 mSBet/h)

682 itertime 0.000 total 0.054
 current -0.044578998,0.111225264 (16.661566548 mSBet/h)

683 itertime 0.000 total 0.054
 current -0.019880293,0.122372609 (25.623079055 mSBet/h)

684 itertime 0.000 total 0.054
 current -0.039158307,0.126067462 (21.727288563 mSBet/h)

685 itertime 0.000 total 0.054
 current -0.039635020,0.128088851 (22.113457792 mSBet/h)

686 itertime 0.000 total 0.054
 current -0.036144555,0.126542106 (22.599387787 mSBet/h)
 average -0.084281346,0.086949077 (0.666932844 mSBet/h)

687 itertime 0.000 total 0.054
 current -0.031880496,0.114943274 (20.765694424 mSBet/h)

688 itertime 0.000 total 0.054
 current -0.048929579,0.133129043 (21.049866114 mSBet/h)

689 itertime 0.000 total 0.054
 current -0.047174165,0.116296454 (17.280572169 mSBet/h)

690 itertime 0.000 total 0.055
 current -0.014422484,0.131521192 (29.274676897 mSBet/h)

691 itertime 0.000 total 0.055
 current -0.042433678,0.115133684 (18.175001468 mSBet/h)
 average -0.084326279,0.086966425 (0.660036383 mSBet/h)

692 itertime 0.000 total 0.055
 current -0.026308026,0.118508359 (23.050083131 mSBet/h)

693 itertime 0.000 total 0.055
 current -0.024887176,0.140692389 (28.951303099 mSBet/h)

694 itertime 0.000 total 0.055
 current -0.051822388,0.126639953 (18.704391213 mSBet/h)

695 itertime 0.000 total 0.055
 current -0.035349894,0.127469343 (23.029862251 mSBet/h)

696 itertime 0.000 total 0.055
 current -0.052578199,0.132909458 (20.082814523 mSBet/h)
 average -0.084391214,0.086988887 (0.649418295 mSBet/h)

697 itertime 0.000 total 0.055
 current -0.031230448,0.136216169 (26.246430360 mSBet/h)

698 itertime 0.000 total 0.055
 current -0.053710121,0.125509196 (17.949768617 mSBet/h)

699 itertime 0.000 total 0.055
 current -0.025314402,0.133738684 (27.106070503 mSBet/h)

700 itertime 0.000 total 0.055
 current -0.037718721,0.119390942 (20.418055158 mSBet/h)

701 itertime 0.000 total 0.055
 current -0.022553861,0.123194126 (25.160066203 mSBet/h)
 average -0.084355766,0.086955536 (0.649942524 mSBet/h)

702 itertime 0.000 total 0.055
 current -0.041335105,0.117976246 (19.160285259 mSBet/h)

703 itertime 0.000 total 0.055
 current -0.044024120,0.115471574 (17.861863425 mSBet/h)

704 itertime 0.000 total 0.055
 current -0.044624342,0.125036754 (20.103103128 mSBet/h)

705 itertime 0.000 total 0.055
 current -0.021631566,0.136536958 (28.726348040 mSBet/h)

706 itertime 0.000 total 0.055
 current -0.036565779,0.120561798 (20.999004678 mSBet/h)
 average -0.084231404,0.086999349 (0.691986141 mSBet/h)

707 itertime 0.000 total 0.055
 current -0.028724370,0.132092260 (25.841972444 mSBet/h)

708 itertime 0.000 total 0.055
 current -0.027286011,0.121979751 (23.673434989 mSBet/h)

709 itertime 0.000 total 0.055
 current -0.025498345,0.142709233 (29.302722013 mSBet/h)

710 itertime 0.000 total 0.055
 current -0.035255837,0.116002491 (20.186663387 mSBet/h)

711 itertime 0.000 total 0.055
 current -0.023428628,0.131714755 (27.071531783 mSBet/h)
 average -0.084277008,0.086955277 (0.669567163 mSBet/h)

712 itertime 0.000 total 0.055
 current -0.015601793,0.151503995 (33.975550403 mSBet/h)

713 itertime 0.000 total 0.055
 current -0.028522219,0.124376155 (23.963484112 mSBet/h)

714 itertime 0.000 total 0.055
 current -0.019286898,0.118409111 (24.780553280 mSBet/h)

715 itertime 0.000 total 0.056
 current -0.026368183,0.116597638 (22.557363745 mSBet/h)

716 itertime 0.000 total 0.056
 current -0.021477363,0.126003251 (26.131472088 mSBet/h)
 average -0.084329470,0.087065131 (0.683915301 mSBet/h)

717 itertime 0.000 total 0.056
 current -0.019682165,0.114311143 (23.657244590 mSBet/h)

718 itertime 0.000 total 0.056
 current -0.034694877,0.123547770 (22.213223202 mSBet/h)

719 itertime 0.000 total 0.056
 current -0.050096528,0.131840905 (20.436094195 mSBet/h)

720 itertime 0.000 total 0.056
 current -0.026102866,0.135269387 (27.291630245 mSBet/h)

721 itertime 0.000 total 0.056
 current -0.039402923,0.123725603 (21.080670060 mSBet/h)
 average -0.084318592,0.086954731 (0.659034726 mSBet/h)

722 itertime 0.000 total 0.056
 current -0.030213565,0.115306131 (21.273141430 mSBet/h)

723 itertime 0.000 total 0.056
 current -0.035976425,0.136218867 (25.060610341 mSBet/h)

724 itertime 0.000 total 0.056
 current -0.030159257,0.114595121 (21.108966046 mSBet/h)

725 itertime 0.000 total 0.056
 current -0.034446558,0.127017229 (23.142667652 mSBet/h)

726 itertime 0.000 total 0.056
 current -0.043910012,0.134006375 (22.524090724 mSBet/h)
 average -0.084303236,0.086918461 (0.653806237 mSBet/h)

727 itertime 0.000 total 0.056
 current -0.025018217,0.123234086 (24.553967242 mSBet/h)

728 itertime 0.000 total 0.056
 current -0.022559809,0.118471673 (23.977965919 mSBet/h)

729 itertime 0.000 total 0.056
 current -0.018255348,0.118422409 (25.041765050 mSBet/h)

730 itertime 0.000 total 0.056
 current -0.037633827,0.116967225 (19.833349360 mSBet/h)

731 itertime 0.000 total 0.056
 current -0.024181395,0.129999587 (26.454547945 mSBet/h)
 average -0.084276919,0.087013233 (0.684078400 mSBet/h)

732 itertime 0.000 total 0.056
 current -0.012023719,0.126406714 (28.595748698 mSBet/h)

733 itertime 0.000 total 0.056
 current -0.045151772,0.127357104 (20.551332933 mSBet/h)

734 itertime 0.000 total 0.056
 current -0.040335839,0.126247229 (21.477847616 mSBet/h)

735 itertime 0.000 total 0.056
 current -0.017035615,0.129775193 (28.184894527 mSBet/h)

736 itertime 0.000 total 0.057
 current -0.014658147,0.127175286 (28.129284805 mSBet/h)
 average -0.084285617,0.087004709 (0.679773002 mSBet/h)

737 itertime 0.000 total 0.057
 current -0.039130086,0.122505157 (20.843767627 mSBet/h)

738 itertime 0.000 total 0.057
 current -0.043368326,0.111338579 (16.992563267 mSBet/h)

739 itertime 0.000 total 0.057
 current -0.012167953,0.116004598 (25.959161307 mSBet/h)

740 itertime 0.000 total 0.057
 current -0.043500427,0.123501701 (20.000318317 mSBet/h)

741 itertime 0.000 total 0.057
 current -0.024505653,0.116816850 (23.077799358 mSBet/h)
 average -0.084265353,0.087126141 (0.715196873 mSBet/h)

742 itertime 0.000 total 0.057
 current -0.024918472,0.124467402 (24.887232372 mSBet/h)

743 itertime 0.000 total 0.057
 current -0.051635216,0.121592026 (17.489202610 mSBet/h)

744 itertime 0.000 total 0.057
 current -0.032928380,0.129797859 (24.217369704 mSBet/h)

745 itertime 0.000 total 0.057
 current -0.026070803,0.132943349 (26.718136319 mSBet/h)

746 itertime 0.000 total 0.057
 current -0.007729866,0.114890913 (26.790261891 mSBet/h)
 average -0.084298495,0.087075538 (0.694260726 mSBet/h)

747 itertime 0.000 total 0.057
 current -0.051121360,0.135213917 (21.023139129 mSBet/h)

748 itertime 0.000 total 0.057
 current -0.039546862,0.110748702 (17.800459845 mSBet/h)

749 itertime 0.000 total 0.057
 current -0.030537308,0.130259995 (24.930671584 mSBet/h)

750 itertime 0.000 total 0.057
 current -0.033009250,0.116282291 (20.818260374 mSBet/h)

751 itertime 0.000 total 0.057
 current -0.049195501,0.134600744 (21.351310786 mSBet/h)
 average -0.084353098,0.086986450 (0.658337922 mSBet/h)

752 itertime 0.000 total 0.057
 current -0.044469649,0.113692327 (17.305669616 mSBet/h)

753 itertime 0.000 total 0.057
 current -0.005666807,0.140989796 (33.830747109 mSBet/h)

754 itertime 0.000 total 0.057
 current -0.055438402,0.130620289 (18.795471847 mSBet/h)

755 itertime 0.000 total 0.057
 current -0.013391865,0.121617155 (27.056322314 mSBet/h)

756 itertime 0.000 total 0.057
 current -0.026746878,0.139721782 (28.243726148 mSBet/h)
 average -0.084354145,0.087017485 (0.665834882 mSBet/h)

757 itertime 0.000 total 0.057
 current -0.032263353,0.111770474 (19.876780128 mSBet/h)

758 itertime 0.000 total 0.057
 current -0.054740432,0.119388101 (16.161917177 mSBet/h)

759 itertime 0.000 total 0.057
 current -0.058199295,0.107308466 (12.277292708 mSBet/h)

760 itertime 0.000 total 0.057
 current -0.026215555,0.128316827 (25.525317765 mSBet/h)

761 itertime 0.000 total 0.058
 current -0.058090200,0.112180888 (13.522672123 mSBet/h)
 average -0.084402932,0.086935613 (0.633170407 mSBet/h)

762 itertime 0.000 total 0.058
 current -0.018099633,0.120654977 (25.638835771 mSBet/h)

763 itertime 0.000 total 0.058
 current -0.051362003,0.120989888 (17.406971191 mSBet/h)

764 itertime 0.000 total 0.058
 current -0.022754037,0.116071731 (23.329423543 mSBet/h)

765 itertime 0.000 total 0.058
 current -0.052804001,0.114952674 (15.537168264 mSBet/h)

766 itertime 0.000 total 0.058
 current -0.045692906,0.101569820 (13.969228488 mSBet/h)
 average -0.084381781,0.086936792 (0.638752583 mSBet/h)

767 itertime 0.000 total 0.058
 current -0.021881507,0.114930366 (23.262214771 mSBet/h)

768 itertime 0.000 total 0.058
 current -0.043071137,0.111668658 (17.149380162 mSBet/h)

769 itertime 0.000 total 0.058
 current -0.061790880,0.117222320 (13.857860110 mSBet/h)

770 itertime 0.000 total 0.058
 current -0.058746663,0.107047392 (12.075182255 mSBet/h)

771 itertime 0.000 total 0.058
 current -0.026782561,0.117346303 (22.640935670 mSBet/h)
 average -0.084395118,0.086926069 (0.632737703 mSBet/h)

772 itertime 0.000 total 0.058
 current -0.064887939,0.119551826 (13.665971672 mSBet/h)

773 itertime 0.000 total 0.058
 current -0.048393450,0.109775183 (15.345433388 mSBet/h)

774 itertime 0.000 total 0.058
 current -0.053370450,0.119138391 (16.441985135 mSBet/h)

775 itertime 0.000 total 0.058
 current -0.051085320,0.111753343 (15.167005812 mSBet/h)

776 itertime 0.000 total 0.058
 current -0.014698398,0.117525801 (25.706850813 mSBet/h)
 average -0.084466119,0.086924617 (0.614624625 mSBet/h)

777 itertime 0.000 total 0.058
 current -0.045477218,0.122864078 (19.346714942 mSBet/h)

778 itertime 0.000 total 0.058
 current -0.026271157,0.113368546 (21.774347395 mSBet/h)

779 itertime 0.000 total 0.058
 current -0.057949103,0.130018073 (18.017242644 mSBet/h)

780 itertime 0.000 total 0.058
 current -0.046053268,0.114597057 (17.135947180 mSBet/h)

781 itertime 0.000 total 0.058
 current -0.029628685,0.143243468 (28.403695822 mSBet/h)
 average -0.084424990,0.086917740 (0.623187349 mSBet/h)

782 itertime 0.000 total 0.058
 current -0.042938489,0.116281610 (18.335780129 mSBet/h)

783 itertime 0.000 total 0.058
 current -0.041973266,0.125939272 (20.991501591 mSBet/h)

784 itertime 0.000 total 0.058
 current -0.037924716,0.138217898 (25.073295465 mSBet/h)

785 itertime 0.000 total 0.058
 current -0.033940956,0.111368743 (19.356946743 mSBet/h)

786 itertime 0.000 total 0.059
 current -0.020764679,0.136385034 (28.905088794 mSBet/h)
 average -0.084470581,0.086869508 (0.599731685 mSBet/h)

787 itertime 0.000 total 0.059
 current -0.029827128,0.122489879 (23.165687911 mSBet/h)

788 itertime 0.000 total 0.059
 current -0.018646248,0.119672754 (25.256626506 mSBet/h)

789 itertime 0.000 total 0.059
 current -0.045336178,0.123316985 (19.495201815 mSBet/h)

790 itertime 0.000 total 0.059
 current -0.054138202,0.119646901 (16.377174613 mSBet/h)

791 itertime 0.000 total 0.059
 current -0.043132540,0.117539731 (18.601797920 mSBet/h)
 average -0.084403986,0.086976726 (0.643185041 mSBet/h)

792 itertime 0.000 total 0.059
 current -0.049735614,0.118309194 (17.143394840 mSBet/h)

793 itertime 0.000 total 0.059
 current -0.052049939,0.113219315 (15.292344034 mSBet/h)

794 itertime 0.000 total 0.059
 current -0.041777829,0.116522959 (18.686282339 mSBet/h)

795 itertime 0.000 total 0.059
 current -0.024410858,0.110856767 (21.611477292 mSBet/h)

796 itertime 0.000 total 0.059
 current -0.035189669,0.120857438 (21.416942208 mSBet/h)
 average -0.084435407,0.086991507 (0.639024976 mSBet/h)

797 itertime 0.000 total 0.059
 current -0.016906396,0.116815931 (24.977383866 mSBet/h)

798 itertime 0.000 total 0.059
 current -0.025744726,0.117447317 (22.925647729 mSBet/h)

799 itertime 0.000 total 0.059
 current -0.009210990,0.119824267 (27.653319380 mSBet/h)

800 itertime 0.000 total 0.059
 current -0.015685653,0.126847495 (27.790460615 mSBet/h)

801 itertime 0.000 total 0.059
 current -0.042106444,0.115221086 (18.278660477 mSBet/h)
 average -0.084324604,0.086963375 (0.659692652 mSBet/h)

802 itertime 0.000 total 0.059
 current -0.040506186,0.117438700 (19.233128538 mSBet/h)

803 itertime 0.000 total 0.059
 current -0.051724606,0.118076234 (16.587907143 mSBet/h)

804 itertime 0.000 total 0.059
 current -0.041286844,0.116022186 (18.683835541 mSBet/h)

805 itertime 0.000 total 0.059
 current -0.028947880,0.122109960 (23.290520001 mSBet/h)

806 itertime 0.000 total 0.059
 current -0.036639613,0.110138782 (18.374792165 mSBet/h)
 average -0.084350896,0.087027900 (0.669251108 mSBet/h)

807 itertime 0.000 total 0.059
 current 0.006280269,0.115612774 (30.473260788 mSBet/h)

808 itertime 0.000 total 0.059
 current -0.043856332,0.116522139 (18.166451772 mSBet/h)

809 itertime 0.000 total 0.059
 current -0.041803172,0.106403099 (16.149981887 mSBet/h)

810 itertime 0.000 total 0.059
 current -0.018510049,0.116863981 (24.588483024 mSBet/h)

811 itertime 0.000 total 0.060
 current -0.023174177,0.122715307 (24.885282303 mSBet/h)
 average -0.084344270,0.086891656 (0.636846341 mSBet/h)

812 itertime 0.000 total 0.060
 current -0.026168031,0.115381739 (22.303427025 mSBet/h)

813 itertime 0.000 total 0.060
 current -0.046617799,0.116824944 (17.551786121 mSBet/h)

814 itertime 0.000 total 0.060
 current -0.033451462,0.121184887 (21.933356288 mSBet/h)

815 itertime 0.000 total 0.060
 current -0.018887380,0.135219244 (29.082965803 mSBet/h)

816 itertime 0.000 total 0.060
 current -0.030728419,0.121611098 (22.720669843 mSBet/h)
 average -0.084278249,0.086847216 (0.642241650 mSBet/h)

817 itertime 0.000 total 0.060
 current -0.040309712,0.123002030 (20.673079517 mSBet/h)

818 itertime 0.000 total 0.060
 current -0.031581463,0.119370929 (21.947366466 mSBet/h)

819 itertime 0.000 total 0.060
 current -0.035292730,0.134475590 (24.795715048 mSBet/h)

820 itertime 0.000 total 0.060
 current -0.048900934,0.126061229 (19.290073642 mSBet/h)

821 itertime 0.000 total 0.060
 current -0.053170361,0.124657499 (17.871784720 mSBet/h)
 average -0.084289110,0.086860282 (0.642793077 mSBet/h)

822 itertime 0.000 total 0.060
 current -0.063346631,0.113527507 (12.545219048 mSBet/h)

823 itertime 0.000 total 0.060
 current -0.043362609,0.132938811 (22.394050414 mSBet/h)

824 itertime 0.000 total 0.060
 current -0.037015415,0.117253974 (20.059639852 mSBet/h)

825 itertime 0.000 total 0.060
 current -0.045987925,0.122200176 (19.053062884 mSBet/h)

826 itertime 0.000 total 0.060
 current -0.039620041,0.109707760 (17.521929633 mSBet/h)
 average -0.084319230,0.086815330 (0.624025028 mSBet/h)

827 itertime 0.000 total 0.060
 current -0.025626853,0.107180207 (20.388338510 mSBet/h)

828 itertime 0.000 total 0.060
 current -0.033357737,0.120321893 (21.741039018 mSBet/h)

829 itertime 0.000 total 0.060
 current -0.044058159,0.105330864 (15.318176208 mSBet/h)

830 itertime 0.000 total 0.060
 current -0.019580679,0.118087199 (24.626630016 mSBet/h)

831 itertime 0.000 total 0.060
 current -0.035929933,0.133626199 (24.424066371 mSBet/h)
 average -0.084343946,0.086803944 (0.614999450 mSBet/h)

832 itertime 0.000 total 0.060
 current -0.039207563,0.115458130 (19.062641645 mSBet/h)

833 itertime 0.000 total 0.060
 current -0.042023675,0.117064335 (18.760165175 mSBet/h)

834 itertime 0.000 total 0.061
 current -0.046418412,0.118973720 (18.138827180 mSBet/h)

835 itertime 0.000 total 0.061
 current -0.024964227,0.131009961 (26.511433658 mSBet/h)

836 itertime 0.000 total 0.061
 current -0.044797969,0.127998351 (20.800095534 mSBet/h)
 average -0.084362317,0.086876578 (0.628565356 mSBet/h)

837 itertime 0.000 total 0.061
 current -0.041523106,0.117173764 (18.912664727 mSBet/h)

838 itertime 0.000 total 0.061
 current -0.049772919,0.136620750 (21.711957792 mSBet/h)

839 itertime 0.000 total 0.061
 current -0.005043809,0.113110805 (27.016748909 mSBet/h)

840 itertime 0.000 total 0.061
 current -0.050069733,0.114058996 (15.997315734 mSBet/h)

841 itertime 0.000 total 0.061
 current -0.009900165,0.122286214 (28.096512125 mSBet/h)
 average -0.084353214,0.086858906 (0.626423028 mSBet/h)

842 itertime 0.000 total 0.061
 current -0.001026367,0.128848220 (31.955463389 mSBet/h)

843 itertime 0.000 total 0.061
 current -0.028114494,0.126774644 (24.665037374 mSBet/h)

844 itertime 0.000 total 0.061
 current -0.007733698,0.156379172 (37.161368308 mSBet/h)

845 itertime 0.000 total 0.061
 current -0.027780080,0.128003921 (25.055960261 mSBet/h)

846 itertime 0.000 total 0.061
 current -0.032508800,0.139361722 (26.713230467 mSBet/h)
 average -0.084342437,0.086900984 (0.639636844 mSBet/h)

847 itertime 0.000 total 0.061
 current -0.048489381,0.129283703 (20.198580439 mSBet/h)

848 itertime 0.000 total 0.061
 current -0.019193765,0.138051779 (29.714503427 mSBet/h)

849 itertime 0.000 total 0.061
 current -0.018737450,0.126199204 (26.865438390 mSBet/h)

850 itertime 0.000 total 0.061
 current -0.046338225,0.132264984 (21.481689846 mSBet/h)

851 itertime 0.000 total 0.061
 current -0.026130824,0.153166806 (31.758995484 mSBet/h)
 average -0.084383059,0.086867218 (0.621039869 mSBet/h)

852 itertime 0.000 total 0.061
 current -0.042208496,0.134140541 (22.983011186 mSBet/h)

853 itertime 0.000 total 0.061
 current -0.040396036,0.130666586 (22.567637657 mSBet/h)

854 itertime 0.000 total 0.061
 current -0.064560373,0.132778536 (17.054540946 mSBet/h)

855 itertime 0.000 total 0.061
 current -0.049412181,0.129814125 (20.100486061 mSBet/h)

856 itertime 0.000 total 0.061
 current -0.028151526,0.128752871 (25.150336188 mSBet/h)
 average -0.084406164,0.086863731 (0.614391897 mSBet/h)

857 itertime 0.000 total 0.061
 current -0.052785609,0.135875805 (20.772548879 mSBet/h)

858 itertime 0.000 total 0.061
 current -0.040234647,0.127113284 (21.719659131 mSBet/h)

859 itertime 0.000 total 0.061
 current -0.037646113,0.127605147 (22.489758503 mSBet/h)

860 itertime 0.000 total 0.062
 current -0.028480978,0.123936798 (23.863954901 mSBet/h)

861 itertime 0.000 total 0.062
 current -0.037057200,0.131876992 (23.704947982 mSBet/h)
 average -0.084485515,0.086793367 (0.576963107 mSBet/h)

862 itertime 0.000 total 0.062
 current -0.034933211,0.119098206 (21.041248913 mSBet/h)

863 itertime 0.000 total 0.062
 current -0.024620078,0.126351272 (25.432798367 mSBet/h)

864 itertime 0.000 total 0.062
 current -0.031940960,0.117299278 (21.339579508 mSBet/h)

865 itertime 0.000 total 0.062
 current -0.032516083,0.120651588 (22.033876159 mSBet/h)

866 itertime 0.000 total 0.062
 current -0.024893099,0.120312001 (23.854725496 mSBet/h)
 average -0.084462172,0.086795341 (0.583292266 mSBet/h)

867 itertime 0.000 total 0.062
 current -0.056455543,0.124234401 (16.944714620 mSBet/h)

868 itertime 0.000 total 0.062
 current -0.035595640,0.118740485 (20.786211038 mSBet/h)

869 itertime 0.000 total 0.062
 current -0.032857544,0.122765415 (22.476967601 mSBet/h)

870 itertime 0.000 total 0.062
 current -0.043657786,0.119080256 (18.855617358 mSBet/h)

871 itertime 0.000 total 0.062
 current -0.032971066,0.122507223 (22.384039227 mSBet/h)
 average -0.084489764,0.086817802 (0.582009417 mSBet/h)

872 itertime 0.000 total 0.062
 current -0.045427516,0.122792293 (19.341194426 mSBet/h)

873 itertime 0.000 total 0.062
 current -0.037361054,0.123823714 (21.615665011 mSBet/h)

874 itertime 0.000 total 0.062
 current -0.014123992,0.114439668 (25.078918989 mSBet/h)

875 itertime 0.000 total 0.062
 current -0.013365138,0.112491794 (24.781664041 mSBet/h)

876 itertime 0.000 total 0.062
 current 0.019910757,0.106445180 (31.588984049 mSBet/h)
 average -0.084451411,0.086873967 (0.605638970 mSBet/h)

877 itertime 0.000 total 0.062
 current -0.018395940,0.145486309 (31.772592414 mSBet/h)

878 itertime 0.000 total 0.062
 current -0.044589129,0.119085861 (18.624183089 mSBet/h)

879 itertime 0.000 total 0.062
 current -0.011988229,0.126960845 (28.743154099 mSBet/h)

880 itertime 0.000 total 0.062
 current -0.020746636,0.126349174 (26.400634538 mSBet/h)

881 itertime 0.000 total 0.062
 current -0.027652149,0.116487722 (22.208893114 mSBet/h)
 average -0.084332222,0.086893873 (0.640412791 mSBet/h)

882 itertime 0.000 total 0.062
 current -0.014426364,0.108778698 (23.588083449 mSBet/h)

883 itertime 0.000 total 0.062
 current -0.032346016,0.121536110 (22.297523522 mSBet/h)

884 itertime 0.000 total 0.062
 current -0.044683875,0.127005942 (20.580516875 mSBet/h)

885 itertime 0.000 total 0.062
 current 0.024440158,0.121782949 (36.555776817 mSBet/h)

886 itertime 0.000 total 0.063
 current -0.016775341,0.132404332 (28.907247686 mSBet/h)
 average -0.084277983,0.086800445 (0.630615654 mSBet/h)

887 itertime 0.000 total 0.063
 current -0.042651041,0.117621031 (18.742497337 mSBet/h)

888 itertime 0.000 total 0.063
 current -0.003302381,0.143293138 (34.997689073 mSBet/h)

889 itertime 0.000 total 0.063
 current -0.046100409,0.126023571 (19.980790505 mSBet/h)

890 itertime 0.000 total 0.063
 current -0.038320871,0.134270654 (23.987445663 mSBet/h)

891 itertime 0.000 total 0.063
 current -0.029321390,0.114806152 (21.371190343 mSBet/h)
 average -0.084352022,0.086758586 (0.601640916 mSBet/h)

892 itertime 0.000 total 0.063
 current -0.040155909,0.131905386 (22.937369356 mSBet/h)

893 itertime 0.000 total 0.063
 current -0.028686012,0.104096175 (18.852540536 mSBet/h)

894 itertime 0.000 total 0.063
 current 0.002134332,0.116903666 (29.759499527 mSBet/h)

895 itertime 0.000 total 0.063
 current -0.024365586,0.142902677 (29.634272715 mSBet/h)

896 itertime 0.000 total 0.063
 current -0.042304254,0.143355174 (25.262730078 mSBet/h)
 average -0.084375009,0.086838259 (0.615812668 mSBet/h)

897 itertime 0.000 total 0.063
 current -0.028663088,0.135119843 (26.614188776 mSBet/h)

898 itertime 0.000 total 0.063
 current -0.059989115,0.128225876 (17.059190296 mSBet/h)

899 itertime 0.000 total 0.063
 current -0.056281330,0.116331718 (15.012597029 mSBet/h)

900 itertime 0.000 total 0.063
 current -0.039320765,0.124559785 (21.309754879 mSBet/h)

901 itertime 0.000 total 0.063
 current -0.043922887,0.115433012 (17.877531288 mSBet/h)
 average -0.084343187,0.086793602 (0.612603611 mSBet/h)

902 itertime 0.000 total 0.063
 current -0.043925076,0.135225313 (22.825059223 mSBet/h)

903 itertime 0.000 total 0.063
 current -0.040673563,0.132333754 (22.915047642 mSBet/h)

904 itertime 0.000 total 0.063
 current -0.025044529,0.129733844 (26.172328695 mSBet/h)

905 itertime 0.000 total 0.063
 current -0.022042816,0.137714916 (28.918025046 mSBet/h)

906 itertime 0.000 total 0.063
 current -0.043406269,0.134869874 (22.865901213 mSBet/h)
 average -0.084375503,0.086809674 (0.608542781 mSBet/h)

907 itertime 0.000 total 0.063
 current -0.014247945,0.119057194 (26.202312249 mSBet/h)

908 itertime 0.000 total 0.063
 current -0.041687409,0.136062101 (23.593672967 mSBet/h)

909 itertime 0.000 total 0.063
 current -0.030019417,0.120654304 (22.658721734 mSBet/h)

910 itertime 0.000 total 0.063
 current -0.043333332,0.117060723 (18.431847738 mSBet/h)

911 itertime 0.000 total 0.064
 current -0.022790587,0.110734133 (21.985886408 mSBet/h)
 average -0.084281749,0.086831662 (0.637478380 mSBet/h)

912 itertime 0.000 total 0.064
 current -0.031964044,0.126543848 (23.644951149 mSBet/h)

913 itertime 0.000 total 0.064
 current -0.037813848,0.125038297 (21.806112329 mSBet/h)

914 itertime 0.000 total 0.064
 current -0.030976608,0.118685600 (21.927247920 mSBet/h)

915 itertime 0.000 total 0.064
 current -0.025901556,0.114337167 (22.108902718 mSBet/h)

916 itertime 0.000 total 0.064
 current -0.035862084,0.108528924 (18.166710132 mSBet/h)
 average -0.084310706,0.086780997 (0.617572609 mSBet/h)

917 itertime 0.000 total 0.064
 current -0.050625690,0.119119519 (17.123457247 mSBet/h)

918 itertime 0.000 total 0.064
 current -0.037525032,0.138418100 (25.223267179 mSBet/h)

919 itertime 0.000 total 0.064
 current -0.043652947,0.129283143 (21.407549017 mSBet/h)

920 itertime 0.000 total 0.064
 current -0.045232470,0.124744307 (19.877959311 mSBet/h)

921 itertime 0.000 total 0.064
 current -0.037867744,0.138434090 (25.141586510 mSBet/h)
 average -0.084247635,0.086782307 (0.633668052 mSBet/h)

922 itertime 0.000 total 0.064
 current -0.023890298,0.130893492 (26.750798469 mSBet/h)

923 itertime 0.000 total 0.064
 current -0.034791034,0.122669070 (21.969509144 mSBet/h)

924 itertime 0.000 total 0.064
 current -0.027671041,0.143709906 (29.009716040 mSBet/h)

925 itertime 0.000 total 0.064
 current -0.002784458,0.118108593 (28.831033693 mSBet/h)

926 itertime 0.000 total 0.064
 current -0.024836993,0.127357840 (25.630211761 mSBet/h)
 average -0.084464714,0.086740895 (0.569045356 mSBet/h)

927 itertime 0.000 total 0.064
 current -0.020246698,0.122815502 (25.642201041 mSBet/h)

928 itertime 0.000 total 0.064
 current -0.027658719,0.126866963 (24.802060889 mSBet/h)

929 itertime 0.000 total 0.064
 current -0.032453463,0.129481632 (24.257042274 mSBet/h)

930 itertime 0.000 total 0.064
 current -0.050386434,0.135030525 (21.161022778 mSBet/h)

931 itertime 0.000 total 0.064
 current -0.054854234,0.122285034 (16.857699930 mSBet/h)
 average -0.084424316,0.086729425 (0.576277327 mSBet/h)

932 itertime 0.000 total 0.064
 current -0.043700186,0.129496491 (21.449076294 mSBet/h)

933 itertime 0.000 total 0.064
 current -0.026962467,0.119524083 (23.140404089 mSBet/h)

934 itertime 0.000 total 0.064
 current -0.035832112,0.131308908 (23.869198985 mSBet/h)

935 itertime 0.000 total 0.064
 current -0.046994210,0.126444424 (19.862553542 mSBet/h)

936 itertime 0.000 total 0.064
 current -0.031675290,0.122695934 (22.755160921 mSBet/h)
 average -0.084483669,0.086778349 (0.573670026 mSBet/h)

937 itertime 0.000 total 0.065
 current -0.041356237,0.108814376 (16.864534766 mSBet/h)

938 itertime 0.000 total 0.065
 current -0.053031139,0.132586497 (19.888839432 mSBet/h)

939 itertime 0.000 total 0.065
 current -0.045454319,0.138074886 (23.155141777 mSBet/h)

940 itertime 0.000 total 0.065
 current -0.049156657,0.118173506 (17.254212205 mSBet/h)

941 itertime 0.000 total 0.065
 current -0.057026567,0.113441263 (14.103674087 mSBet/h)
 average -0.084465699,0.086740340 (0.568660212 mSBet/h)

942 itertime 0.000 total 0.065
 current -0.047774696,0.110351376 (15.644169902 mSBet/h)

943 itertime 0.000 total 0.065
 current -0.041058106,0.117969142 (19.227758887 mSBet/h)

944 itertime 0.000 total 0.065
 current -0.021323276,0.118181728 (24.214613037 mSBet/h)

945 itertime 0.000 total 0.065
 current -0.054179576,0.120830508 (16.662733043 mSBet/h)

946 itertime 0.000 total 0.065
 current -0.043902966,0.115601289 (17.924580770 mSBet/h)
 average -0.084382949,0.086858076 (0.618781924 mSBet/h)

947 itertime 0.000 total 0.065
 current -0.042002728,0.121612646 (19.902479339 mSBet/h)

948 itertime 0.000 total 0.065
 current -0.026523834,0.112375708 (21.462968472 mSBet/h)

949 itertime 0.000 total 0.065
 current -0.040313273,0.122986013 (20.668185024 mSBet/h)

950 itertime 0.000 total 0.065
 current -0.047113976,0.119750751 (18.159193700 mSBet/h)

951 itertime 0.000 total 0.065
 current -0.035020864,0.129995664 (23.743700015 mSBet/h)
 average -0.084425536,0.086903411 (0.619468570 mSBet/h)

952 itertime 0.000 total 0.065
 current -0.025399716,0.119085966 (23.421562454 mSBet/h)

953 itertime 0.000 total 0.065
 current -0.039858960,0.124248770 (21.097452523 mSBet/h)

954 itertime 0.000 total 0.065
 current -0.030307457,0.128448819 (24.535340618 mSBet/h)

955 itertime 0.000 total 0.065
 current -0.022117863,0.123001484 (25.220905179 mSBet/h)

956 itertime 0.000 total 0.065
 current -0.020750035,0.127032609 (26.570643353 mSBet/h)
 average -0.084333420,0.086949956 (0.654134090 mSBet/h)

957 itertime 0.000 total 0.065
 current -0.018227794,0.118835527 (25.151933055 mSBet/h)

958 itertime 0.000 total 0.065
 current -0.042527180,0.126543648 (21.004116908 mSBet/h)

959 itertime 0.000 total 0.065
 current -0.049876117,0.117070693 (16.798643886 mSBet/h)

960 itertime 0.000 total 0.065
 current -0.027915812,0.122669246 (23.688358557 mSBet/h)

961 itertime 0.000 total 0.065
 current -0.041980586,0.120252532 (19.567986663 mSBet/h)
 average -0.084330010,0.086820705 (0.622673807 mSBet/h)

962 itertime 0.000 total 0.066
 current -0.045780846,0.124048266 (19.566855169 mSBet/h)

963 itertime 0.000 total 0.066
 current -0.050975150,0.124231895 (18.314186176 mSBet/h)

964 itertime 0.000 total 0.066
 current -0.042814010,0.121376225 (19.640553731 mSBet/h)

965 itertime 0.000 total 0.066
 current -0.045031041,0.118524163 (18.373280431 mSBet/h)

966 itertime 0.000 total 0.066
 current -0.052748798,0.115750033 (15.750308796 mSBet/h)
 average -0.084416851,0.086743615 (0.581690969 mSBet/h)

967 itertime 0.000 total 0.066
 current -0.037801326,0.126116952 (22.078906740 mSBet/h)

968 itertime 0.000 total 0.066
 current -0.031212947,0.129524690 (24.577935753 mSBet/h)

969 itertime 0.000 total 0.066
 current -0.047039997,0.127581273 (20.135318891 mSBet/h)

970 itertime 0.000 total 0.066
 current -0.024033750,0.121157642 (24.280973025 mSBet/h)

971 itertime 0.000 total 0.066
 current -0.044633094,0.136900259 (23.066791207 mSBet/h)
 average -0.084343917,0.086703613 (0.589924125 mSBet/h)

972 itertime 0.000 total 0.066
 current -0.032032733,0.118457644 (21.606227731 mSBet/h)

973 itertime 0.000 total 0.066
 current 0.006616467,0.123533212 (32.537419620 mSBet/h)

974 itertime 0.000 total 0.066
 current -0.045036453,0.127416395 (20.594985611 mSBet/h)

975 itertime 0.000 total 0.066
 current -0.007040647,0.130238854 (30.799551823 mSBet/h)

976 itertime 0.000 total 0.066
 current -0.033246049,0.123523950 (22.569475321 mSBet/h)
 average -0.084416372,0.086667953 (0.562895120 mSBet/h)

977 itertime 0.000 total 0.066
 current -0.028670793,0.104269156 (18.899590835 mSBet/h)

978 itertime 0.000 total 0.066
 current -0.027099894,0.124037777 (24.234470693 mSBet/h)

979 itertime 0.000 total 0.066
 current -0.036360705,0.120333613 (20.993227022 mSBet/h)

980 itertime 0.000 total 0.066
 current -0.032698326,0.128862237 (24.040977781 mSBet/h)

981 itertime 0.000 total 0.066
 current -0.028036530,0.123169955 (23.783356302 mSBet/h)
 average -0.084434518,0.086701706 (0.566797152 mSBet/h)

982 itertime 0.000 total 0.066
 current -0.046660760,0.141578723 (23.729490602 mSBet/h)

983 itertime 0.000 total 0.066
 current -0.034657951,0.122851415 (22.048366045 mSBet/h)

984 itertime 0.000 total 0.066
 current -0.029156923,0.123953501 (23.699144470 mSBet/h)

985 itertime 0.000 total 0.066
 current -0.037036306,0.136874520 (24.959553560 mSBet/h)

986 itertime 0.000 total 0.066
 current -0.035933059,0.127560096 (22.906759295 mSBet/h)
 average -0.084340096,0.086641239 (0.575285665 mSBet/h)

987 itertime 0.000 total 0.067
 current -0.048949892,0.113332992 (16.095774887 mSBet/h)

988 itertime 0.000 total 0.067
 current -0.006927370,0.111174395 (26.061756249 mSBet/h)

989 itertime 0.000 total 0.067
 current -0.015154907,0.119591808 (26.109225382 mSBet/h)

990 itertime 0.000 total 0.067
 current -0.025810619,0.132469202 (26.664645836 mSBet/h)

991 itertime 0.000 total 0.067
 current -0.014993381,0.121546121 (26.638185005 mSBet/h)
 average -0.084461749,0.086658558 (0.549202010 mSBet/h)

992 itertime 0.000 total 0.067
 current -0.030191394,0.125467540 (23.819036426 mSBet/h)

993 itertime 0.000 total 0.067
 current -0.045102167,0.123724519 (19.655587942 mSBet/h)

994 itertime 0.000 total 0.067
 current -0.038375452,0.131952528 (23.394268820 mSBet/h)

995 itertime 0.000 total 0.067
 current -0.046212399,0.126775771 (20.140842780 mSBet/h)

996 itertime 0.000 total 0.067
 current -0.033277815,0.126391009 (23.278298683 mSBet/h)
 average -0.084480805,0.086701905 (0.555275019 mSBet/h)

997 itertime 0.000 total 0.067
 current -0.048885187,0.115865098 (16.744977833 mSBet/h)

998 itertime 0.000 total 0.067
 current -0.045928686,0.114066509 (17.034455648 mSBet/h)

999 itertime 0.000 total 0.067
 current -0.044580526,0.119772503 (18.797994128 mSBet/h)

1000 itertime 0.000 total 0.067
 current -0.023064306,0.140481419 (29.354278329 mSBet/h)
 average -0.084452388,0.086654592 (0.550551053 mSBet/h)

Dumping values to prefix [/home/user/quant-trade/certification/oracles/cfrplus_runs/leduc_i1000]
Dump complete, took 0.000

