Compressor is NORMAL_COMPRESSOR
Throttling simultaneous network copies to 1
Sending SIGUSR1 will trigger a save-and-quit
Sending SIGUSR2 will trigger a save-and-continue
1 itertime 0.000 total 0.000
 current 0.333333333,0.416666667 (375.000000000 mSBet/h)
 average 0.333333333,0.416666667 (375.000000000 mSBet/h)

2 itertime 0.000 total 0.000
 current 0.111111111,0.166666667 (138.888888889 mSBet/h)

3 itertime 0.000 total 0.000
 current 0.154040404,0.166666667 (160.353535354 mSBet/h)

4 itertime 0.000 total 0.000
 current 0.090476190,0.186887255 (138.681722689 mSBet/h)

5 itertime 0.000 total 0.000
 current 0.003284072,0.161764706 (82.524389066 mSBet/h)

6 itertime 0.000 total 0.000
 current 0.033333333,0.153391053 (93.362193362 mSBet/h)
 average -0.014880952,0.077876984 (31.498015873 mSBet/h)

7 itertime 0.000 total 0.000
 current 0.047222222,0.088863751 (68.042986425 mSBet/h)

8 itertime 0.000 total 0.000
 current 0.036251920,0.104231166 (70.241543137 mSBet/h)

9 itertime 0.000 total 0.000
 current -0.011111111,0.149110149 (68.999519000 mSBet/h)

10 itertime 0.000 total 0.000
 current 0.069105691,0.127218615 (98.162152888 mSBet/h)

11 itertime 0.000 total 0.000
 current 0.041231127,0.074838969 (58.035048001 mSBet/h)
 average -0.027304293,0.071338384 (22.017045455 mSBet/h)

12 itertime 0.000 total 0.000
 current -0.025284900,0.151058201 (62.886650387 mSBet/h)

13 itertime 0.000 total 0.000
 current 0.031578947,0.140367965 (85.973456368 mSBet/h)

14 itertime 0.000 total 0.000
 current 0.020325203,0.137681159 (79.003181336 mSBet/h)

15 itertime 0.000 total 0.000
 current 0.012195122,0.111111111 (61.653116531 mSBet/h)

16 itertime 0.000 total 0.000
 current -0.007936508,0.102065381 (47.064436331 mSBet/h)
 average -0.037377451,0.064950980 (13.786764706 mSBet/h)

17 itertime 0.000 total 0.000
 current -0.036507937,0.105141844 (34.316953732 mSBet/h)

18 itertime 0.000 total 0.000
 current -0.017441860,0.119565217 (51.061678463 mSBet/h)

19 itertime 0.000 total 0.000
 current 0.056458898,0.102777778 (79.618337850 mSBet/h)

20 itertime 0.000 total 0.000
 current 0.059757236,0.081413178 (70.585207056 mSBet/h)

21 itertime 0.000 total 0.000
 current -0.000569801,0.136752137 (68.091168091 mSBet/h)
 average -0.042478355,0.062364719 (9.943181818 mSBet/h)

22 itertime 0.000 total 0.000
 current -0.037220026,0.151583710 (57.181842028 mSBet/h)

23 itertime 0.000 total 0.000
 current -0.020833333,0.123821195 (51.493930906 mSBet/h)

24 itertime 0.000 total 0.000
 current 0.003401361,0.126423576 (64.912468484 mSBet/h)

25 itertime 0.000 total 0.000
 current 0.048963772,0.092873176 (70.918473881 mSBet/h)

26 itertime 0.000 total 0.000
 current 0.030303030,0.072255589 (51.279309613 mSBet/h)
 average -0.046652422,0.062707740 (8.027659069 mSBet/h)

27 itertime 0.000 total 0.000
 current -0.026666667,0.117636868 (45.485100485 mSBet/h)

28 itertime 0.000 total 0.000
 current -0.036139456,0.129833680 (46.847112026 mSBet/h)

29 itertime 0.000 total 0.000
 current 0.001360544,0.088853559 (45.107051830 mSBet/h)

30 itertime 0.000 total 0.000
 current 0.015873016,0.096197827 (56.035421601 mSBet/h)

31 itertime 0.000 total 0.000
 current 0.045502646,0.082432432 (63.967538968 mSBet/h)
 average -0.049143145,0.063025034 (6.940944220 mSBet/h)

32 itertime 0.000 total 0.000
 current 0.024242424,0.092764443 (58.503433503 mSBet/h)

33 itertime 0.000 total 0.000
 current -0.035602837,0.146658152 (55.527657763 mSBet/h)

34 itertime 0.000 total 0.000
 current -0.028301887,0.158152405 (64.925259243 mSBet/h)

35 itertime 0.000 total 0.000
 current -0.006172840,0.136781609 (65.304384845 mSBet/h)

36 itertime 0.000 total 0.000
 current 0.006172840,0.085978836 (46.075837743 mSBet/h)
 average -0.053178178,0.062312312 (4.567067067 mSBet/h)

37 itertime 0.000 total 0.000
 current 0.006172840,0.076754386 (41.463612736 mSBet/h)

38 itertime 0.000 total 0.000
 current 0.019277885,0.104166667 (61.722275951 mSBet/h)

39 itertime 0.000 total 0.000
 current 0.010064412,0.095151515 (52.607963695 mSBet/h)

40 itertime 0.000 total 0.001
 current -0.022058824,0.120370370 (49.155773420 mSBet/h)

41 itertime 0.000 total 0.001
 current 0.012446113,0.131818182 (72.132147508 mSBet/h)
 average -0.052240612,0.059608498 (3.683943089 mSBet/h)

42 itertime 0.000 total 0.001
 current 0.044580420,0.097358338 (70.969378978 mSBet/h)

43 itertime 0.000 total 0.001
 current 0.031075808,0.071853085 (51.464446835 mSBet/h)

44 itertime 0.000 total 0.001
 current -0.018099548,0.127276867 (54.588659760 mSBet/h)

45 itertime 0.000 total 0.001
 current -0.017710532,0.151994302 (67.141884753 mSBet/h)

46 itertime 0.000 total 0.001
 current 0.027493169,0.132825929 (80.159549388 mSBet/h)
 average -0.050917360,0.058799722 (3.941181005 mSBet/h)

47 itertime 0.000 total 0.001
 current 0.028637261,0.123804645 (76.220953082 mSBet/h)

48 itertime 0.000 total 0.001
 current 0.005376344,0.121863799 (63.620071685 mSBet/h)

49 itertime 0.000 total 0.001
 current 0.005376344,0.105224868 (55.300605905 mSBet/h)

50 itertime 0.000 total 0.001
 current -0.005376344,0.104233871 (49.428763441 mSBet/h)

51 itertime 0.000 total 0.001
 current -0.021016618,0.084244080 (31.613731177 mSBet/h)
 average -0.049333836,0.057833710 (4.249937154 mSBet/h)

52 itertime 0.000 total 0.001
 current -0.047561222,0.118644068 (35.541422686 mSBet/h)

53 itertime 0.000 total 0.001
 current -0.011043498,0.118644068 (53.800284969 mSBet/h)

54 itertime 0.000 total 0.001
 current 0.036281179,0.094780479 (65.530828876 mSBet/h)

55 itertime 0.000 total 0.001
 current 0.041538462,0.087320087 (64.429274429 mSBet/h)

56 itertime 0.000 total 0.001
 current 0.021286889,0.097069597 (59.178243141 mSBet/h)
 average -0.052272609,0.059680451 (3.703921261 mSBet/h)

57 itertime 0.000 total 0.001
 current 0.001122334,0.122710623 (61.916478583 mSBet/h)

58 itertime 0.000 total 0.001
 current -0.026229508,0.131696429 (52.733460187 mSBet/h)

59 itertime 0.000 total 0.001
 current -0.038461538,0.123404918 (42.471689531 mSBet/h)

60 itertime 0.000 total 0.001
 current -0.019607843,0.126496626 (53.444391680 mSBet/h)

61 itertime 0.000 total 0.001
 current -0.002415459,0.114035088 (55.809814391 mSBet/h)
 average -0.052843513,0.058572404 (2.864445620 mSBet/h)

62 itertime 0.000 total 0.001
 current 0.020066890,0.088488248 (54.277568748 mSBet/h)

63 itertime 0.000 total 0.001
 current 0.026854220,0.060606061 (43.730140277 mSBet/h)

64 itertime 0.000 total 0.001
 current 0.007388463,0.085258644 (46.323553213 mSBet/h)

65 itertime 0.000 total 0.001
 current -0.021739130,0.109788360 (44.024614677 mSBet/h)

66 itertime 0.000 total 0.001
 current -0.043028322,0.120967742 (38.969709748 mSBet/h)
 average -0.050062189,0.057331713 (3.634761797 mSBet/h)

67 itertime 0.000 total 0.001
 current -0.019278253,0.106284153 (43.502950197 mSBet/h)

68 itertime 0.000 total 0.001
 current 0.007337526,0.096200096 (51.768811203 mSBet/h)

69 itertime 0.000 total 0.001
 current 0.027003784,0.093724924 (60.364353869 mSBet/h)

70 itertime 0.000 total 0.001
 current 0.049946294,0.074851190 (62.398742392 mSBet/h)

71 itertime 0.000 total 0.001
 current 0.040277778,0.085020739 (62.649258241 mSBet/h)
 average -0.051553534,0.059516823 (3.981644497 mSBet/h)

72 itertime 0.000 total 0.001
 current 0.001308216,0.127350427 (64.329321472 mSBet/h)

73 itertime 0.000 total 0.001
 current -0.047069597,0.154227053 (53.578728035 mSBet/h)

74 itertime 0.000 total 0.001
 current -0.038812785,0.157352941 (59.270077894 mSBet/h)

75 itertime 0.000 total 0.001
 current -0.020000000,0.141062802 (60.531400966 mSBet/h)

76 itertime 0.000 total 0.001
 current -0.004385965,0.107518797 (51.566416040 mSBet/h)
 average -0.053090824,0.059153566 (3.031371041 mSBet/h)

77 itertime 0.000 total 0.001
 current 0.004385965,0.089650368 (47.018166623 mSBet/h)

78 itertime 0.000 total 0.001
 current 0.004385965,0.077660875 (41.023419780 mSBet/h)

79 itertime 0.000 total 0.001
 current 0.015221878,0.088490539 (51.856208710 mSBet/h)

80 itertime 0.000 total 0.001
 current 0.019122807,0.088095238 (53.609022556 mSBet/h)

81 itertime 0.000 total 0.001
 current -0.008366013,0.093266254 (42.450120399 mSBet/h)
 average -0.051189401,0.056603182 (2.706890495 mSBet/h)

82 itertime 0.000 total 0.001
 current -0.037749288,0.116780607 (39.515659851 mSBet/h)

83 itertime 0.000 total 0.001
 current -0.014887436,0.121434938 (53.273750578 mSBet/h)

84 itertime 0.000 total 0.001
 current 0.016761364,0.103113553 (59.937458375 mSBet/h)

85 itertime 0.000 total 0.001
 current 0.030849478,0.068667934 (49.758706118 mSBet/h)

86 itertime 0.000 total 0.001
 current 0.021007567,0.073114478 (47.061022410 mSBet/h)
 average -0.052297737,0.058420765 (3.061514301 mSBet/h)

87 itertime 0.000 total 0.001
 current 0.009627479,0.107012987 (58.320233226 mSBet/h)

88 itertime 0.000 total 0.001
 current 0.000746965,0.122736373 (61.741669095 mSBet/h)

89 itertime 0.000 total 0.001
 current -0.014117647,0.122705971 (54.294161985 mSBet/h)

90 itertime 0.000 total 0.001
 current -0.016025641,0.139611872 (61.793115560 mSBet/h)

91 itertime 0.000 total 0.001
 current -0.020833333,0.146231597 (62.699132059 mSBet/h)
 average -0.052663143,0.056602365 (1.969611005 mSBet/h)

92 itertime 0.000 total 0.001
 current -0.008333333,0.128888889 (60.277777778 mSBet/h)

93 itertime 0.000 total 0.001
 current 0.000000000,0.098627980 (49.313990103 mSBet/h)

94 itertime 0.000 total 0.001
 current 0.000000000,0.059827184 (29.913592204 mSBet/h)

95 itertime 0.000 total 0.001
 current -0.004166667,0.079592363 (37.712848297 mSBet/h)

96 itertime 0.000 total 0.001
 current -0.003240741,0.097013889 (46.886574074 mSBet/h)
 average -0.052785832,0.057121635 (2.167901632 mSBet/h)

97 itertime 0.000 total 0.001
 current 0.014240506,0.099488031 (56.864268662 mSBet/h)

98 itertime 0.000 total 0.001
 current -0.005341880,0.087996447 (41.327283405 mSBet/h)

99 itertime 0.000 total 0.001
 current -0.028589994,0.113728632 (42.569319488 mSBet/h)

100 itertime 0.000 total 0.001
 current -0.012896825,0.117757937 (52.430555556 mSBet/h)

101 itertime 0.000 total 0.001
 current 0.014198783,0.106481481 (60.340132221 mSBet/h)
 average -0.054665761,0.058133938 (1.734088850 mSBet/h)

102 itertime 0.000 total 0.001
 current 0.024567711,0.073653846 (49.110778581 mSBet/h)

103 itertime 0.000 total 0.001
 current 0.017370773,0.068741931 (43.056351918 mSBet/h)

104 itertime 0.000 total 0.001
 current -0.004433498,0.105128668 (50.347585046 mSBet/h)

105 itertime 0.000 total 0.001
 current -0.011345029,0.124208090 (56.431530214 mSBet/h)

106 itertime 0.000 total 0.001
 current -0.011075949,0.125182749 (57.053399585 mSBet/h)
 average -0.051956592,0.057118086 (2.580747076 mSBet/h)

107 itertime 0.000 total 0.001
 current -0.005562687,0.121666667 (58.051989730 mSBet/h)

108 itertime 0.000 total 0.001
 current -0.009685230,0.137460317 (63.887543718 mSBet/h)

109 itertime 0.000 total 0.001
 current -0.011904762,0.131476948 (59.786093140 mSBet/h)

110 itertime 0.000 total 0.001
 current -0.003968254,0.110389610 (53.210678211 mSBet/h)

111 itertime 0.000 total 0.001
 current -0.003968254,0.081300813 (38.666279520 mSBet/h)
 average -0.054776316,0.058109449 (1.666566120 mSBet/h)

112 itertime 0.000 total 0.001
 current -0.007936508,0.061965812 (27.014652015 mSBet/h)

113 itertime 0.000 total 0.001
 current -0.015873016,0.085678211 (34.902597403 mSBet/h)

114 itertime 0.000 total 0.001
 current -0.025045537,0.100361197 (37.657829885 mSBet/h)

115 itertime 0.000 total 0.001
 current -0.004812353,0.105458400 (50.323023358 mSBet/h)

116 itertime 0.000 total 0.001
 current -0.000866363,0.094594595 (46.864115578 mSBet/h)
 average -0.053010487,0.057293202 (2.141357206 mSBet/h)

117 itertime 0.000 total 0.001
 current -0.005010315,0.107351972 (51.170828208 mSBet/h)

118 itertime 0.000 total 0.001
 current -0.001951952,0.123480772 (60.764410101 mSBet/h)

119 itertime 0.000 total 0.001
 current 0.014879600,0.117212853 (66.046226344 mSBet/h)

120 itertime 0.000 total 0.001
 current 0.025925926,0.092257130 (59.091528025 mSBet/h)

121 itertime 0.000 total 0.001
 current 0.019386574,0.079761905 (49.574239418 mSBet/h)
 average -0.052807321,0.058268979 (2.730829156 mSBet/h)

122 itertime 0.000 total 0.001
 current -0.002467105,0.103733350 (50.633122308 mSBet/h)

123 itertime 0.000 total 0.001
 current -0.033465608,0.131970310 (49.252350963 mSBet/h)

124 itertime 0.000 total 0.001
 current -0.025618772,0.145289074 (59.835150881 mSBet/h)

125 itertime 0.000 total 0.002
 current 0.020506792,0.135027195 (77.766993543 mSBet/h)

126 itertime 0.000 total 0.002
 current 0.033998450,0.108228980 (71.113715268 mSBet/h)
 average -0.053507634,0.056986366 (1.739365913 mSBet/h)

127 itertime 0.000 total 0.002
 current 0.022222222,0.121629059 (71.925640555 mSBet/h)

128 itertime 0.000 total 0.002
 current -0.007407407,0.118882979 (55.737785658 mSBet/h)

129 itertime 0.000 total 0.002
 current -0.007407407,0.104325366 (48.458979074 mSBet/h)

130 itertime 0.000 total 0.002
 current -0.011111111,0.100963905 (44.926396864 mSBet/h)

131 itertime 0.000 total 0.002
 current -0.016612200,0.090008034 (36.697916544 mSBet/h)
 average -0.053919443,0.057389255 (1.734906315 mSBet/h)

132 itertime 0.000 total 0.002
 current -0.024618736,0.083867521 (29.624392492 mSBet/h)

133 itertime 0.000 total 0.002
 current -0.042679859,0.108225108 (32.772624547 mSBet/h)

134 itertime 0.000 total 0.002
 current -0.040819334,0.110389610 (34.785138233 mSBet/h)

135 itertime 0.000 total 0.002
 current 0.000064004,0.105885106 (52.974554991 mSBet/h)

136 itertime 0.000 total 0.002
 current 0.023072253,0.086512404 (54.792328083 mSBet/h)
 average -0.054375537,0.057856331 (1.740397345 mSBet/h)

137 itertime 0.000 total 0.002
 current 0.026192446,0.090434236 (58.313341014 mSBet/h)

138 itertime 0.000 total 0.002
 current 0.016599190,0.099410120 (58.004655153 mSBet/h)

139 itertime 0.000 total 0.002
 current 0.004582351,0.097233167 (50.907759187 mSBet/h)

140 itertime 0.000 total 0.002
 current -0.000377074,0.113694072 (56.658499208 mSBet/h)

141 itertime 0.000 total 0.002
 current -0.013667963,0.116123188 (51.227612820 mSBet/h)
 average -0.052801294,0.057319241 (2.258973463 mSBet/h)

142 itertime 0.000 total 0.002
 current -0.033142344,0.111435656 (39.146656204 mSBet/h)

143 itertime 0.000 total 0.002
 current -0.043016083,0.129337811 (43.160864118 mSBet/h)

144 itertime 0.000 total 0.002
 current -0.031135531,0.133843537 (51.354003140 mSBet/h)

145 itertime 0.000 total 0.002
 current 0.002396878,0.124979424 (63.688151176 mSBet/h)

146 itertime 0.000 total 0.002
 current 0.024893593,0.101887910 (63.390751413 mSBet/h)
 average -0.054389735,0.057336805 (1.473534619 mSBet/h)

147 itertime 0.000 total 0.002
 current 0.028477823,0.076706827 (52.592324945 mSBet/h)

148 itertime 0.000 total 0.002
 current 0.009775171,0.081138129 (45.456650038 mSBet/h)

149 itertime 0.000 total 0.002
 current -0.008960573,0.097111993 (44.075709734 mSBet/h)

150 itertime 0.000 total 0.002
 current -0.018115942,0.107346051 (44.615054421 mSBet/h)

151 itertime 0.000 total 0.002
 current -0.031135531,0.103458328 (36.161398296 mSBet/h)
 average -0.053501147,0.056031791 (1.265321831 mSBet/h)

152 itertime 0.000 total 0.002
 current -0.037693954,0.094023976 (28.165010840 mSBet/h)

153 itertime 0.000 total 0.002
 current -0.035815426,0.087689394 (25.936984159 mSBet/h)

154 itertime 0.000 total 0.002
 current -0.026027077,0.096858376 (35.415649247 mSBet/h)

155 itertime 0.000 total 0.002
 current -0.007769793,0.101417553 (46.823879813 mSBet/h)

156 itertime 0.000 total 0.002
 current 0.020415450,0.090873016 (55.644232701 mSBet/h)
 average -0.054765332,0.057563014 (1.398841118 mSBet/h)

157 itertime 0.000 total 0.002
 current 0.032986111,0.072777018 (52.881564447 mSBet/h)

158 itertime 0.000 total 0.002
 current 0.029469937,0.063256607 (46.363271850 mSBet/h)

159 itertime 0.000 total 0.002
 current 0.005798728,0.102160864 (53.979796183 mSBet/h)

160 itertime 0.000 total 0.002
 current -0.022946860,0.125490196 (51.271668088 mSBet/h)

161 itertime 0.000 total 0.002
 current -0.040093049,0.133333333 (46.620142310 mSBet/h)
 average -0.053593794,0.056407037 (1.406621425 mSBet/h)

162 itertime 0.000 total 0.002
 current -0.044444444,0.132492997 (44.024276377 mSBet/h)

163 itertime 0.000 total 0.002
 current -0.035020908,0.120588235 (42.783663645 mSBet/h)

164 itertime 0.000 total 0.002
 current -0.026315789,0.101929738 (37.806974140 mSBet/h)

165 itertime 0.000 total 0.002
 current -0.017361111,0.099370704 (41.004796621 mSBet/h)

166 itertime 0.000 total 0.002
 current -0.010416667,0.094030117 (41.806725029 mSBet/h)
 average -0.054758705,0.056629211 (0.935252988 mSBet/h)

167 itertime 0.000 total 0.002
 current -0.002249609,0.080793651 (39.272021015 mSBet/h)

168 itertime 0.000 total 0.002
 current 0.011322464,0.075036075 (43.179269402 mSBet/h)

169 itertime 0.000 total 0.002
 current 0.011624396,0.074973877 (43.299136417 mSBet/h)

170 itertime 0.000 total 0.002
 current 0.002669718,0.075716873 (39.193295149 mSBet/h)

171 itertime 0.000 total 0.002
 current -0.022340426,0.095588235 (36.623904881 mSBet/h)
 average -0.053662904,0.056171801 (1.254448298 mSBet/h)

172 itertime 0.000 total 0.002
 current -0.049652990,0.107509671 (28.928340064 mSBet/h)

173 itertime 0.000 total 0.002
 current -0.035762588,0.107509671 (35.873541052 mSBet/h)

174 itertime 0.000 total 0.002
 current -0.015875544,0.097159377 (40.641916171 mSBet/h)

175 itertime 0.000 total 0.002
 current -0.001193965,0.083209632 (41.007833573 mSBet/h)

176 itertime 0.000 total 0.002
 current 0.008145893,0.069859515 (39.002703958 mSBet/h)
 average -0.055155635,0.057068300 (0.956332392 mSBet/h)

177 itertime 0.000 total 0.002
 current 0.005862788,0.064393939 (35.128363800 mSBet/h)

178 itertime 0.000 total 0.002
 current -0.004685408,0.086235128 (40.774860000 mSBet/h)

179 itertime 0.000 total 0.002
 current -0.006976744,0.103000142 (48.011698665 mSBet/h)

180 itertime 0.000 total 0.002
 current -0.014009662,0.111613813 (48.802075354 mSBet/h)

181 itertime 0.000 total 0.002
 current -0.017657601,0.111602728 (46.972563687 mSBet/h)
 average -0.053546764,0.056774660 (1.613947747 mSBet/h)

182 itertime 0.000 total 0.002
 current -0.019625604,0.116071429 (48.222912353 mSBet/h)

183 itertime 0.000 total 0.002
 current -0.017346939,0.125690276 (54.171668667 mSBet/h)

184 itertime 0.000 total 0.002
 current -0.023333333,0.124341085 (50.503875969 mSBet/h)

185 itertime 0.000 total 0.002
 current -0.016666667,0.114406130 (48.869731801 mSBet/h)

186 itertime 0.000 total 0.002
 current -0.013333333,0.099799011 (43.232838590 mSBet/h)
 average -0.055152450,0.056473176 (0.660363119 mSBet/h)

187 itertime 0.000 total 0.002
 current -0.013333333,0.076388889 (31.527777778 mSBet/h)

188 itertime 0.000 total 0.002
 current -0.015151515,0.060029644 (22.439064559 mSBet/h)

189 itertime 0.000 total 0.002
 current -0.018518519,0.075757576 (28.619528620 mSBet/h)

190 itertime 0.000 total 0.002
 current -0.025252525,0.087712096 (31.229785540 mSBet/h)

191 itertime 0.000 total 0.002
 current -0.020124717,0.096521081 (38.198182468 mSBet/h)
 average -0.054021688,0.056041848 (1.010080352 mSBet/h)

192 itertime 0.000 total 0.002
 current -0.015439372,0.095938375 (40.249501863 mSBet/h)

193 itertime 0.000 total 0.002
 current -0.016399695,0.086904762 (35.252533508 mSBet/h)

194 itertime 0.000 total 0.002
 current -0.014337474,0.090214932 (37.938729003 mSBet/h)

195 itertime 0.000 total 0.002
 current -0.006831250,0.099352890 (46.260819982 mSBet/h)

196 itertime 0.000 total 0.002
 current -0.001830319,0.096283525 (47.226603107 mSBet/h)
 average -0.055138299,0.057102822 (0.982261559 mSBet/h)

197 itertime 0.000 total 0.002
 current 0.003003003,0.091231889 (47.117446015 mSBet/h)

198 itertime 0.000 total 0.002
 current 0.006666667,0.076212121 (41.439393939 mSBet/h)

199 itertime 0.000 total 0.002
 current 0.002428941,0.086193568 (44.311254452 mSBet/h)

200 itertime 0.000 total 0.002
 current -0.010461923,0.095695031 (42.616554145 mSBet/h)

201 itertime 0.000 total 0.002
 current -0.032379153,0.117160291 (42.390568816 mSBet/h)
 average -0.053493876,0.056419635 (1.462879497 mSBet/h)

202 itertime 0.000 total 0.002
 current -0.052699713,0.128883326 (38.091806767 mSBet/h)

203 itertime 0.000 total 0.002
 current -0.021220657,0.128883326 (53.831334552 mSBet/h)

204 itertime 0.000 total 0.002
 current 0.004808590,0.116524997 (60.666793313 mSBet/h)

205 itertime 0.000 total 0.002
 current 0.013153028,0.096576227 (54.864627796 mSBet/h)

206 itertime 0.000 total 0.002
 current 0.007452482,0.098874032 (53.163257127 mSBet/h)
 average -0.055089466,0.056919625 (0.915079812 mSBet/h)

207 itertime 0.000 total 0.002
 current -0.005807510,0.090454545 (42.323517795 mSBet/h)

208 itertime 0.000 total 0.002
 current -0.008090615,0.085552585 (38.730984892 mSBet/h)

209 itertime 0.000 total 0.002
 current -0.013071895,0.090535065 (38.731584588 mSBet/h)

210 itertime 0.000 total 0.003
 current -0.021452145,0.087361956 (32.954905531 mSBet/h)

211 itertime 0.000 total 0.003
 current -0.033333333,0.079689405 (23.178035852 mSBet/h)
 average -0.054139095,0.055701176 (0.781040418 mSBet/h)

212 itertime 0.000 total 0.003
 current -0.042464115,0.086104007 (21.819945994 mSBet/h)

213 itertime 0.000 total 0.003
 current -0.046529210,0.094652406 (24.061598398 mSBet/h)

214 itertime 0.000 total 0.003
 current -0.033640023,0.098176015 (32.267995795 mSBet/h)

215 itertime 0.000 total 0.003
 current -0.007478632,0.094961240 (43.741303916 mSBet/h)

216 itertime 0.000 total 0.003
 current 0.013070849,0.083014049 (48.042448935 mSBet/h)
 average -0.055071080,0.057132101 (1.030510397 mSBet/h)

217 itertime 0.000 total 0.003
 current 0.023201223,0.066919192 (45.060207380 mSBet/h)

218 itertime 0.000 total 0.003
 current 0.015180879,0.071240361 (43.210619933 mSBet/h)

219 itertime 0.000 total 0.003
 current 0.001037775,0.092696629 (46.867202112 mSBet/h)

220 itertime 0.000 total 0.003
 current -0.016953767,0.110777587 (46.911910119 mSBet/h)

221 itertime 0.000 total 0.003
 current -0.027719298,0.120617364 (46.449033014 mSBet/h)
 average -0.053919870,0.056402273 (1.241201609 mSBet/h)

222 itertime 0.000 total 0.003
 current -0.039818594,0.122093023 (41.137214576 mSBet/h)

223 itertime 0.000 total 0.003
 current -0.043398693,0.121067031 (38.834169327 mSBet/h)

224 itertime 0.000 total 0.003
 current -0.035256410,0.110229885 (37.486737401 mSBet/h)

225 itertime 0.000 total 0.003
 current -0.023809524,0.110213358 (43.201917130 mSBet/h)

226 itertime 0.000 total 0.003
 current -0.015723270,0.104375163 (44.325946323 mSBet/h)
 average -0.054478058,0.056387909 (0.954925409 mSBet/h)

227 itertime 0.000 total 0.003
 current -0.002489518,0.094738088 (46.124285326 mSBet/h)

228 itertime 0.000 total 0.003
 current 0.012490035,0.075326148 (43.908091232 mSBet/h)

229 itertime 0.000 total 0.003
 current 0.014375562,0.062532705 (38.454133468 mSBet/h)

230 itertime 0.000 total 0.003
 current 0.003056072,0.076750113 (39.903092663 mSBet/h)

231 itertime 0.000 total 0.003
 current -0.016865079,0.089875410 (36.505165182 mSBet/h)
 average -0.054400999,0.056165488 (0.882244551 mSBet/h)

232 itertime 0.000 total 0.003
 current -0.035256410,0.102915952 (33.829770858 mSBet/h)

233 itertime 0.000 total 0.003
 current -0.047032326,0.106050748 (29.509210883 mSBet/h)

234 itertime 0.000 total 0.003
 current -0.038888889,0.102361585 (31.736347851 mSBet/h)

235 itertime 0.000 total 0.003
 current -0.024902635,0.086257925 (30.677645414 mSBet/h)

236 itertime 0.000 total 0.003
 current -0.012245863,0.082251082 (35.002609683 mSBet/h)
 average -0.054783040,0.056492333 (0.854646416 mSBet/h)

237 itertime 0.000 total 0.003
 current -0.003712504,0.083393099 (39.840297670 mSBet/h)

238 itertime 0.000 total 0.003
 current 0.005464060,0.079951691 (42.707875578 mSBet/h)

239 itertime 0.000 total 0.003
 current 0.016590178,0.070181591 (43.385884614 mSBet/h)

240 itertime 0.000 total 0.003
 current 0.018681319,0.079169258 (48.925288548 mSBet/h)

241 itertime 0.000 total 0.003
 current 0.009267793,0.085197754 (47.232773727 mSBet/h)
 average -0.054161237,0.056892482 (1.365622464 mSBet/h)

242 itertime 0.000 total 0.003
 current -0.013140700,0.111390636 (49.124968025 mSBet/h)

243 itertime 0.000 total 0.003
 current -0.038356164,0.128173117 (44.908476277 mSBet/h)

244 itertime 0.000 total 0.003
 current -0.052254585,0.136295540 (42.020477492 mSBet/h)

245 itertime 0.000 total 0.003
 current -0.040177094,0.136295540 (48.059222994 mSBet/h)

246 itertime 0.000 total 0.003
 current -0.029595016,0.122000277 (46.202630927 mSBet/h)
 average -0.054190256,0.055868251 (0.838997509 mSBet/h)

247 itertime 0.000 total 0.003
 current -0.021604938,0.105101328 (41.748194736 mSBet/h)

248 itertime 0.000 total 0.003
 current -0.013761468,0.090093730 (38.166130955 mSBet/h)

249 itertime 0.000 total 0.003
 current -0.009090909,0.088108320 (39.508705580 mSBet/h)

250 itertime 0.000 total 0.003
 current -0.009090909,0.078346261 (34.627675747 mSBet/h)

251 itertime 0.000 total 0.003
 current 0.001767677,0.079710145 (40.738910848 mSBet/h)
 average -0.054872771,0.056677720 (0.902474757 mSBet/h)

252 itertime 0.000 total 0.003
 current 0.014132809,0.081830096 (47.981452339 mSBet/h)

253 itertime 0.000 total 0.003
 current 0.011540526,0.077399267 (44.469896716 mSBet/h)

254 itertime 0.000 total 0.003
 current -0.004873164,0.086687631 (40.907233404 mSBet/h)

255 itertime 0.000 total 0.003
 current -0.030427006,0.104071954 (36.822473800 mSBet/h)

256 itertime 0.000 total 0.003
 current -0.046482245,0.110020011 (31.768883228 mSBet/h)
 average -0.054357546,0.056220108 (0.931280905 mSBet/h)

257 itertime 0.000 total 0.003
 current -0.030000000,0.108785759 (39.392879398 mSBet/h)

258 itertime 0.000 total 0.003
 current -0.012004883,0.097868623 (42.931869999 mSBet/h)

259 itertime 0.000 total 0.003
 current 0.001105278,0.078720022 (39.912649909 mSBet/h)

260 itertime 0.000 total 0.003
 current 0.004799548,0.068561873 (36.680710594 mSBet/h)

261 itertime 0.000 total 0.003
 current 0.001239512,0.067813620 (34.526565947 mSBet/h)
 average -0.054749118,0.056691941 (0.971411824 mSBet/h)

262 itertime 0.000 total 0.003
 current -0.003829787,0.089676731 (42.923471837 mSBet/h)

263 itertime 0.000 total 0.003
 current -0.004825119,0.102691105 (48.932993282 mSBet/h)

264 itertime 0.000 total 0.003
 current -0.009832233,0.108498168 (49.332967637 mSBet/h)

265 itertime 0.000 total 0.003
 current -0.016559829,0.106049383 (44.744776828 mSBet/h)

266 itertime 0.000 total 0.003
 current -0.021721504,0.118913858 (48.596176908 mSBet/h)
 average -0.054290396,0.056205589 (0.957596472 mSBet/h)

267 itertime 0.000 total 0.003
 current -0.021375921,0.129147776 (53.885927215 mSBet/h)

268 itertime 0.000 total 0.003
 current -0.027568922,0.129536355 (50.983716556 mSBet/h)

269 itertime 0.000 total 0.003
 current -0.022123894,0.122045719 (49.960912454 mSBet/h)

270 itertime 0.000 total 0.003
 current -0.017543860,0.108382066 (45.419103314 mSBet/h)

271 itertime 0.000 total 0.003
 current -0.014619883,0.088827839 (37.103977893 mSBet/h)
 average -0.055294875,0.056504821 (0.604972732 mSBet/h)

272 itertime 0.000 total 0.003
 current -0.014619883,0.062406729 (23.893423016 mSBet/h)

273 itertime 0.000 total 0.003
 current -0.017543860,0.065934066 (24.195103142 mSBet/h)

274 itertime 0.000 total 0.003
 current -0.020467836,0.079629630 (29.580896686 mSBet/h)

275 itertime 0.000 total 0.003
 current -0.024122807,0.090706929 (33.292060911 mSBet/h)

276 itertime 0.000 total 0.003
 current -0.009148529,0.095643939 (43.247705167 mSBet/h)
 average -0.054432847,0.056014994 (0.791073702 mSBet/h)

277 itertime 0.000 total 0.003
 current -0.002976190,0.092528736 (44.776272578 mSBet/h)

278 itertime 0.000 total 0.003
 current -0.012878788,0.083333333 (35.227272727 mSBet/h)

279 itertime 0.000 total 0.003
 current -0.018159141,0.100778676 (41.309767687 mSBet/h)

280 itertime 0.000 total 0.003
 current -0.018095238,0.109305741 (45.605251472 mSBet/h)

281 itertime 0.000 total 0.003
 current -0.012350395,0.109314804 (48.482204708 mSBet/h)
 average -0.055022379,0.056585102 (0.781361736 mSBet/h)

282 itertime 0.000 total 0.003
 current 0.001181435,0.100202335 (50.691884837 mSBet/h)

283 itertime 0.000 total 0.003
 current 0.010161565,0.084519060 (47.340312130 mSBet/h)

284 itertime 0.000 total 0.003
 current 0.008604564,0.069636457 (39.120510447 mSBet/h)

285 itertime 0.000 total 0.003
 current -0.001423267,0.084805875 (41.691303901 mSBet/h)

286 itertime 0.000 total 0.003
 current -0.018183645,0.105983396 (43.899875412 mSBet/h)
 average -0.054092757,0.056349646 (1.128444726 mSBet/h)

287 itertime 0.000 total 0.003
 current -0.039245668,0.121283909 (41.019120821 mSBet/h)

288 itertime 0.000 total 0.003
 current -0.039221394,0.127129320 (43.953962881 mSBet/h)

289 itertime 0.000 total 0.003
 current -0.013396005,0.124407985 (55.505989993 mSBet/h)

290 itertime 0.000 total 0.003
 current 0.003766148,0.110981712 (57.373929563 mSBet/h)

291 itertime 0.000 total 0.004
 current 0.007722008,0.107341491 (57.531749134 mSBet/h)
 average -0.054725380,0.056241811 (0.758215451 mSBet/h)

292 itertime 0.000 total 0.004
 current 0.001792717,0.108125977 (54.959346883 mSBet/h)

293 itertime 0.000 total 0.004
 current -0.011077158,0.104817128 (46.869984714 mSBet/h)

294 itertime 0.000 total 0.004
 current -0.015406162,0.094290812 (39.442324655 mSBet/h)

295 itertime 0.000 total 0.004
 current -0.016949153,0.090232739 (36.641793052 mSBet/h)

296 itertime 0.000 total 0.004
 current -0.019774011,0.085413219 (32.819603641 mSBet/h)
 average -0.055019508,0.056343275 (0.661883474 mSBet/h)

297 itertime 0.000 total 0.004
 current -0.025423729,0.074762478 (24.669374721 mSBet/h)

298 itertime 0.000 total 0.004
 current -0.032763533,0.078785420 (23.010943431 mSBet/h)

299 itertime 0.000 total 0.004
 current -0.041847826,0.090217391 (24.184782609 mSBet/h)

300 itertime 0.000 total 0.004
 current -0.051622419,0.098278986 (23.328283314 mSBet/h)

301 itertime 0.000 total 0.004
 current -0.030622728,0.098278986 (33.828128758 mSBet/h)
 average -0.054615135,0.056193529 (0.789196974 mSBet/h)

302 itertime 0.000 total 0.004
 current -0.009112323,0.090860215 (40.873945861 mSBet/h)

303 itertime 0.000 total 0.004
 current 0.001322921,0.079452696 (40.387808521 mSBet/h)

304 itertime 0.000 total 0.004
 current 0.004890605,0.081987989 (43.439296865 mSBet/h)

305 itertime 0.000 total 0.004
 current 0.002214274,0.092234150 (47.224211884 mSBet/h)

306 itertime 0.000 total 0.004
 current -0.005530417,0.092770867 (43.620224950 mSBet/h)
 average -0.055347094,0.056531113 (0.592009786 mSBet/h)

307 itertime 0.000 total 0.004
 current -0.009627832,0.092643837 (41.508002740 mSBet/h)

308 itertime 0.000 total 0.004
 current -0.011989554,0.098756744 (43.383595210 mSBet/h)

309 itertime 0.000 total 0.004
 current -0.016720356,0.104726101 (44.002872542 mSBet/h)

310 itertime 0.000 total 0.004
 current -0.025478059,0.101190476 (37.856208583 mSBet/h)

311 itertime 0.000 total 0.004
 current -0.039126016,0.105939182 (33.406582741 mSBet/h)
 average -0.054272044,0.056141488 (0.934721707 mSBet/h)

312 itertime 0.000 total 0.004
 current -0.046967257,0.115651709 (34.342226145 mSBet/h)

313 itertime 0.000 total 0.004
 current -0.038461538,0.118272254 (39.905358007 mSBet/h)

314 itertime 0.000 total 0.004
 current -0.019809769,0.117521368 (48.855799258 mSBet/h)

315 itertime 0.000 total 0.004
 current -0.001777634,0.104650460 (51.436412736 mSBet/h)

316 itertime 0.000 total 0.004
 current 0.008403361,0.087493692 (47.948526610 mSBet/h)
 average -0.055142447,0.056412762 (0.635157529 mSBet/h)

317 itertime 0.000 total 0.004
 current 0.011204482,0.071893652 (41.549066724 mSBet/h)

318 itertime 0.000 total 0.004
 current 0.000215471,0.071045899 (35.630684818 mSBet/h)

319 itertime 0.000 total 0.004
 current -0.013296458,0.083524246 (35.113894036 mSBet/h)

320 itertime 0.000 total 0.004
 current -0.021008403,0.091765305 (35.378450731 mSBet/h)

321 itertime 0.000 total 0.004
 current -0.028248588,0.095106848 (33.429130048 mSBet/h)
 average -0.054612672,0.055876434 (0.631881156 mSBet/h)

322 itertime 0.000 total 0.004
 current -0.037523452,0.094195668 (28.336108106 mSBet/h)

323 itertime 0.000 total 0.004
 current -0.041493560,0.086679662 (22.593050835 mSBet/h)

324 itertime 0.000 total 0.004
 current -0.038998098,0.083143364 (22.072633037 mSBet/h)

325 itertime 0.000 total 0.004
 current -0.030084963,0.089904005 (29.909521142 mSBet/h)

326 itertime 0.000 total 0.004
 current -0.024955639,0.092830882 (33.937621869 mSBet/h)
 average -0.054804123,0.056215917 (0.705896700 mSBet/h)

327 itertime 0.000 total 0.004
 current -0.009365511,0.092040816 (41.337652534 mSBet/h)

328 itertime 0.000 total 0.004
 current 0.010904190,0.084571202 (47.737696184 mSBet/h)

329 itertime 0.000 total 0.004
 current 0.021052632,0.070061728 (45.557179987 mSBet/h)

330 itertime 0.000 total 0.004
 current 0.018536908,0.061651194 (40.094051334 mSBet/h)

331 itertime 0.000 total 0.004
 current 0.006012506,0.088283828 (47.148167198 mSBet/h)
 average -0.055044574,0.056563110 (0.759268191 mSBet/h)

332 itertime 0.000 total 0.004
 current -0.012197929,0.111625679 (49.713875022 mSBet/h)

333 itertime 0.000 total 0.004
 current -0.033730159,0.123602683 (44.936262059 mSBet/h)

334 itertime 0.000 total 0.004
 current -0.037575115,0.128817204 (45.621044710 mSBet/h)

335 itertime 0.000 total 0.004
 current -0.041997048,0.128360656 (43.181803858 mSBet/h)

336 itertime 0.000 total 0.004
 current -0.038398693,0.118888889 (40.245098039 mSBet/h)
 average -0.054570668,0.055901085 (0.665208745 mSBet/h)

337 itertime 0.000 total 0.004
 current -0.033861341,0.102765449 (34.452054140 mSBet/h)

338 itertime 0.000 total 0.004
 current -0.031165312,0.101657237 (35.245962750 mSBet/h)

339 itertime 0.000 total 0.004
 current -0.024193548,0.104669572 (40.238011573 mSBet/h)

340 itertime 0.000 total 0.004
 current -0.018817204,0.101967886 (41.575341091 mSBet/h)

341 itertime 0.000 total 0.004
 current -0.003783353,0.093466566 (44.841606434 mSBet/h)
 average -0.055207565,0.056521640 (0.657037266 mSBet/h)

342 itertime 0.000 total 0.004
 current 0.013037634,0.077564103 (45.300868486 mSBet/h)

343 itertime 0.000 total 0.004
 current 0.021267184,0.067103730 (44.185456744 mSBet/h)

344 itertime 0.000 total 0.004
 current 0.017049158,0.070053151 (43.551154567 mSBet/h)

345 itertime 0.000 total 0.004
 current -0.000887978,0.093863587 (46.487804646 mSBet/h)

346 itertime 0.000 total 0.004
 current -0.027149922,0.109438114 (41.144095810 mSBet/h)
 average -0.054630455,0.055915902 (0.642723482 mSBet/h)

347 itertime 0.000 total 0.004
 current -0.047222222,0.119279823 (36.028800220 mSBet/h)

348 itertime 0.000 total 0.004
 current -0.045290209,0.116333143 (35.521466821 mSBet/h)

349 itertime 0.000 total 0.004
 current -0.030651341,0.106540299 (37.944479030 mSBet/h)

350 itertime 0.000 total 0.004
 current -0.018753781,0.086943583 (34.094901232 mSBet/h)

351 itertime 0.000 total 0.004
 current -0.010248621,0.077424242 (33.587810855 mSBet/h)
 average -0.054981910,0.056333737 (0.675913111 mSBet/h)

352 itertime 0.000 total 0.004
 current -0.006382903,0.081636466 (37.626781234 mSBet/h)

353 itertime 0.000 total 0.004
 current -0.007880878,0.083333333 (37.726227563 mSBet/h)

354 itertime 0.000 total 0.004
 current 0.002480674,0.080711974 (41.596323965 mSBet/h)

355 itertime 0.000 total 0.004
 current 0.014377246,0.086281887 (50.329566666 mSBet/h)

356 itertime 0.000 total 0.004
 current 0.016349094,0.085001614 (50.675354046 mSBet/h)
 average -0.054728727,0.056484181 (0.877727027 mSBet/h)

357 itertime 0.000 total 0.004
 current 0.010741511,0.088832209 (49.786859808 mSBet/h)

358 itertime 0.000 total 0.004
 current -0.005237249,0.113529596 (54.146173375 mSBet/h)

359 itertime 0.000 total 0.004
 current -0.029962153,0.131638072 (50.837959413 mSBet/h)

360 itertime 0.000 total 0.004
 current -0.054621849,0.140114379 (42.746265173 mSBet/h)

361 itertime 0.000 total 0.004
 current -0.044045102,0.140114379 (48.034638450 mSBet/h)
 average -0.054589257,0.055607314 (0.509028277 mSBet/h)

362 itertime 0.000 total 0.004
 current -0.034576208,0.131638072 (48.530932032 mSBet/h)

363 itertime 0.000 total 0.004
 current -0.028042522,0.117455181 (44.706329284 mSBet/h)

364 itertime 0.000 total 0.004
 current -0.022666667,0.097538331 (37.435832140 mSBet/h)

365 itertime 0.000 total 0.004
 current -0.018518519,0.081569157 (31.525319424 mSBet/h)

366 itertime 0.000 total 0.004
 current -0.015873016,0.084064363 (34.095673718 mSBet/h)
 average -0.055134149,0.056580146 (0.722998342 mSBet/h)

367 itertime 0.000 total 0.004
 current -0.015873016,0.083106987 (33.616985740 mSBet/h)

368 itertime 0.000 total 0.004
 current -0.005428571,0.083940243 (39.255835668 mSBet/h)

369 itertime 0.000 total 0.004
 current 0.012520325,0.085622711 (49.071517913 mSBet/h)

370 itertime 0.000 total 0.004
 current 0.017876543,0.081177156 (49.526849694 mSBet/h)

371 itertime 0.000 total 0.004
 current 0.010951812,0.076723712 (43.837762193 mSBet/h)
 average -0.054716257,0.056184577 (0.734160194 mSBet/h)

372 itertime 0.000 total 0.004
 current -0.009485095,0.097000488 (43.757696631 mSBet/h)

373 itertime 0.000 total 0.004
 current -0.035861865,0.111327805 (37.732969655 mSBet/h)

374 itertime 0.000 total 0.005
 current -0.042700801,0.115338728 (36.318963417 mSBet/h)

375 itertime 0.000 total 0.005
 current -0.029693487,0.113704741 (42.005627283 mSBet/h)

376 itertime 0.000 total 0.005
 current -0.015276956,0.103958118 (44.340580912 mSBet/h)
 average -0.054999224,0.056175721 (0.588248608 mSBet/h)

377 itertime 0.000 total 0.005
 current -0.003525998,0.087063892 (41.768947242 mSBet/h)

378 itertime 0.000 total 0.005
 current 0.001906708,0.069030981 (35.468844095 mSBet/h)

379 itertime 0.000 total 0.005
 current 0.002508332,0.063361318 (32.934825195 mSBet/h)

380 itertime 0.000 total 0.005
 current -0.003030303,0.077016440 (36.993068721 mSBet/h)

381 itertime 0.000 total 0.005
 current -0.015873016,0.093966219 (39.046601547 mSBet/h)
 average -0.054636434,0.056181234 (0.772400178 mSBet/h)

382 itertime 0.000 total 0.005
 current -0.015267947,0.106430606 (45.581329504 mSBet/h)

383 itertime 0.000 total 0.005
 current -0.014998655,0.112066659 (48.534002097 mSBet/h)

384 itertime 0.000 total 0.005
 current -0.010803545,0.109660375 (49.428415148 mSBet/h)

385 itertime 0.000 total 0.005
 current -0.013602798,0.103533275 (44.965238147 mSBet/h)

386 itertime 0.000 total 0.005
 current -0.015211640,0.116043614 (50.415986748 mSBet/h)
 average -0.054679446,0.055821094 (0.570824017 mSBet/h)

387 itertime 0.000 total 0.005
 current -0.020954457,0.121902708 (50.474125260 mSBet/h)

388 itertime 0.000 total 0.005
 current -0.027821823,0.120650954 (46.414565552 mSBet/h)

389 itertime 0.000 total 0.005
 current -0.025641026,0.114478114 (44.418544419 mSBet/h)

390 itertime 0.000 total 0.005
 current -0.023076923,0.104653371 (40.788224122 mSBet/h)

391 itertime 0.000 total 0.005
 current -0.020512821,0.087920489 (33.703834392 mSBet/h)
 average -0.055326614,0.056485910 (0.579647620 mSBet/h)

392 itertime 0.000 total 0.005
 current -0.020512821,0.066862170 (23.174674788 mSBet/h)

393 itertime 0.000 total 0.005
 current -0.020512821,0.060907238 (20.197208500 mSBet/h)

394 itertime 0.000 total 0.005
 current -0.023076923,0.072477650 (24.700363493 mSBet/h)

395 itertime 0.000 total 0.005
 current -0.027131783,0.084451997 (28.660106828 mSBet/h)

396 itertime 0.000 total 0.005
 current -0.030405802,0.093399165 (31.496681568 mSBet/h)
 average -0.054898799,0.055995911 (0.548555984 mSBet/h)

397 itertime 0.000 total 0.005
 current -0.017744671,0.095911950 (39.083639571 mSBet/h)

398 itertime 0.000 total 0.005
 current -0.011904762,0.091652373 (39.873805440 mSBet/h)

399 itertime 0.000 total 0.005
 current -0.008922788,0.084646962 (37.862087154 mSBet/h)

400 itertime 0.000 total 0.005
 current -0.008879781,0.086254842 (38.687530379 mSBet/h)

401 itertime 0.000 total 0.005
 current -0.014460784,0.098632325 (42.085770367 mSBet/h)
 average -0.054945555,0.056193988 (0.624216821 mSBet/h)

402 itertime 0.000 total 0.005
 current -0.015571274,0.105345912 (44.887318879 mSBet/h)

403 itertime 0.000 total 0.005
 current -0.019806763,0.106047412 (43.120324211 mSBet/h)

404 itertime 0.000 total 0.005
 current -0.009735878,0.098876425 (44.570273329 mSBet/h)

405 itertime 0.000 total 0.005
 current -0.004440811,0.087212720 (41.385954558 mSBet/h)

406 itertime 0.000 total 0.005
 current -0.002629216,0.072516442 (34.943612655 mSBet/h)
 average -0.055099743,0.056295716 (0.597986589 mSBet/h)

407 itertime 0.000 total 0.005
 current -0.007246377,0.072304291 (32.528957107 mSBet/h)

408 itertime 0.000 total 0.005
 current -0.016366283,0.087850768 (35.742242515 mSBet/h)

409 itertime 0.000 total 0.005
 current -0.028449328,0.102072805 (36.811738509 mSBet/h)

410 itertime 0.000 total 0.005
 current -0.042805100,0.112762108 (34.978503740 mSBet/h)

411 itertime 0.000 total 0.005
 current -0.041409091,0.115906762 (37.248835421 mSBet/h)
 average -0.054509903,0.055881961 (0.686029024 mSBet/h)

412 itertime 0.000 total 0.005
 current -0.025567925,0.113422834 (43.927454762 mSBet/h)

413 itertime 0.000 total 0.005
 current -0.011316047,0.104836714 (46.760333183 mSBet/h)

414 itertime 0.000 total 0.005
 current -0.004597701,0.094092693 (44.747496121 mSBet/h)

415 itertime 0.000 total 0.005
 current -0.002096345,0.094521605 (46.212629904 mSBet/h)

416 itertime 0.000 total 0.005
 current -0.007745999,0.097483381 (44.868690749 mSBet/h)
 average -0.055214482,0.056222330 (0.503923784 mSBet/h)

417 itertime 0.000 total 0.005
 current -0.018370518,0.093503846 (37.566663713 mSBet/h)

418 itertime 0.000 total 0.005
 current -0.020202020,0.085858586 (32.828282828 mSBet/h)

419 itertime 0.000 total 0.005
 current -0.022727273,0.086596737 (31.934731935 mSBet/h)

420 itertime 0.000 total 0.005
 current -0.025252525,0.085700758 (30.224116162 mSBet/h)

421 itertime 0.000 total 0.005
 current -0.029262087,0.079389129 (25.063521438 mSBet/h)
 average -0.055112611,0.056108885 (0.498136912 mSBet/h)

422 itertime 0.000 total 0.005
 current -0.033842239,0.069647293 (17.902526706 mSBet/h)

423 itertime 0.000 total 0.005
 current -0.038933873,0.079614368 (20.340247381 mSBet/h)

424 itertime 0.000 total 0.005
 current -0.045178405,0.086297548 (20.559571811 mSBet/h)

425 itertime 0.000 total 0.005
 current -0.053329413,0.092760943 (19.715764839 mSBet/h)

426 itertime 0.000 total 0.005
 current -0.038766789,0.092760943 (26.997076997 mSBet/h)
 average -0.054954041,0.055956756 (0.501357416 mSBet/h)

427 itertime 0.000 total 0.005
 current -0.021782772,0.089012669 (33.614948876 mSBet/h)

428 itertime 0.000 total 0.005
 current -0.008730599,0.082147000 (36.708200612 mSBet/h)

429 itertime 0.000 total 0.005
 current -0.000269149,0.072379533 (36.055191932 mSBet/h)

430 itertime 0.000 total 0.005
 current 0.001767677,0.074098124 (37.932900433 mSBet/h)

431 itertime 0.000 total 0.005
 current -0.002596544,0.083679834 (40.541644722 mSBet/h)
 average -0.055490546,0.056313510 (0.411481607 mSBet/h)

432 itertime 0.000 total 0.005
 current -0.009343764,0.088834776 (39.745506377 mSBet/h)

433 itertime 0.000 total 0.005
 current -0.020074697,0.092528429 (36.226866368 mSBet/h)

434 itertime 0.000 total 0.005
 current -0.020906433,0.101457001 (40.275283981 mSBet/h)

435 itertime 0.000 total 0.005
 current -0.024931694,0.103715729 (39.392017363 mSBet/h)

436 itertime 0.000 total 0.005
 current -0.028793925,0.104617605 (37.911839666 mSBet/h)
 average -0.054798538,0.056049640 (0.625551089 mSBet/h)

437 itertime 0.000 total 0.005
 current -0.037882507,0.098580586 (30.349039563 mSBet/h)

438 itertime 0.000 total 0.005
 current -0.046440972,0.099842631 (26.700829435 mSBet/h)

439 itertime 0.000 total 0.005
 current -0.043910256,0.104210911 (30.150327126 mSBet/h)

440 itertime 0.000 total 0.005
 current -0.037878788,0.105867406 (33.994308994 mSBet/h)

441 itertime 0.000 total 0.005
 current -0.031328321,0.105312614 (36.992146493 mSBet/h)
 average -0.054883064,0.055835261 (0.476098559 mSBet/h)

442 itertime 0.000 total 0.005
 current -0.013495277,0.097371436 (41.938079691 mSBet/h)

443 itertime 0.000 total 0.005
 current -0.000165837,0.085772565 (42.803363769 mSBet/h)

444 itertime 0.000 total 0.005
 current 0.006316731,0.070434093 (38.375411820 mSBet/h)

445 itertime 0.000 total 0.005
 current 0.006316731,0.057614555 (31.965643104 mSBet/h)

446 itertime 0.000 total 0.005
 current -0.000165837,0.072746846 (36.290504426 mSBet/h)
 average -0.055273196,0.056134590 (0.430696840 mSBet/h)

447 itertime 0.000 total 0.005
 current -0.013495277,0.087465106 (36.984914729 mSBet/h)

448 itertime 0.000 total 0.005
 current -0.031328321,0.097334295 (33.002986872 mSBet/h)

449 itertime 0.000 total 0.005
 current -0.037878788,0.102897631 (32.509421495 mSBet/h)

450 itertime 0.000 total 0.005
 current -0.043910256,0.101666872 (28.878307895 mSBet/h)

451 itertime 0.000 total 0.005
 current -0.045384987,0.095485780 (25.050396560 mSBet/h)
 average -0.054921585,0.055929363 (0.503888851 mSBet/h)

452 itertime 0.000 total 0.005
 current -0.036164294,0.086317171 (25.076438585 mSBet/h)

453 itertime 0.000 total 0.005
 current -0.028113799,0.078636959 (25.261580044 mSBet/h)

454 itertime 0.000 total 0.005
 current -0.024273799,0.083333333 (29.529767041 mSBet/h)

455 itertime 0.000 total 0.005
 current -0.022044917,0.086103345 (32.029213733 mSBet/h)

456 itertime 0.000 total 0.005
 current -0.014036049,0.084978070 (35.471010487 mSBet/h)
 average -0.055274035,0.056185478 (0.455721669 mSBet/h)

457 itertime 0.000 total 0.006
 current 0.000627746,0.078476249 (39.551997496 mSBet/h)

458 itertime 0.000 total 0.006
 current 0.009887006,0.073639226 (41.763115960 mSBet/h)

459 itertime 0.000 total 0.006
 current 0.010576644,0.073036156 (41.806400273 mSBet/h)

460 itertime 0.000 total 0.006
 current 0.002777778,0.081347648 (42.062712752 mSBet/h)

461 itertime 0.000 total 0.006
 current -0.010652668,0.099669464 (44.508397871 mSBet/h)
 average -0.054852640,0.056180706 (0.664033033 mSBet/h)

462 itertime 0.000 total 0.006
 current -0.026320454,0.113868003 (43.773774801 mSBet/h)

463 itertime 0.000 total 0.006
 current -0.043222420,0.120212503 (38.495041655 mSBet/h)

464 itertime 0.000 total 0.006
 current -0.053216374,0.123136480 (34.960052714 mSBet/h)

465 itertime 0.000 total 0.006
 current -0.045014559,0.123136480 (39.060960396 mSBet/h)

466 itertime 0.000 total 0.006
 current -0.038909503,0.115517667 (38.304082106 mSBet/h)
 average -0.054943511,0.055693090 (0.374789773 mSBet/h)

467 itertime 0.000 total 0.006
 current -0.033834586,0.104344194 (35.254803676 mSBet/h)

468 itertime 0.000 total 0.006
 current -0.028822055,0.091304348 (31.241146344 mSBet/h)

469 itertime 0.000 total 0.006
 current -0.024875622,0.079346578 (27.235478128 mSBet/h)

470 itertime 0.000 total 0.006
 current -0.022388060,0.080323300 (28.967620094 mSBet/h)

471 itertime 0.000 total 0.006
 current -0.019900498,0.079084603 (29.592052743 mSBet/h)
 average -0.055335801,0.056036674 (0.350436549 mSBet/h)

472 itertime 0.000 total 0.006
 current -0.019900498,0.070964214 (25.531858030 mSBet/h)

473 itertime 0.000 total 0.006
 current -0.013616130,0.074514243 (30.449056359 mSBet/h)

474 itertime 0.000 total 0.006
 current -0.008585293,0.075876762 (33.645734349 mSBet/h)

475 itertime 0.000 total 0.006
 current -0.009822944,0.074268210 (32.222632604 mSBet/h)

476 itertime 0.000 total 0.006
 current -0.016373412,0.072667743 (28.147165644 mSBet/h)
 average -0.054925010,0.055821372 (0.448181107 mSBet/h)

477 itertime 0.000 total 0.006
 current -0.028423350,0.086287682 (28.932166284 mSBet/h)

478 itertime 0.000 total 0.006
 current -0.045915570,0.093347193 (23.715811586 mSBet/h)

479 itertime 0.000 total 0.006
 current -0.047619048,0.097103062 (24.742007136 mSBet/h)

480 itertime 0.000 total 0.006
 current -0.035666778,0.096178030 (30.255626099 mSBet/h)

481 itertime 0.000 total 0.006
 current -0.025261992,0.086833447 (30.785727399 mSBet/h)
 average -0.055105776,0.055967804 (0.431013722 mSBet/h)

482 itertime 0.000 total 0.006
 current -0.017206883,0.077421815 (30.107466327 mSBet/h)

483 itertime 0.000 total 0.006
 current -0.012221838,0.066487966 (27.133064268 mSBet/h)

484 itertime 0.000 total 0.006
 current -0.010000581,0.063154057 (26.576737935 mSBet/h)

485 itertime 0.000 total 0.006
 current -0.011701262,0.061949066 (25.123902279 mSBet/h)

486 itertime 0.000 total 0.006
 current -0.016745297,0.075950486 (29.602594770 mSBet/h)
 average -0.055039040,0.056108425 (0.534692471 mSBet/h)

487 itertime 0.000 total 0.006
 current -0.019403595,0.087776304 (34.186354692 mSBet/h)

488 itertime 0.000 total 0.006
 current -0.020487168,0.098327759 (38.920295432 mSBet/h)

489 itertime 0.000 total 0.006
 current -0.023164036,0.101949258 (39.392611391 mSBet/h)

490 itertime 0.000 total 0.006
 current -0.024705581,0.100688570 (37.991494293 mSBet/h)

491 itertime 0.000 total 0.006
 current -0.027805780,0.098470535 (35.332377871 mSBet/h)
 average -0.054845967,0.055889824 (0.521928590 mSBet/h)

492 itertime 0.000 total 0.006
 current -0.023104201,0.104357137 (40.626468105 mSBet/h)

493 itertime 0.000 total 0.006
 current -0.025405116,0.108507570 (41.551227226 mSBet/h)

494 itertime 0.000 total 0.006
 current -0.027619949,0.108977398 (40.678724478 mSBet/h)

495 itertime 0.000 total 0.006
 current -0.028822055,0.104426165 (37.802055079 mSBet/h)

496 itertime 0.000 total 0.006
 current -0.024875622,0.098629064 (36.876720978 mSBet/h)
 average -0.055320076,0.055965920 (0.322922075 mSBet/h)

497 itertime 0.000 total 0.006
 current -0.022388060,0.089438158 (33.525048966 mSBet/h)

498 itertime 0.000 total 0.006
 current -0.022388060,0.080152979 (28.882459682 mSBet/h)

499 itertime 0.000 total 0.006
 current -0.022388060,0.068210483 (22.911211820 mSBet/h)

500 itertime 0.000 total 0.006
 current -0.023809524,0.059420290 (17.805383023 mSBet/h)

501 itertime 0.000 total 0.006
 current -0.026315789,0.068916288 (21.300249325 mSBet/h)
 average -0.055131437,0.056024571 (0.446567025 mSBet/h)

502 itertime 0.000 total 0.006
 current -0.030303030,0.076254181 (22.975575149 mSBet/h)

503 itertime 0.000 total 0.006
 current -0.034351145,0.083873936 (24.761395505 mSBet/h)

504 itertime 0.000 total 0.006
 current -0.034152789,0.088662517 (27.254863857 mSBet/h)

505 itertime 0.000 total 0.006
 current -0.028505372,0.087649680 (29.572153899 mSBet/h)

506 itertime 0.000 total 0.006
 current -0.026318706,0.083821194 (28.751243941 mSBet/h)
 average -0.054866585,0.055887697 (0.510556426 mSBet/h)

507 itertime 0.000 total 0.006
 current -0.018805495,0.079381852 (30.288178373 mSBet/h)

508 itertime 0.000 total 0.006
 current -0.015253856,0.072305764 (28.525954366 mSBet/h)

509 itertime 0.000 total 0.006
 current -0.015874363,0.082652753 (33.389194622 mSBet/h)

510 itertime 0.000 total 0.006
 current -0.015255009,0.088520123 (36.632557196 mSBet/h)

511 itertime 0.000 total 0.006
 current -0.018665317,0.092440446 (36.887564538 mSBet/h)
 average -0.055242032,0.056070884 (0.414425924 mSBet/h)

512 itertime 0.000 total 0.006
 current -0.021111111,0.089156080 (34.022484372 mSBet/h)

513 itertime 0.000 total 0.006
 current -0.017320261,0.082659862 (32.669800357 mSBet/h)

514 itertime 0.000 total 0.006
 current -0.016783011,0.084444444 (33.830716699 mSBet/h)

515 itertime 0.000 total 0.006
 current -0.019974534,0.082226294 (31.125879816 mSBet/h)

516 itertime 0.000 total 0.006
 current -0.024705975,0.079792586 (27.543305249 mSBet/h)
 average -0.055163054,0.055940794 (0.388869834 mSBet/h)

517 itertime 0.000 total 0.006
 current -0.032274510,0.089025199 (28.375344568 mSBet/h)

518 itertime 0.000 total 0.006
 current -0.041306099,0.098649881 (28.671891147 mSBet/h)

519 itertime 0.000 total 0.006
 current -0.052777778,0.105400066 (26.311144360 mSBet/h)

520 itertime 0.000 total 0.006
 current -0.043672431,0.107495832 (31.911700768 mSBet/h)

521 itertime 0.000 total 0.006
 current -0.024779040,0.104646829 (39.933894544 mSBet/h)
 average -0.055131936,0.055785673 (0.326868582 mSBet/h)

522 itertime 0.000 total 0.006
 current -0.009273183,0.097836765 (44.281791210 mSBet/h)

523 itertime 0.000 total 0.006
 current -0.000026185,0.086578697 (43.276255970 mSBet/h)

524 itertime 0.000 total 0.006
 current 0.002461377,0.074260960 (38.361168581 mSBet/h)

525 itertime 0.000 total 0.006
 current 0.001166045,0.072072072 (36.619058424 mSBet/h)

526 itertime 0.000 total 0.006
 current -0.007693491,0.074350282 (33.328395590 mSBet/h)
 average -0.055269337,0.056127316 (0.428989209 mSBet/h)

527 itertime 0.000 total 0.006
 current -0.016372221,0.080362361 (31.995070331 mSBet/h)

528 itertime 0.000 total 0.006
 current -0.027363184,0.089307536 (30.972176167 mSBet/h)

529 itertime 0.000 total 0.006
 current -0.031328321,0.095005958 (31.838818794 mSBet/h)

530 itertime 0.000 total 0.006
 current -0.036340852,0.094584064 (29.121605885 mSBet/h)

531 itertime 0.000 total 0.006
 current -0.039092852,0.089063759 (24.985453563 mSBet/h)
 average -0.054871465,0.055650691 (0.389612803 mSBet/h)

532 itertime 0.000 total 0.006
 current -0.040834801,0.082500272 (20.832735412 mSBet/h)

533 itertime 0.000 total 0.006
 current -0.042948718,0.074233716 (15.642499263 mSBet/h)

534 itertime 0.000 total 0.006
 current -0.037654045,0.080582923 (21.464438951 mSBet/h)

535 itertime 0.000 total 0.006
 current -0.035624188,0.086214228 (25.295020126 mSBet/h)

536 itertime 0.000 total 0.006
 current -0.034561056,0.089458689 (27.448816677 mSBet/h)
 average -0.055022258,0.055956542 (0.467141712 mSBet/h)

537 itertime 0.000 total 0.006
 current -0.020364940,0.087201217 (33.418138571 mSBet/h)

538 itertime 0.000 total 0.006
 current -0.006013746,0.082006506 (37.996380015 mSBet/h)

539 itertime 0.000 total 0.006
 current 0.004963629,0.072484238 (38.723933345 mSBet/h)

540 itertime 0.000 total 0.006
 current 0.008994984,0.061205273 (35.100128318 mSBet/h)

541 itertime 0.000 total 0.006
 current 0.004963629,0.065461394 (35.212511090 mSBet/h)
 average -0.055493079,0.056226951 (0.366936144 mSBet/h)

542 itertime 0.000 total 0.006
 current -0.003472222,0.082251082 (39.389430014 mSBet/h)

543 itertime 0.000 total 0.006
 current -0.016571429,0.098476722 (40.952646581 mSBet/h)

544 itertime 0.000 total 0.007
 current -0.031536487,0.111299435 (39.881474023 mSBet/h)

545 itertime 0.000 total 0.007
 current -0.038860434,0.117004952 (39.072259257 mSBet/h)

546 itertime 0.000 total 0.007
 current -0.040859173,0.116949153 (38.044989708 mSBet/h)
 average -0.055087496,0.055762451 (0.337477371 mSBet/h)

547 itertime 0.000 total 0.007
 current -0.042748092,0.115607345 (36.429626515 mSBet/h)

548 itertime 0.000 total 0.007
 current -0.039403469,0.108381606 (34.489068794 mSBet/h)

549 itertime 0.000 total 0.007
 current -0.034508441,0.097696089 (31.593824154 mSBet/h)

550 itertime 0.000 total 0.007
 current -0.031235333,0.089385050 (29.074858604 mSBet/h)

551 itertime 0.000 total 0.007
 current -0.030511464,0.094430562 (31.959548873 mSBet/h)
 average -0.055255267,0.055846802 (0.295767686 mSBet/h)

552 itertime 0.000 total 0.007
 current -0.026960784,0.095196188 (34.117701840 mSBet/h)

553 itertime 0.000 total 0.007
 current -0.024509804,0.093888207 (34.689201626 mSBet/h)

554 itertime 0.000 total 0.007
 current -0.015392157,0.088510915 (36.559379170 mSBet/h)

555 itertime 0.000 total 0.007
 current 0.001750700,0.077448472 (39.599586237 mSBet/h)

556 itertime 0.000 total 0.007
 current 0.013001543,0.072120472 (42.561007665 mSBet/h)
 average -0.055101386,0.056227908 (0.563261240 mSBet/h)

557 itertime 0.000 total 0.007
 current 0.014424951,0.069713431 (42.069191111 mSBet/h)

558 itertime 0.000 total 0.007
 current 0.009486680,0.072044584 (40.765631715 mSBet/h)

559 itertime 0.000 total 0.007
 current -0.006063433,0.088744589 (41.340577954 mSBet/h)

560 itertime 0.000 total 0.007
 current -0.025152166,0.101717581 (38.282707268 mSBet/h)

561 itertime 0.000 total 0.007
 current -0.045496183,0.109401476 (31.952646625 mSBet/h)
 average -0.054721976,0.055811147 (0.544585218 mSBet/h)

562 itertime 0.000 total 0.007
 current -0.048753610,0.109401476 (30.323933243 mSBet/h)

563 itertime 0.000 total 0.007
 current -0.035624188,0.109401476 (36.888644352 mSBet/h)

564 itertime 0.000 total 0.007
 current -0.023897436,0.101717581 (38.910072384 mSBet/h)

565 itertime 0.000 total 0.007
 current -0.014634146,0.088744589 (37.055221202 mSBet/h)

566 itertime 0.000 total 0.007
 current -0.008892669,0.074175054 (32.641192137 mSBet/h)
 average -0.055187995,0.056049640 (0.430822495 mSBet/h)

567 itertime 0.000 total 0.007
 current -0.007713499,0.065565566 (28.926033471 mSBet/h)

568 itertime 0.000 total 0.007
 current -0.010277601,0.068149718 (28.936058164 mSBet/h)

569 itertime 0.000 total 0.007
 current -0.016632182,0.077897085 (30.632451341 mSBet/h)

570 itertime 0.000 total 0.007
 current -0.022889386,0.090136876 (33.623745147 mSBet/h)

571 itertime 0.000 total 0.007
 current -0.016309764,0.098778851 (41.234543503 mSBet/h)
 average -0.055173264,0.056116980 (0.471858301 mSBet/h)

572 itertime 0.000 total 0.007
 current -0.013285710,0.100047818 (43.381053675 mSBet/h)

573 itertime 0.000 total 0.007
 current -0.007428941,0.098370780 (45.470919587 mSBet/h)

574 itertime 0.000 total 0.007
 current -0.007821079,0.095244921 (43.711920582 mSBet/h)

575 itertime 0.000 total 0.007
 current -0.011363636,0.096957770 (42.797067043 mSBet/h)

576 itertime 0.000 total 0.007
 current -0.013719867,0.107428156 (46.854144885 mSBet/h)
 average -0.055139581,0.055885402 (0.372910348 mSBet/h)

577 itertime 0.000 total 0.007
 current -0.020538721,0.111703218 (45.582248667 mSBet/h)

578 itertime 0.000 total 0.007
 current -0.031862745,0.112967138 (40.552196488 mSBet/h)

579 itertime 0.000 total 0.007
 current -0.032846715,0.110166018 (38.659651149 mSBet/h)

580 itertime 0.000 total 0.007
 current -0.030413625,0.101653007 (35.619690789 mSBet/h)

581 itertime 0.000 total 0.007
 current -0.028985507,0.088900560 (29.957526489 mSBet/h)
 average -0.055439357,0.055757517 (0.159080110 mSBet/h)

582 itertime 0.000 total 0.007
 current -0.028985507,0.075967096 (23.490794226 mSBet/h)

583 itertime 0.000 total 0.007
 current -0.028381643,0.065237459 (18.427908054 mSBet/h)

584 itertime 0.000 total 0.007
 current -0.029589372,0.062147526 (16.279076848 mSBet/h)

585 itertime 0.000 total 0.007
 current -0.032340311,0.071006485 (19.333086730 mSBet/h)

586 itertime 0.000 total 0.007
 current -0.037374966,0.079378531 (21.001782433 mSBet/h)
 average -0.055077737,0.055587150 (0.254706884 mSBet/h)

587 itertime 0.000 total 0.007
 current -0.041666667,0.085202725 (21.768029246 mSBet/h)

588 itertime 0.000 total 0.007
 current -0.045679012,0.088919808 (21.620397698 mSBet/h)

589 itertime 0.000 total 0.007
 current -0.035197216,0.090332237 (27.567510389 mSBet/h)

590 itertime 0.000 total 0.007
 current -0.021704079,0.088027584 (33.161752555 mSBet/h)

591 itertime 0.000 total 0.007
 current -0.010012920,0.081503143 (35.745111628 mSBet/h)
 average -0.055023813,0.056098194 (0.537190506 mSBet/h)

592 itertime 0.000 total 0.007
 current -0.003101885,0.072773109 (34.835612126 mSBet/h)

593 itertime 0.000 total 0.007
 current -0.003666667,0.077334824 (36.834078813 mSBet/h)

594 itertime 0.000 total 0.007
 current -0.008463750,0.085919540 (38.727895315 mSBet/h)

595 itertime 0.000 total 0.007
 current -0.011721525,0.090394849 (39.336661945 mSBet/h)

596 itertime 0.000 total 0.007
 current -0.017330211,0.091732297 (37.201043329 mSBet/h)
 average -0.055266779,0.056121924 (0.427572473 mSBet/h)

597 itertime 0.000 total 0.007
 current -0.023160206,0.089041912 (32.940852824 mSBet/h)

598 itertime 0.000 total 0.007
 current -0.021667785,0.090718157 (34.525185848 mSBet/h)

599 itertime 0.000 total 0.007
 current -0.021212121,0.093312757 (36.050317995 mSBet/h)

600 itertime 0.000 total 0.007
 current -0.023435435,0.094753086 (35.658825492 mSBet/h)

601 itertime 0.000 total 0.007
 current -0.028422123,0.093055556 (32.316716323 mSBet/h)
 average -0.055194669,0.055858937 (0.332133782 mSBet/h)

602 itertime 0.000 total 0.007
 current -0.034709128,0.088396624 (26.843748370 mSBet/h)

603 itertime 0.000 total 0.007
 current -0.044263243,0.096588565 (26.162660787 mSBet/h)

604 itertime 0.000 total 0.007
 current -0.045078292,0.102417027 (28.669367678 mSBet/h)

605 itertime 0.000 total 0.007
 current -0.042288557,0.104573003 (31.142222770 mSBet/h)

606 itertime 0.000 total 0.007
 current -0.035802469,0.103740104 (33.968817302 mSBet/h)
 average -0.055185718,0.055715837 (0.265059455 mSBet/h)

607 itertime 0.000 total 0.007
 current -0.021340388,0.097601842 (38.130726759 mSBet/h)

608 itertime 0.000 total 0.007
 current -0.009332579,0.087341876 (39.004648162 mSBet/h)

609 itertime 0.000 total 0.007
 current 0.001380164,0.077132486 (39.256325052 mSBet/h)

610 itertime 0.000 total 0.007
 current 0.004901961,0.065195702 (35.048831320 mSBet/h)

611 itertime 0.000 total 0.007
 current 0.004901961,0.058607213 (31.754587045 mSBet/h)
 average -0.055290022,0.056046398 (0.378188191 mSBet/h)

612 itertime 0.000 total 0.007
 current -0.001070817,0.071702468 (35.315825881 mSBet/h)

613 itertime 0.000 total 0.007
 current -0.011783560,0.084612799 (36.414619632 mSBet/h)

614 itertime 0.000 total 0.007
 current -0.027044025,0.093279929 (33.117952125 mSBet/h)

615 itertime 0.000 total 0.007
 current -0.039800995,0.098332511 (29.265757900 mSBet/h)

616 itertime 0.000 total 0.007
 current -0.045910230,0.099709921 (26.899845587 mSBet/h)
 average -0.054949073,0.055649324 (0.350125546 mSBet/h)

617 itertime 0.000 total 0.007
 current -0.046785422,0.098026005 (25.620291534 mSBet/h)

618 itertime 0.000 total 0.007
 current -0.041394039,0.090721478 (24.663719786 mSBet/h)

619 itertime 0.000 total 0.007
 current -0.033628319,0.080358463 (23.365072412 mSBet/h)

620 itertime 0.000 total 0.007
 current -0.027378319,0.070636434 (21.629057844 mSBet/h)

621 itertime 0.000 total 0.007
 current -0.024342090,0.074237849 (24.947879369 mSBet/h)
 average -0.055141976,0.055881867 (0.369945357 mSBet/h)

622 itertime 0.000 total 0.008
 current -0.022156085,0.075935692 (26.889803567 mSBet/h)

623 itertime 0.000 total 0.008
 current -0.024108108,0.077292231 (26.592061574 mSBet/h)

624 itertime 0.000 total 0.008
 current -0.023033639,0.076701401 (26.833880837 mSBet/h)

625 itertime 0.000 total 0.008
 current -0.014562627,0.079574359 (32.505866314 mSBet/h)

626 itertime 0.000 total 0.008
 current -0.008836395,0.080927847 (36.045725762 mSBet/h)
 average -0.055418295,0.056120468 (0.351086321 mSBet/h)

627 itertime 0.000 total 0.008
 current -0.003906250,0.080644145 (38.368947735 mSBet/h)

628 itertime 0.000 total 0.008
 current -0.002496174,0.077682629 (37.593227360 mSBet/h)

629 itertime 0.000 total 0.008
 current -0.008333333,0.084010840 (37.838753388 mSBet/h)

630 itertime 0.000 total 0.008
 current -0.018829517,0.096786682 (38.978582807 mSBet/h)

631 itertime 0.000 total 0.008
 current -0.032486076,0.105046609 (36.280266549 mSBet/h)
 average -0.055194395,0.055908113 (0.356858964 mSBet/h)

632 itertime 0.000 total 0.008
 current -0.043181348,0.111704156 (34.261403841 mSBet/h)

633 itertime 0.000 total 0.008
 current -0.049751244,0.114377238 (32.312996915 mSBet/h)

634 itertime 0.000 total 0.008
 current -0.045679012,0.114377238 (34.349112633 mSBet/h)

635 itertime 0.000 total 0.008
 current -0.040178571,0.108971915 (34.396671841 mSBet/h)

636 itertime 0.000 total 0.008
 current -0.035818100,0.099582128 (31.882014164 mSBet/h)
 average -0.055483665,0.055712809 (0.114571712 mSBet/h)

637 itertime 0.000 total 0.008
 current -0.032259786,0.090033828 (28.887021011 mSBet/h)

638 itertime 0.000 total 0.008
 current -0.030191474,0.077235772 (23.522149376 mSBet/h)

639 itertime 0.000 total 0.008
 current -0.029468599,0.064650462 (17.590931310 mSBet/h)

640 itertime 0.000 total 0.008
 current -0.030917874,0.064741536 (16.911830970 mSBet/h)

641 itertime 0.000 total 0.008
 current -0.031400966,0.069600230 (19.099631950 mSBet/h)
 average -0.055213077,0.055780331 (0.283626999 mSBet/h)

642 itertime 0.000 total 0.008
 current -0.032846715,0.078280560 (22.716922297 mSBet/h)

643 itertime 0.000 total 0.008
 current -0.035279805,0.084681644 (24.700919114 mSBet/h)

644 itertime 0.000 total 0.008
 current -0.028512322,0.086874022 (29.180849775 mSBet/h)

645 itertime 0.000 total 0.008
 current -0.016730126,0.086111111 (34.690492673 mSBet/h)

646 itertime 0.000 total 0.008
 current -0.009168443,0.083370871 (37.101213687 mSBet/h)
 average -0.054994035,0.055882373 (0.444169167 mSBet/h)

647 itertime 0.000 total 0.008
 current -0.007410353,0.078431373 (35.510509872 mSBet/h)

648 itertime 0.000 total 0.008
 current -0.006555944,0.073074230 (33.259142818 mSBet/h)

649 itertime 0.000 total 0.008
 current -0.011523083,0.089657228 (39.067072919 mSBet/h)

650 itertime 0.000 total 0.008
 current -0.019814533,0.098225957 (39.205711988 mSBet/h)

651 itertime 0.000 total 0.008
 current -0.020864938,0.102745478 (40.940270141 mSBet/h)
 average -0.055029289,0.056016248 (0.493479435 mSBet/h)

652 itertime 0.000 total 0.008
 current -0.026455026,0.103315285 (38.430129026 mSBet/h)

653 itertime 0.000 total 0.008
 current -0.017809524,0.097782686 (39.986580991 mSBet/h)

654 itertime 0.000 total 0.008
 current -0.011846988,0.088742746 (38.447878750 mSBet/h)

655 itertime 0.000 total 0.008
 current -0.009479344,0.079499442 (35.010049267 mSBet/h)

656 itertime 0.000 total 0.008
 current -0.010081871,0.079365079 (34.641604010 mSBet/h)
 average -0.055358433,0.055931046 (0.286306552 mSBet/h)

657 itertime 0.000 total 0.008
 current -0.014759120,0.077145338 (31.193108808 mSBet/h)

658 itertime 0.000 total 0.008
 current -0.022752193,0.092697133 (34.972469817 mSBet/h)

659 itertime 0.000 total 0.008
 current -0.033270283,0.104847664 (35.788690615 mSBet/h)

660 itertime 0.000 total 0.008
 current -0.045739348,0.113243611 (33.752131428 mSBet/h)

661 itertime 0.000 total 0.008
 current -0.050056117,0.115151791 (32.547837022 mSBet/h)
 average -0.055054062,0.055765596 (0.355766652 mSBet/h)

662 itertime 0.000 total 0.008
 current -0.026493647,0.115151791 (44.329071918 mSBet/h)

663 itertime 0.000 total 0.008
 current -0.008773129,0.106659846 (48.943358657 mSBet/h)

664 itertime 0.000 total 0.008
 current 0.005721137,0.097468638 (51.594887684 mSBet/h)

665 itertime 0.000 total 0.008
 current 0.013095238,0.081866030 (47.480634051 mSBet/h)

666 itertime 0.000 total 0.008
 current 0.011904762,0.078084997 (44.994879672 mSBet/h)
 average -0.055488397,0.056144788 (0.328195512 mSBet/h)

667 itertime 0.000 total 0.008
 current 0.005051519,0.082583146 (43.817332294 mSBet/h)

668 itertime 0.000 total 0.008
 current -0.006304177,0.084875170 (39.285496712 mSBet/h)

669 itertime 0.000 total 0.008
 current -0.018614719,0.093084066 (37.234673928 mSBet/h)

670 itertime 0.000 total 0.008
 current -0.028571429,0.101231324 (36.329947589 mSBet/h)

671 itertime 0.000 total 0.008
 current -0.032374101,0.102695383 (35.160641258 mSBet/h)
 average -0.055022100,0.055787447 (0.382673522 mSBet/h)

672 itertime 0.000 total 0.008
 current -0.035659802,0.101038373 (32.689285426 mSBet/h)

673 itertime 0.000 total 0.008
 current -0.036506929,0.096586270 (30.039670345 mSBet/h)

674 itertime 0.000 total 0.008
 current -0.038277920,0.088171006 (24.946543122 mSBet/h)

675 itertime 0.000 total 0.008
 current -0.041545894,0.077296514 (17.875310080 mSBet/h)

676 itertime 0.000 total 0.008
 current -0.035764162,0.075179403 (19.707620907 mSBet/h)
 average -0.055070592,0.055831678 (0.380542967 mSBet/h)

677 itertime 0.000 total 0.008
 current -0.032113167,0.079995850 (23.941341346 mSBet/h)

678 itertime 0.000 total 0.008
 current -0.031647583,0.084375899 (26.364158033 mSBet/h)

679 itertime 0.000 total 0.008
 current -0.032167832,0.087099394 (27.465781154 mSBet/h)

680 itertime 0.000 total 0.008
 current -0.023316559,0.087073542 (31.878491569 mSBet/h)

681 itertime 0.000 total 0.008
 current -0.008348241,0.082824760 (37.238259669 mSBet/h)
 average -0.055309831,0.056031171 (0.360670260 mSBet/h)

682 itertime 0.000 total 0.008
 current 0.001481988,0.074081832 (37.781910145 mSBet/h)

683 itertime 0.000 total 0.008
 current 0.010169622,0.066250869 (38.210245335 mSBet/h)

684 itertime 0.000 total 0.008
 current 0.009215537,0.064572539 (36.894038180 mSBet/h)

685 itertime 0.000 total 0.008
 current 0.004490346,0.076628352 (40.559349124 mSBet/h)

686 itertime 0.000 total 0.008
 current -0.006264097,0.094265233 (44.000567846 mSBet/h)
 average -0.055240016,0.056011714 (0.385849131 mSBet/h)

687 itertime 0.000 total 0.008
 current -0.020300752,0.105890603 (42.794925603 mSBet/h)

688 itertime 0.000 total 0.008
 current -0.037106136,0.114695341 (38.794602258 mSBet/h)

689 itertime 0.000 total 0.008
 current -0.051782531,0.119823839 (34.020653872 mSBet/h)

690 itertime 0.000 total 0.008
 current -0.048891477,0.119823839 (35.466181029 mSBet/h)

691 itertime 0.000 total 0.008
 current -0.043016914,0.116277740 (36.630412873 mSBet/h)
 average -0.055205292,0.055619413 (0.207060256 mSBet/h)

692 itertime 0.000 total 0.008
 current -0.037238931,0.110215054 (36.488061552 mSBet/h)

693 itertime 0.000 total 0.008
 current -0.033004420,0.098664776 (32.830178154 mSBet/h)

694 itertime 0.000 total 0.008
 current -0.029648908,0.086716202 (28.533646791 mSBet/h)

695 itertime 0.000 total 0.008
 current -0.027769332,0.074125523 (23.178095394 mSBet/h)

696 itertime 0.000 total 0.008
 current -0.028053106,0.075590498 (23.768695635 mSBet/h)
 average -0.055378835,0.055923598 (0.272381258 mSBet/h)

697 itertime 0.000 total 0.008
 current -0.030092593,0.077568571 (23.737989288 mSBet/h)

698 itertime 0.000 total 0.008
 current -0.030092593,0.077955214 (23.931310751 mSBet/h)

699 itertime 0.000 total 0.008
 current -0.030092593,0.082508961 (26.208183990 mSBet/h)

700 itertime 0.000 total 0.008
 current -0.015273451,0.085197133 (34.961840798 mSBet/h)

701 itertime 0.000 total 0.008
 current -0.001388889,0.083218949 (40.915030092 mSBet/h)
 average -0.055159296,0.055930351 (0.385527289 mSBet/h)

702 itertime 0.000 total 0.008
 current 0.006845905,0.079610656 (43.228280321 mSBet/h)

703 itertime 0.000 total 0.008
 current 0.005896065,0.073933125 (39.914594941 mSBet/h)

704 itertime 0.000 total 0.008
 current -0.003988331,0.077338107 (36.674887810 mSBet/h)

705 itertime 0.000 total 0.008
 current -0.018696581,0.090723631 (36.013524695 mSBet/h)

706 itertime 0.000 total 0.008
 current -0.026401520,0.102844126 (38.221302639 mSBet/h)
 average -0.054975922,0.055896377 (0.460227250 mSBet/h)

707 itertime 0.000 total 0.008
 current -0.032199379,0.108339273 (38.069946768 mSBet/h)

708 itertime 0.000 total 0.008
 current -0.031831832,0.109583407 (38.875787474 mSBet/h)

709 itertime 0.000 total 0.009
 current -0.021694862,0.104639829 (41.472483250 mSBet/h)

710 itertime 0.000 total 0.009
 current -0.013386073,0.096541770 (41.577848322 mSBet/h)

711 itertime 0.000 total 0.009
 current -0.009084416,0.083980267 (37.447925585 mSBet/h)
 average -0.055470120,0.055941043 (0.235461047 mSBet/h)

712 itertime 0.000 total 0.009
 current -0.007622428,0.066861169 (29.619370865 mSBet/h)

713 itertime 0.000 total 0.009
 current -0.009569378,0.065362160 (27.896391100 mSBet/h)

714 itertime 0.000 total 0.009
 current -0.015455305,0.080457680 (32.501187610 mSBet/h)

715 itertime 0.000 total 0.009
 current -0.025467060,0.095967202 (35.250071081 mSBet/h)

716 itertime 0.000 total 0.009
 current -0.035366701,0.107804233 (36.218765690 mSBet/h)
 average -0.055093212,0.055820105 (0.363446649 mSBet/h)

717 itertime 0.000 total 0.009
 current -0.045541748,0.114357864 (34.408057969 mSBet/h)

718 itertime 0.000 total 0.009
 current -0.037037037,0.117003367 (39.983164983 mSBet/h)

719 itertime 0.000 total 0.009
 current -0.013194353,0.113344830 (50.075238801 mSBet/h)

720 itertime 0.000 total 0.009
 current 0.004807692,0.104665409 (54.736550889 mSBet/h)

721 itertime 0.000 total 0.009
 current 0.014529628,0.092357773 (53.443700925 mSBet/h)
 average -0.055333507,0.055969358 (0.317925627 mSBet/h)

722 itertime 0.000 total 0.009
 current 0.014510889,0.087339744 (50.925316122 mSBet/h)

723 itertime 0.000 total 0.009
 current 0.008414873,0.091229839 (49.822355754 mSBet/h)

724 itertime 0.000 total 0.009
 current -0.000917509,0.094736842 (46.909666305 mSBet/h)

725 itertime 0.000 total 0.009
 current -0.016693896,0.095486111 (39.396107376 mSBet/h)

726 itertime 0.000 total 0.009
 current -0.027397260,0.099680427 (36.141583455 mSBet/h)
 average -0.055136759,0.055913408 (0.388324283 mSBet/h)

727 itertime 0.000 total 0.009
 current -0.029680365,0.105158157 (37.738895886 mSBet/h)

728 itertime 0.000 total 0.009
 current -0.031963470,0.104325898 (36.181213649 mSBet/h)

729 itertime 0.000 total 0.009
 current -0.030747126,0.100470065 (34.861469364 mSBet/h)

730 itertime 0.000 total 0.009
 current -0.029733397,0.093909521 (32.088061951 mSBet/h)

731 itertime 0.000 total 0.009
 current -0.030611430,0.083385963 (26.387266150 mSBet/h)
 average -0.055115678,0.055809367 (0.346844561 mSBet/h)

732 itertime 0.000 total 0.009
 current -0.033678965,0.070226070 (18.273552756 mSBet/h)

733 itertime 0.000 total 0.009
 current -0.038647343,0.078703704 (20.028180354 mSBet/h)

734 itertime 0.000 total 0.009
 current -0.038429407,0.086125808 (23.848200749 mSBet/h)

735 itertime 0.000 total 0.009
 current -0.039695677,0.091982092 (26.143207448 mSBet/h)

736 itertime 0.000 total 0.009
 current -0.041976759,0.095351568 (26.687404264 mSBet/h)
 average -0.055098727,0.055839795 (0.370534156 mSBet/h)

737 itertime 0.000 total 0.009
 current -0.026989276,0.094039232 (33.524977779 mSBet/h)

738 itertime 0.000 total 0.009
 current -0.007247899,0.088565852 (40.658976593 mSBet/h)

739 itertime 0.000 total 0.009
 current 0.009477124,0.080648791 (45.062957668 mSBet/h)

740 itertime 0.000 total 0.009
 current 0.019173932,0.069767442 (44.470687090 mSBet/h)

741 itertime 0.000 total 0.009
 current 0.019173932,0.058957795 (39.065863661 mSBet/h)
 average -0.055460222,0.056142602 (0.341189967 mSBet/h)

742 itertime 0.000 total 0.009
 current 0.015291191,0.068970257 (42.130723926 mSBet/h)

743 itertime 0.000 total 0.009
 current 0.002029915,0.085471110 (43.750512288 mSBet/h)

744 itertime 0.000 total 0.009
 current -0.010751942,0.098935087 (44.091572510 mSBet/h)

745 itertime 0.000 total 0.009
 current -0.024329915,0.107209302 (41.439693437 mSBet/h)

746 itertime 0.000 total 0.009
 current -0.038765042,0.113126615 (37.180786286 mSBet/h)
 average -0.055178676,0.055872956 (0.347139975 mSBet/h)

747 itertime 0.000 total 0.009
 current -0.042452225,0.115710594 (36.629184550 mSBet/h)

748 itertime 0.000 total 0.009
 current -0.041747472,0.116005011 (37.128769883 mSBet/h)

749 itertime 0.000 total 0.009
 current -0.041995074,0.110267363 (34.136144434 mSBet/h)

750 itertime 0.000 total 0.009
 current -0.040128508,0.104411412 (32.141451959 mSBet/h)

751 itertime 0.000 total 0.009
 current -0.036756149,0.095838433 (29.541141930 mSBet/h)
 average -0.055312738,0.055696424 (0.191843057 mSBet/h)

752 itertime 0.000 total 0.009
 current -0.034835535,0.086896724 (26.030594673 mSBet/h)

753 itertime 0.000 total 0.009
 current -0.033764368,0.084101586 (25.168609112 mSBet/h)

754 itertime 0.000 total 0.009
 current -0.033333333,0.086394752 (26.530709352 mSBet/h)

755 itertime 0.000 total 0.009
 current -0.034246575,0.088912155 (27.332789630 mSBet/h)

756 itertime 0.000 total 0.009
 current -0.031963470,0.090167549 (29.102039091 mSBet/h)
 average -0.055329236,0.055855519 (0.263141456 mSBet/h)

757 itertime 0.000 total 0.009
 current -0.029680365,0.088668844 (29.494239328 mSBet/h)

758 itertime 0.000 total 0.009
 current -0.020671356,0.083458517 (31.393580252 mSBet/h)

759 itertime 0.000 total 0.009
 current -0.005215533,0.076797999 (35.791232628 mSBet/h)

760 itertime 0.000 total 0.009
 current 0.003862075,0.075732601 (39.797337792 mSBet/h)

761 itertime 0.000 total 0.009
 current 0.009778582,0.072618729 (41.198655643 mSBet/h)
 average -0.055197293,0.056057669 (0.430188096 mSBet/h)

762 itertime 0.000 total 0.009
 current 0.006094123,0.068026620 (37.060371560 mSBet/h)

763 itertime 0.000 total 0.009
 current -0.001168224,0.076889822 (37.860798918 mSBet/h)

764 itertime 0.000 total 0.009
 current -0.015378140,0.090395813 (37.508836403 mSBet/h)

765 itertime 0.000 total 0.009
 current -0.032778489,0.100411910 (33.816710559 mSBet/h)

766 itertime 0.000 total 0.009
 current -0.042774823,0.106479162 (31.852169500 mSBet/h)
 average -0.055053399,0.055804471 (0.375535583 mSBet/h)

767 itertime 0.000 total 0.009
 current -0.042982456,0.108984889 (33.001216466 mSBet/h)

768 itertime 0.000 total 0.009
 current -0.033333333,0.107672553 (37.169609891 mSBet/h)

769 itertime 0.000 total 0.009
 current -0.023580122,0.100824187 (38.622032523 mSBet/h)

770 itertime 0.000 total 0.009
 current -0.016999050,0.089655602 (36.328275870 mSBet/h)

771 itertime 0.000 total 0.009
 current -0.013713484,0.077824790 (32.055653298 mSBet/h)
 average -0.055388633,0.055846033 (0.228700026 mSBet/h)

772 itertime 0.000 total 0.009
 current -0.011824433,0.063016716 (25.596141598 mSBet/h)

773 itertime 0.000 total 0.009
 current -0.013248934,0.061805556 (24.278310627 mSBet/h)

774 itertime 0.000 total 0.009
 current -0.017434380,0.077088694 (29.827156857 mSBet/h)

775 itertime 0.000 total 0.009
 current -0.025550188,0.088745064 (31.597437878 mSBet/h)

776 itertime 0.000 total 0.009
 current -0.035439877,0.098808037 (31.684080150 mSBet/h)
 average -0.055184292,0.055836327 (0.326017522 mSBet/h)

777 itertime 0.000 total 0.009
 current -0.035821343,0.103589272 (33.883964661 mSBet/h)

778 itertime 0.000 total 0.009
 current -0.029486934,0.104483453 (37.498259426 mSBet/h)

779 itertime 0.000 total 0.009
 current -0.021139411,0.102574427 (40.717507919 mSBet/h)

780 itertime 0.000 total 0.009
 current -0.009259259,0.095714541 (43.227641114 mSBet/h)

781 itertime 0.000 total 0.009
 current 0.000343753,0.088871956 (44.607854439 mSBet/h)
 average -0.055304279,0.055850882 (0.273301438 mSBet/h)

782 itertime 0.000 total 0.009
 current 0.000570776,0.086379334 (43.475055209 mSBet/h)

783 itertime 0.000 total 0.009
 current -0.003775822,0.092472333 (44.348255228 mSBet/h)

784 itertime 0.000 total 0.009
 current -0.012624870,0.095773743 (41.574436400 mSBet/h)

785 itertime 0.000 total 0.009
 current -0.021080409,0.097643098 (38.281344539 mSBet/h)

786 itertime 0.000 total 0.009
 current -0.032879819,0.094791667 (30.955924036 mSBet/h)
 average -0.055389349,0.055896759 (0.253705248 mSBet/h)

787 itertime 0.000 total 0.009
 current -0.032879819,0.094602273 (30.861227067 mSBet/h)

788 itertime 0.000 total 0.009
 current -0.034246575,0.094849537 (30.301480847 mSBet/h)

789 itertime 0.000 total 0.009
 current -0.032970723,0.091073194 (29.051235619 mSBet/h)

790 itertime 0.000 total 0.009
 current -0.031906393,0.084632035 (26.362820969 mSBet/h)

791 itertime 0.000 total 0.009
 current -0.032375479,0.077089538 (22.357029400 mSBet/h)
 average -0.055265439,0.055759409 (0.246984968 mSBet/h)

792 itertime 0.000 total 0.009
 current -0.034259259,0.066748067 (16.244403744 mSBet/h)

793 itertime 0.000 total 0.009
 current -0.037558275,0.074585137 (18.513431013 mSBet/h)

794 itertime 0.000 total 0.009
 current -0.043101748,0.081559290 (19.228771321 mSBet/h)

795 itertime 0.000 total 0.010
 current -0.046600152,0.087011227 (20.205537497 mSBet/h)

796 itertime 0.000 total 0.010
 current -0.048727422,0.090873016 (21.072796935 mSBet/h)
 average -0.055163055,0.055763743 (0.300343730 mSBet/h)

797 itertime 0.000 total 0.010
 current -0.032815853,0.090091864 (28.638005468 mSBet/h)

798 itertime 0.000 total 0.010
 current -0.016422576,0.084917739 (34.247581358 mSBet/h)

799 itertime 0.000 total 0.010
 current -0.004022237,0.078153466 (37.065614677 mSBet/h)

800 itertime 0.000 total 0.010
 current 0.004886318,0.070143620 (37.514968998 mSBet/h)

801 itertime 0.000 total 0.010
 current 0.009326845,0.062378752 (35.852798331 mSBet/h)
 average -0.055427326,0.056029363 (0.301018677 mSBet/h)

802 itertime 0.000 total 0.010
 current 0.006644630,0.066064612 (36.354621045 mSBet/h)

803 itertime 0.000 total 0.010
 current -0.001403743,0.075415868 (37.006062506 mSBet/h)

804 itertime 0.000 total 0.010
 current -0.012605042,0.085641026 (36.517991812 mSBet/h)

805 itertime 0.000 total 0.010
 current -0.022281982,0.095193107 (36.455562384 mSBet/h)

806 itertime 0.000 total 0.010
 current -0.033858071,0.101037966 (33.589947714 mSBet/h)
 average -0.055309697,0.055855736 (0.273019475 mSBet/h)

807 itertime 0.000 total 0.010
 current -0.038013657,0.103582496 (32.784419392 mSBet/h)

808 itertime 0.000 total 0.010
 current -0.038375350,0.106127025 (33.875837388 mSBet/h)

809 itertime 0.000 total 0.010
 current -0.038741135,0.105371224 (33.315044697 mSBet/h)

810 itertime 0.000 total 0.010
 current -0.040488108,0.101025641 (30.268766658 mSBet/h)

811 itertime 0.000 total 0.010
 current -0.041852087,0.095234395 (26.691153964 mSBet/h)
 average -0.055296826,0.055640361 (0.171767786 mSBet/h)

812 itertime 0.000 total 0.010
 current -0.039124165,0.086730108 (23.802971615 mSBet/h)

813 itertime 0.000 total 0.010
 current -0.037224421,0.083715700 (23.245639464 mSBet/h)

814 itertime 0.000 total 0.010
 current -0.036716820,0.088137433 (25.710306246 mSBet/h)

815 itertime 0.000 total 0.010
 current -0.037058901,0.090398254 (26.669676766 mSBet/h)

816 itertime 0.000 total 0.010
 current -0.036036036,0.092641844 (28.302903968 mSBet/h)
 average -0.055305401,0.055840210 (0.267404111 mSBet/h)

817 itertime 0.000 total 0.010
 current -0.032438479,0.093469214 (30.515367764 mSBet/h)

818 itertime 0.000 total 0.010
 current -0.023017434,0.087732529 (32.357547337 mSBet/h)

819 itertime 0.000 total 0.010
 current -0.008271518,0.078581164 (35.154823204 mSBet/h)

820 itertime 0.000 total 0.010
 current 0.002536753,0.071474359 (37.005555965 mSBet/h)

821 itertime 0.000 total 0.010
 current 0.008102062,0.069230769 (38.666415512 mSBet/h)
 average -0.055316741,0.056083997 (0.383627813 mSBet/h)

822 itertime 0.000 total 0.010
 current 0.009263779,0.066433275 (37.848526856 mSBet/h)

823 itertime 0.000 total 0.010
 current 0.002252252,0.073895677 (38.073964472 mSBet/h)

824 itertime 0.000 total 0.010
 current -0.010054698,0.087461483 (38.703392553 mSBet/h)

825 itertime 0.000 total 0.010
 current -0.026823010,0.098161139 (35.669064775 mSBet/h)

826 itertime 0.000 total 0.010
 current -0.043300268,0.106604629 (31.652180646 mSBet/h)
 average -0.055141198,0.055754973 (0.306887429 mSBet/h)

827 itertime 0.000 total 0.010
 current -0.049249951,0.109028871 (29.889460048 mSBet/h)

828 itertime 0.000 total 0.010
 current -0.037678008,0.109028871 (35.675431562 mSBet/h)

829 itertime 0.000 total 0.010
 current -0.028309693,0.101958960 (36.824633502 mSBet/h)

830 itertime 0.000 total 0.010
 current -0.020215233,0.090659014 (35.221890416 mSBet/h)

831 itertime 0.000 total 0.010
 current -0.014632491,0.079270359 (32.318933955 mSBet/h)
 average -0.055402242,0.055774257 (0.186007600 mSBet/h)

832 itertime 0.000 total 0.010
 current -0.012798858,0.064490684 (25.845913110 mSBet/h)

833 itertime 0.000 total 0.010
 current -0.014176268,0.060559691 (23.191711441 mSBet/h)

834 itertime 0.000 total 0.010
 current -0.018236715,0.073680788 (27.722036418 mSBet/h)

835 itertime 0.000 total 0.010
 current -0.026106846,0.085381054 (29.637104258 mSBet/h)

836 itertime 0.000 total 0.010
 current -0.033979015,0.095583645 (30.802315054 mSBet/h)
 average -0.055219981,0.055819377 (0.299698075 mSBet/h)

837 itertime 0.000 total 0.010
 current -0.034990570,0.100659568 (32.834499068 mSBet/h)

838 itertime 0.000 total 0.010
 current -0.032085346,0.101621507 (34.768080362 mSBet/h)

839 itertime 0.000 total 0.010
 current -0.024154443,0.101085771 (38.465663786 mSBet/h)

840 itertime 0.000 total 0.010
 current -0.016851673,0.095606019 (39.377173087 mSBet/h)

841 itertime 0.000 total 0.010
 current -0.008348348,0.088616344 (40.133997813 mSBet/h)
 average -0.055283700,0.055828362 (0.272331251 mSBet/h)

842 itertime 0.000 total 0.010
 current -0.004713323,0.084592616 (39.939646539 mSBet/h)

843 itertime 0.000 total 0.010
 current -0.004464286,0.090483461 (43.009587423 mSBet/h)

844 itertime 0.000 total 0.010
 current -0.011810572,0.096043506 (42.116467140 mSBet/h)

845 itertime 0.000 total 0.010
 current -0.020143115,0.099051360 (39.454122624 mSBet/h)

846 itertime 0.000 total 0.010
 current -0.033219605,0.098747309 (32.763851709 mSBet/h)
 average -0.055412831,0.055897059 (0.242113848 mSBet/h)

847 itertime 0.000 total 0.010
 current -0.034632035,0.094871795 (30.119880120 mSBet/h)

848 itertime 0.000 total 0.010
 current -0.034632035,0.091431696 (28.399830549 mSBet/h)

849 itertime 0.000 total 0.010
 current -0.034367299,0.087877859 (26.755280323 mSBet/h)

850 itertime 0.000 total 0.010
 current -0.033290823,0.084245548 (25.477362559 mSBet/h)

851 itertime 0.000 total 0.010
 current -0.033025134,0.077257054 (22.115959963 mSBet/h)
 average -0.055356087,0.055826973 (0.235442883 mSBet/h)

852 itertime 0.000 total 0.010
 current -0.033338604,0.069926258 (18.293826721 mSBet/h)

853 itertime 0.000 total 0.010
 current -0.035203783,0.066971017 (15.883616755 mSBet/h)

854 itertime 0.000 total 0.010
 current -0.039150129,0.074615673 (17.732771809 mSBet/h)

855 itertime 0.000 total 0.010
 current -0.044533231,0.080479757 (17.973263139 mSBet/h)

856 itertime 0.000 total 0.010
 current -0.050000000,0.083880679 (16.940339354 mSBet/h)
 average -0.055204221,0.055626913 (0.211345907 mSBet/h)

857 itertime 0.000 total 0.010
 current -0.050885375,0.085640458 (17.377541270 mSBet/h)

858 itertime 0.000 total 0.010
 current -0.040307549,0.085640458 (22.666454403 mSBet/h)

859 itertime 0.000 total 0.010
 current -0.023570832,0.083099526 (29.764347255 mSBet/h)

860 itertime 0.000 total 0.010
 current -0.011550454,0.078386269 (33.417907809 mSBet/h)

861 itertime 0.000 total 0.010
 current -0.002900160,0.072249800 (34.674819931 mSBet/h)
 average -0.055358389,0.055920527 (0.281068750 mSBet/h)

862 itertime 0.000 total 0.010
 current 0.001358412,0.064663628 (33.011019638 mSBet/h)

863 itertime 0.000 total 0.010
 current 0.002188552,0.060437758 (31.313154984 mSBet/h)

864 itertime 0.000 total 0.010
 current -0.001251251,0.070205101 (34.476924984 mSBet/h)

865 itertime 0.000 total 0.010
 current -0.009093915,0.076999401 (33.952742912 mSBet/h)

866 itertime 0.000 total 0.010
 current -0.019493177,0.086601675 (33.554248701 mSBet/h)
 average -0.055408467,0.055870655 (0.231093943 mSBet/h)

867 itertime 0.000 total 0.010
 current -0.028490028,0.094587233 (33.048602355 mSBet/h)

868 itertime 0.000 total 0.010
 current -0.038230465,0.099357323 (30.563429363 mSBet/h)

869 itertime 0.000 total 0.010
 current -0.036168189,0.101981995 (32.906903252 mSBet/h)

870 itertime 0.000 total 0.010
 current -0.036412361,0.102461249 (33.024443930 mSBet/h)

871 itertime 0.000 total 0.010
 current -0.038029833,0.099725034 (30.847600629 mSBet/h)
 average -0.055337506,0.055614905 (0.138699257 mSBet/h)

872 itertime 0.000 total 0.010
 current -0.039631873,0.096885726 (28.626926497 mSBet/h)

873 itertime 0.000 total 0.010
 current -0.041826889,0.088904328 (23.538719647 mSBet/h)

874 itertime 0.000 total 0.010
 current -0.039294750,0.084651294 (22.678271715 mSBet/h)

875 itertime 0.000 total 0.010
 current -0.037774054,0.091874622 (27.050284020 mSBet/h)

876 itertime 0.000 total 0.010
 current -0.038185156,0.093749667 (27.782255268 mSBet/h)
 average -0.055278764,0.055770573 (0.245904556 mSBet/h)

877 itertime 0.000 total 0.010
 current -0.036324786,0.094043139 (28.859176274 mSBet/h)

878 itertime 0.000 total 0.010
 current -0.032908705,0.094463487 (30.777391059 mSBet/h)

879 itertime 0.000 total 0.011
 current -0.029408152,0.087883245 (29.237546600 mSBet/h)

880 itertime 0.000 total 0.011
 current -0.017035865,0.079865352 (31.414743636 mSBet/h)

881 itertime 0.000 total 0.011
 current -0.006936995,0.070400600 (31.731802353 mSBet/h)
 average -0.055358441,0.056104780 (0.373169983 mSBet/h)

882 itertime 0.000 total 0.011
 current -0.000871033,0.069204780 (34.166873768 mSBet/h)

883 itertime 0.000 total 0.011
 current 0.000137272,0.068911308 (34.524290045 mSBet/h)

884 itertime 0.000 total 0.011
 current -0.003278809,0.066515495 (31.618342887 mSBet/h)

885 itertime 0.000 total 0.011
 current -0.012020954,0.080848485 (34.413765446 mSBet/h)

886 itertime 0.000 total 0.011
 current -0.025020178,0.091811281 (33.395551783 mSBet/h)
 average -0.055225583,0.055860618 (0.317517452 mSBet/h)

887 itertime 0.000 total 0.011
 current -0.040876906,0.100481411 (29.802252442 mSBet/h)

888 itertime 0.000 total 0.011
 current -0.048583216,0.102861004 (27.138894048 mSBet/h)

889 itertime 0.000 total 0.011
 current -0.040638306,0.102861004 (31.111349133 mSBet/h)

890 itertime 0.000 total 0.011
 current -0.032123961,0.101516918 (34.696478550 mSBet/h)

891 itertime 0.000 total 0.011
 current -0.024364196,0.093272331 (34.454067650 mSBet/h)
 average -0.055358224,0.055739020 (0.190397896 mSBet/h)

892 itertime 0.000 total 0.011
 current -0.019028871,0.081714600 (31.342864320 mSBet/h)

893 itertime 0.000 total 0.011
 current -0.016480915,0.069523810 (26.521447303 mSBet/h)

894 itertime 0.000 total 0.011
 current -0.014708040,0.058561809 (21.926884328 mSBet/h)

895 itertime 0.000 total 0.011
 current -0.017782998,0.066887743 (24.552372338 mSBet/h)

896 itertime 0.000 total 0.011
 current -0.023968358,0.081454798 (28.743220021 mSBet/h)
 average -0.055295538,0.055767256 (0.235858740 mSBet/h)

897 itertime 0.000 total 0.011
 current -0.030131363,0.092023824 (30.946230775 mSBet/h)

898 itertime 0.000 total 0.011
 current -0.039238095,0.101700718 (31.231311512 mSBet/h)

899 itertime 0.000 total 0.011
 current -0.040394265,0.107422564 (33.514149387 mSBet/h)

900 itertime 0.000 total 0.011
 current -0.035698878,0.108572805 (36.436963411 mSBet/h)

901 itertime 0.000 total 0.011
 current -0.020616883,0.105715146 (42.549131217 mSBet/h)
 average -0.055238728,0.055822634 (0.291953057 mSBet/h)

902 itertime 0.000 total 0.011
 current -0.007671456,0.099532201 (45.930372826 mSBet/h)

903 itertime 0.000 total 0.011
 current 0.001086484,0.089634682 (45.360583215 mSBet/h)

904 itertime 0.000 total 0.011
 current 0.001382719,0.086279656 (43.831187456 mSBet/h)

905 itertime 0.000 total 0.011
 current -0.003742038,0.091636382 (43.947171887 mSBet/h)

906 itertime 0.000 total 0.011
 current -0.011659880,0.091851019 (40.095569525 mSBet/h)
 average -0.055495343,0.056045191 (0.274924084 mSBet/h)

907 itertime 0.000 total 0.011
 current -0.021376960,0.089776278 (34.199658742 mSBet/h)

908 itertime 0.000 total 0.011
 current -0.032051282,0.095637102 (31.792909957 mSBet/h)

909 itertime 0.000 total 0.011
 current -0.034188034,0.100435687 (33.123826369 mSBet/h)

910 itertime 0.000 total 0.011
 current -0.036324786,0.099363690 (31.519452049 mSBet/h)

911 itertime 0.000 total 0.011
 current -0.035277089,0.096078675 (30.400793223 mSBet/h)
 average -0.055327371,0.055764934 (0.218781695 mSBet/h)

912 itertime 0.000 total 0.011
 current -0.035003800,0.089552554 (27.274376775 mSBet/h)

913 itertime 0.000 total 0.011
 current -0.035506993,0.082715167 (23.604086936 mSBet/h)

914 itertime 0.000 total 0.011
 current -0.037305812,0.072857608 (17.775898050 mSBet/h)

915 itertime 0.000 total 0.011
 current -0.040400721,0.072636649 (16.117963757 mSBet/h)

916 itertime 0.000 total 0.011
 current -0.040940171,0.077327843 (18.193835829 mSBet/h)
 average -0.055221905,0.055640148 (0.209121554 mSBet/h)

917 itertime 0.000 total 0.011
 current -0.040545931,0.082223001 (20.838535368 mSBet/h)

918 itertime 0.000 total 0.011
 current -0.040983897,0.084666667 (21.841384692 mSBet/h)

919 itertime 0.000 total 0.011
 current -0.043099099,0.085018727 (20.959813746 mSBet/h)

920 itertime 0.000 total 0.011
 current -0.033820032,0.083685393 (24.932680590 mSBet/h)

921 itertime 0.000 total 0.011
 current -0.021774407,0.080666667 (29.446130043 mSBet/h)
 average -0.055283572,0.055876337 (0.296382885 mSBet/h)

922 itertime 0.000 total 0.011
 current -0.007578414,0.076072464 (34.247024793 mSBet/h)

923 itertime 0.000 total 0.011
 current 0.003160920,0.070105263 (36.633091349 mSBet/h)

924 itertime 0.000 total 0.011
 current 0.006496752,0.062721088 (34.608920030 mSBet/h)

925 itertime 0.000 total 0.011
 current 0.006496752,0.056080129 (31.288440284 mSBet/h)

926 itertime 0.000 total 0.011
 current 0.003160920,0.068666667 (35.913793103 mSBet/h)
 average -0.055510583,0.055949844 (0.219630488 mSBet/h)

927 itertime 0.000 total 0.011
 current -0.007578414,0.081457944 (36.939764871 mSBet/h)

928 itertime 0.000 total 0.011
 current -0.017959770,0.091584098 (36.812163872 mSBet/h)

929 itertime 0.000 total 0.011
 current -0.029494747,0.099393939 (34.949596196 mSBet/h)

930 itertime 0.000 total 0.011
 current -0.040172336,0.104108108 (31.967886254 mSBet/h)

931 itertime 0.000 total 0.011
 current -0.040718125,0.106774775 (33.028325127 mSBet/h)
 average -0.055289012,0.055725515 (0.218251407 mSBet/h)

932 itertime 0.000 total 0.011
 current -0.041103604,0.107393939 (33.145167895 mSBet/h)

933 itertime 0.000 total 0.011
 current -0.041491077,0.107030303 (32.769612781 mSBet/h)

934 itertime 0.000 total 0.011
 current -0.043162393,0.101859327 (29.348467027 mSBet/h)

935 itertime 0.000 total 0.011
 current -0.040040754,0.094342679 (27.150962590 mSBet/h)

936 itertime 0.000 total 0.011
 current -0.038225371,0.086539683 (24.157155710 mSBet/h)
 average -0.055287488,0.055687582 (0.200047338 mSBet/h)

937 itertime 0.000 total 0.011
 current -0.036433719,0.083774625 (23.670452863 mSBet/h)

938 itertime 0.000 total 0.011
 current -0.035947386,0.088470384 (26.261498967 mSBet/h)

939 itertime 0.000 total 0.011
 current -0.036259065,0.090187489 (26.964212079 mSBet/h)

940 itertime 0.000 total 0.011
 current -0.034188034,0.090630147 (28.221056304 mSBet/h)

941 itertime 0.000 total 0.011
 current -0.032051282,0.089484885 (28.716801438 mSBet/h)
 average -0.055373456,0.055934913 (0.280728310 mSBet/h)

942 itertime 0.000 total 0.011
 current -0.028118896,0.082476456 (27.178779928 mSBet/h)

943 itertime 0.000 total 0.011
 current -0.017344702,0.074108659 (28.381978163 mSBet/h)

944 itertime 0.000 total 0.011
 current -0.008827238,0.074204749 (32.688755384 mSBet/h)

945 itertime 0.000 total 0.011
 current -0.003885004,0.073405785 (34.760390597 mSBet/h)

946 itertime 0.000 total 0.011
 current -0.003199147,0.072759563 (34.780207974 mSBet/h)
 average -0.055314462,0.056010998 (0.348267925 mSBet/h)

947 itertime 0.000 total 0.011
 current -0.007500222,0.070626047 (31.562912199 mSBet/h)

948 itertime 0.000 total 0.011
 current -0.016198283,0.080840169 (32.320943054 mSBet/h)

949 itertime 0.000 total 0.011
 current -0.028986662,0.091424700 (31.219018773 mSBet/h)

950 itertime 0.000 total 0.011
 current -0.035507014,0.096965281 (30.729133401 mSBet/h)

951 itertime 0.000 total 0.011
 current -0.037587444,0.099287035 (30.849795649 mSBet/h)
 average -0.055304732,0.055785254 (0.240261062 mSBet/h)

952 itertime 0.000 total 0.011
 current -0.035334618,0.100176905 (32.421143483 mSBet/h)

953 itertime 0.000 total 0.011
 current -0.027508613,0.095601214 (34.046300449 mSBet/h)

954 itertime 0.000 total 0.011
 current -0.021328671,0.086954190 (32.812759479 mSBet/h)

955 itertime 0.000 total 0.012
 current -0.018273745,0.076944956 (29.335605368 mSBet/h)

956 itertime 0.000 total 0.012
 current -0.016991694,0.066948285 (24.978295469 mSBet/h)
 average -0.055448530,0.055783110 (0.167289782 mSBet/h)

957 itertime 0.000 total 0.012
 current -0.018764569,0.064923077 (23.079254079 mSBet/h)

958 itertime 0.000 total 0.012
 current -0.023632644,0.074052288 (25.209821655 mSBet/h)

959 itertime 0.000 total 0.012
 current -0.030600687,0.084846535 (27.122923976 mSBet/h)

960 itertime 0.000 total 0.012
 current -0.037415322,0.091931624 (27.258150816 mSBet/h)

961 itertime 0.000 total 0.012
 current -0.044930556,0.099206450 (27.137947457 mSBet/h)
 average -0.055195797,0.055722308 (0.263255531 mSBet/h)

962 itertime 0.000 total 0.012
 current -0.053218677,0.101873117 (24.327220262 mSBet/h)

963 itertime 0.000 total 0.012
 current -0.043261749,0.101873117 (29.305683996 mSBet/h)

964 itertime 0.000 total 0.012
 current -0.030787879,0.100526316 (34.869218501 mSBet/h)

965 itertime 0.000 total 0.012
 current -0.021118280,0.093278159 (36.079939508 mSBet/h)

966 itertime 0.000 total 0.012
 current -0.014819410,0.086218954 (35.699772134 mSBet/h)
 average -0.055342834,0.055963760 (0.310463105 mSBet/h)

967 itertime 0.000 total 0.012
 current -0.011403329,0.078091307 (33.343989264 mSBet/h)

968 itertime 0.000 total 0.012
 current -0.012118896,0.075094340 (31.487721828 mSBet/h)

969 itertime 0.000 total 0.012
 current -0.014912547,0.072112150 (28.599801387 mSBet/h)

970 itertime 0.000 total 0.012
 current -0.021599211,0.072728696 (25.564742625 mSBet/h)

971 itertime 0.000 total 0.012
 current -0.030304538,0.081725666 (25.710563740 mSBet/h)
 average -0.055447836,0.055963586 (0.257874891 mSBet/h)

972 itertime 0.000 total 0.012
 current -0.035031847,0.086252860 (25.610506249 mSBet/h)

973 itertime 0.000 total 0.012
 current -0.038461538,0.090701780 (26.120120591 mSBet/h)

974 itertime 0.000 total 0.012
 current -0.041935484,0.089791531 (23.928023560 mSBet/h)

975 itertime 0.000 total 0.012
 current -0.042929293,0.088838941 (22.954824029 mSBet/h)

976 itertime 0.000 total 0.012
 current -0.044538522,0.084698157 (20.079817363 mSBet/h)
 average -0.055314804,0.055607896 (0.146546369 mSBet/h)

977 itertime 0.000 total 0.012
 current -0.044486216,0.079097678 (17.305731241 mSBet/h)

978 itertime 0.000 total 0.012
 current -0.039281537,0.071082373 (15.900417868 mSBet/h)

979 itertime 0.000 total 0.012
 current -0.036277202,0.071406201 (17.564499760 mSBet/h)

980 itertime 0.000 total 0.012
 current -0.033715534,0.072753646 (19.519056308 mSBet/h)

981 itertime 0.000 total 0.012
 current -0.033525892,0.074209840 (20.341974017 mSBet/h)
 average -0.055325475,0.055726294 (0.200409097 mSBet/h)

982 itertime 0.000 total 0.012
 current -0.034830987,0.074308756 (19.738884551 mSBet/h)

983 itertime 0.000 total 0.012
 current -0.035678855,0.073663230 (18.992187683 mSBet/h)

984 itertime 0.000 total 0.012
 current -0.028666060,0.076157329 (23.745634567 mSBet/h)

985 itertime 0.000 total 0.012
 current -0.023927928,0.077330077 (26.701074701 mSBet/h)

986 itertime 0.000 total 0.012
 current -0.015578109,0.077118437 (30.770164159 mSBet/h)
 average -0.055399560,0.055876517 (0.238478859 mSBet/h)

987 itertime 0.000 total 0.012
 current -0.009271403,0.075686270 (33.207433655 mSBet/h)

988 itertime 0.000 total 0.012
 current -0.007300275,0.074155474 (33.427599337 mSBet/h)

989 itertime 0.000 total 0.012
 current -0.008411387,0.069945112 (30.766862704 mSBet/h)

990 itertime 0.000 total 0.012
 current -0.013362646,0.080335906 (33.486629956 mSBet/h)

991 itertime 0.000 total 0.012
 current -0.021563560,0.087802088 (33.119263898 mSBet/h)
 average -0.055402436,0.055804979 (0.201271711 mSBet/h)

992 itertime 0.000 total 0.012
 current -0.032520971,0.092923280 (30.201154560 mSBet/h)

993 itertime 0.000 total 0.012
 current -0.040960526,0.097953832 (28.496653419 mSBet/h)

994 itertime 0.000 total 0.012
 current -0.048000411,0.099972153 (25.985870953 mSBet/h)

995 itertime 0.000 total 0.012
 current -0.049668874,0.099972153 (25.151639216 mSBet/h)

996 itertime 0.000 total 0.012
 current -0.045995315,0.099972153 (26.988418617 mSBet/h)
 average -0.055418682,0.055668637 (0.124977510 mSBet/h)

997 itertime 0.000 total 0.012
 current -0.041965710,0.094402673 (26.218481811 mSBet/h)

998 itertime 0.000 total 0.012
 current -0.039248448,0.086763122 (23.757337122 mSBet/h)

999 itertime 0.000 total 0.012
 current -0.037256528,0.079034392 (20.888931858 mSBet/h)

1000 itertime 0.000 total 0.012
 current -0.036012747,0.068975469 (16.481361126 mSBet/h)
 average -0.055488303,0.055703005 (0.107350982 mSBet/h)

Dumping values to prefix [/home/user/quant-trade/certification/oracles/cfrplus_runs/kuhn_i1000_rep2]
Dump complete, took 0.000

